Model,Recall,Mean precision,Precision standard deviation
Original eLCS — raw/minimal,0.0,1.0,0.0
Original eLCS — raw/minimal,0.001,0.8613649999999999,0.26059354810073176
Original eLCS — raw/minimal,0.002,0.8557766666666666,0.242039499913792
Original eLCS — raw/minimal,0.003,0.8432200833333333,0.2457960528343739
Original eLCS — raw/minimal,0.004,0.8227747575757576,0.260548507740553
Original eLCS — raw/minimal,0.005,0.8017388141025641,0.28028996823079316
Original eLCS — raw/minimal,0.006,0.7890508118248118,0.301480390915865
Original eLCS — raw/minimal,0.007,0.7827569533658223,0.31446328948865276
Original eLCS — raw/minimal,0.008,0.7753115124148539,0.32874546837221497
Original eLCS — raw/minimal,0.009000000000000001,0.7739382044003935,0.3331277658596809
Original eLCS — raw/minimal,0.01,0.7675979560416822,0.34551482973059355
Original eLCS — raw/minimal,0.011,0.760516538295012,0.3584315594865341
Original eLCS — raw/minimal,0.012,0.7535274772968635,0.37248116471765214
Original eLCS — raw/minimal,0.013000000000000001,0.7555391998867446,0.370723545340642
Original eLCS — raw/minimal,0.014,0.7580774454184768,0.3680191945674499
Original eLCS — raw/minimal,0.015,0.7606656739443197,0.3650940131351253
Original eLCS — raw/minimal,0.016,0.7607938721688721,0.36673733864004526
Original eLCS — raw/minimal,0.017,0.7635015972599953,0.3638104826638483
Original eLCS — raw/minimal,0.018000000000000002,0.7666170908173804,0.36014191656088534
Original eLCS — raw/minimal,0.019,0.7695927358899172,0.3567752984203087
Original eLCS — raw/minimal,0.02,0.7727165455037277,0.3531375776275857
Original eLCS — raw/minimal,0.021,0.7759521172353627,0.34927964580746307
Original eLCS — raw/minimal,0.022,0.7791771083179112,0.3454581677514596
Original eLCS — raw/minimal,0.023,0.7820090405876025,0.3418615536473381
Original eLCS — raw/minimal,0.024,0.7833207819289675,0.34074248003744334
Original eLCS — raw/minimal,0.025,0.7841684228598926,0.34037499930435444
Original eLCS — raw/minimal,0.026000000000000002,0.7703022210286438,0.3332556517735558
Original eLCS — raw/minimal,0.027,0.7500172870146175,0.32657632500653694
Original eLCS — raw/minimal,0.028,0.7418541450720719,0.32693533820355153
Original eLCS — raw/minimal,0.029,0.7382644197587881,0.3261593347367153
Original eLCS — raw/minimal,0.03,0.7337442717086804,0.32593629854334355
Original eLCS — raw/minimal,0.031,0.7305243554292612,0.32590263319138113
Original eLCS — raw/minimal,0.032,0.7297964004075216,0.32427423200119976
Original eLCS — raw/minimal,0.033,0.7255526080080682,0.3212707949609579
Original eLCS — raw/minimal,0.034,0.7141397616731772,0.31645199679658526
Original eLCS — raw/minimal,0.035,0.7036224656368743,0.3150364932618053
Original eLCS — raw/minimal,0.036000000000000004,0.6912821681907869,0.3207306587986014
Original eLCS — raw/minimal,0.037,0.6750853263580432,0.32916454764710734
Original eLCS — raw/minimal,0.038,0.6655140561941375,0.33031897995495757
Original eLCS — raw/minimal,0.039,0.6593282522282025,0.326144274706056
Original eLCS — raw/minimal,0.04,0.6570209788460599,0.3265929453693896
Original eLCS — raw/minimal,0.041,0.6532752042126643,0.3249669513848697
Original eLCS — raw/minimal,0.042,0.6466884764360041,0.32512689041641624
Original eLCS — raw/minimal,0.043000000000000003,0.6441922799209051,0.3253225225405614
Original eLCS — raw/minimal,0.044,0.6399522877481406,0.32487229978264315
Original eLCS — raw/minimal,0.045,0.636522837871901,0.32449463195240286
Original eLCS — raw/minimal,0.046,0.6352655756326084,0.3254677936880579
Original eLCS — raw/minimal,0.047,0.6356664063990063,0.32505109157760553
Original eLCS — raw/minimal,0.048,0.6294342724461826,0.3186197326736265
Original eLCS — raw/minimal,0.049,0.623172441019699,0.31817628208310944
Original eLCS — raw/minimal,0.05,0.6238069588423041,0.3180387642601823
Original eLCS — raw/minimal,0.051000000000000004,0.6242773072731216,0.31743827560932014
Original eLCS — raw/minimal,0.052000000000000005,0.6236649168934907,0.3175395152297114
Original eLCS — raw/minimal,0.053,0.622425089513323,0.3153186103970416
Original eLCS — raw/minimal,0.054,0.6169273633016477,0.3089672368686709
Original eLCS — raw/minimal,0.055,0.6123986897277576,0.3056933370311217
Original eLCS — raw/minimal,0.056,0.6141460450494334,0.3041998004714624
Original eLCS — raw/minimal,0.057,0.6155463624775028,0.3013286085156205
Original eLCS — raw/minimal,0.058,0.6175555611597507,0.29973776772754696
Original eLCS — raw/minimal,0.059000000000000004,0.6189629193564137,0.2976583324564292
Original eLCS — raw/minimal,0.06,0.6190025297394077,0.2941323119250219
Original eLCS — raw/minimal,0.061,0.6184145509482026,0.2902098009690088
Original eLCS — raw/minimal,0.062,0.6166738417274915,0.2870920206465015
Original eLCS — raw/minimal,0.063,0.6157874811226408,0.28597656731431076
Original eLCS — raw/minimal,0.064,0.6130804221173679,0.28844560188264373
Original eLCS — raw/minimal,0.065,0.6087262944374473,0.2856862141836054
Original eLCS — raw/minimal,0.066,0.6073730038378272,0.2839907268474822
Original eLCS — raw/minimal,0.067,0.6064991527245677,0.28168073576512953
Original eLCS — raw/minimal,0.068,0.6063846427163211,0.27984273529357717
Original eLCS — raw/minimal,0.069,0.6082514532757572,0.2790453370612088
Original eLCS — raw/minimal,0.07,0.6100748091920993,0.2782741707886169
Original eLCS — raw/minimal,0.07100000000000001,0.6109541421126734,0.27745186876400696
Original eLCS — raw/minimal,0.07200000000000001,0.6127374756313337,0.27636557457738087
Original eLCS — raw/minimal,0.073,0.6049465195566434,0.27422569050410883
Original eLCS — raw/minimal,0.074,0.604494844689965,0.2733218191273027
Original eLCS — raw/minimal,0.075,0.6036679422463846,0.2720069457673233
Original eLCS — raw/minimal,0.076,0.602220852804775,0.26952930503839073
Original eLCS — raw/minimal,0.077,0.5984158875133723,0.2668443580925011
Original eLCS — raw/minimal,0.078,0.5829165827223204,0.2459720759758164
Original eLCS — raw/minimal,0.079,0.5822215624476736,0.24344906849526554
Original eLCS — raw/minimal,0.08,0.580563464765853,0.24196324719701107
Original eLCS — raw/minimal,0.081,0.5793750248892413,0.24138774144661218
Original eLCS — raw/minimal,0.082,0.5765176363244137,0.2410150118937805
Original eLCS — raw/minimal,0.083,0.5755831955676431,0.2389924127961451
Original eLCS — raw/minimal,0.084,0.5700165239631605,0.23690941344768116
Original eLCS — raw/minimal,0.085,0.5667716500909122,0.2332109940202356
Original eLCS — raw/minimal,0.08600000000000001,0.5627447426799171,0.22913617964367602
Original eLCS — raw/minimal,0.08700000000000001,0.5591471991241183,0.22456349377090065
Original eLCS — raw/minimal,0.088,0.5548682281700656,0.22081133658240207
Original eLCS — raw/minimal,0.089,0.5513030688920644,0.21754047661361423
Original eLCS — raw/minimal,0.09,0.5440388966688452,0.21228002566555856
Original eLCS — raw/minimal,0.091,0.541830722160723,0.2086696168158953
Original eLCS — raw/minimal,0.092,0.5401671355996405,0.2060698231728814
Original eLCS — raw/minimal,0.093,0.5394548509453572,0.20477638010001928
Original eLCS — raw/minimal,0.094,0.5389417716783019,0.2038435055284855
Original eLCS — raw/minimal,0.095,0.5382089280952048,0.20414736454865137
Original eLCS — raw/minimal,0.096,0.5389660514777421,0.20331698224149103
Original eLCS — raw/minimal,0.097,0.5358096800689538,0.1983892222667685
Original eLCS — raw/minimal,0.098,0.5293259661541828,0.1859190303257419
Original eLCS — raw/minimal,0.099,0.5273251244401236,0.18091046804127336
Original eLCS — raw/minimal,0.1,0.5264286477666451,0.1793585373014496
Original eLCS — raw/minimal,0.101,0.5211928799740475,0.16801508638191556
Original eLCS — raw/minimal,0.10200000000000001,0.5104968408091268,0.15047033860032358
Original eLCS — raw/minimal,0.10300000000000001,0.5059164986441894,0.14654908420940665
Original eLCS — raw/minimal,0.10400000000000001,0.5037624367904066,0.14121995990819777
Original eLCS — raw/minimal,0.105,0.5030382124107489,0.13708887373256692
Original eLCS — raw/minimal,0.106,0.5006164154831306,0.1325597782583989
Original eLCS — raw/minimal,0.107,0.5021846384805736,0.1324656945734649
Original eLCS — raw/minimal,0.108,0.5026538687809665,0.13117049441905126
Original eLCS — raw/minimal,0.109,0.5011414834033914,0.12795992456390615
Original eLCS — raw/minimal,0.11,0.4984936901032572,0.1245737688809219
Original eLCS — raw/minimal,0.111,0.4946595015401683,0.12126001286953014
Original eLCS — raw/minimal,0.112,0.4957165751934246,0.12073752155375288
Original eLCS — raw/minimal,0.113,0.4955936496458605,0.1203767067503469
Original eLCS — raw/minimal,0.114,0.49614054235167904,0.11955864897430739
Original eLCS — raw/minimal,0.115,0.49684672790418594,0.11875573599917638
Original eLCS — raw/minimal,0.116,0.49703236255469807,0.11782648958367742
Original eLCS — raw/minimal,0.117,0.4955809709534703,0.11723637091741147
Original eLCS — raw/minimal,0.11800000000000001,0.4935718432034545,0.11726963234328802
Original eLCS — raw/minimal,0.11900000000000001,0.4925743829916292,0.11674474779797622
Original eLCS — raw/minimal,0.12,0.49227047108723243,0.11594809651535774
Original eLCS — raw/minimal,0.121,0.4915257609053817,0.1147619592883558
Original eLCS — raw/minimal,0.122,0.48836192968654035,0.11251019638853993
Original eLCS — raw/minimal,0.123,0.48447363811042504,0.1103766069168266
Original eLCS — raw/minimal,0.124,0.4836096108452684,0.11075881568972887
Original eLCS — raw/minimal,0.125,0.48317972699741396,0.11049872751007027
Original eLCS — raw/minimal,0.126,0.4833403536289894,0.11049340417377655
Original eLCS — raw/minimal,0.127,0.4835067057816899,0.11094981735796587
Original eLCS — raw/minimal,0.128,0.4804782625082408,0.11129898475801955
Original eLCS — raw/minimal,0.129,0.4782469466415494,0.1120103515336806
Original eLCS — raw/minimal,0.13,0.47537945846690066,0.11002685167566717
Original eLCS — raw/minimal,0.131,0.4748685805329197,0.10885591013813296
Original eLCS — raw/minimal,0.132,0.47208318409051725,0.10450476045318735
Original eLCS — raw/minimal,0.133,0.4723542013458085,0.1043812368479037
Original eLCS — raw/minimal,0.134,0.4722996906891671,0.10392588499487397
Original eLCS — raw/minimal,0.135,0.47239471737225297,0.10424973700470273
Original eLCS — raw/minimal,0.136,0.4707641772155001,0.10229782742433009
Original eLCS — raw/minimal,0.137,0.469653471229884,0.1007066084038708
Original eLCS — raw/minimal,0.138,0.4691442034917519,0.10078806651306034
Original eLCS — raw/minimal,0.139,0.4682026165103964,0.09987058689050275
Original eLCS — raw/minimal,0.14,0.46608661615593583,0.09892493641758966
Original eLCS — raw/minimal,0.14100000000000001,0.4631266717754891,0.09910912213558105
Original eLCS — raw/minimal,0.14200000000000002,0.46060270835422773,0.09907851058384555
Original eLCS — raw/minimal,0.14300000000000002,0.46003432516753884,0.09925739296008126
Original eLCS — raw/minimal,0.14400000000000002,0.46015946265008667,0.09942461563738002
Original eLCS — raw/minimal,0.145,0.46085859817267333,0.09954339217933547
Original eLCS — raw/minimal,0.146,0.4610259534263553,0.09972033206681981
Original eLCS — raw/minimal,0.147,0.4604387920331326,0.09885467232811185
Original eLCS — raw/minimal,0.148,0.459832054074732,0.09858763962535219
Original eLCS — raw/minimal,0.149,0.4601067452769277,0.09817600292776398
Original eLCS — raw/minimal,0.15,0.4587011634382418,0.09723626725862651
Original eLCS — raw/minimal,0.151,0.45686460468266904,0.09642257087566301
Original eLCS — raw/minimal,0.152,0.4562073345850128,0.09710218817201603
Original eLCS — raw/minimal,0.153,0.4562499340839766,0.09778385240447668
Original eLCS — raw/minimal,0.154,0.4558660007616012,0.09775446115971348
Original eLCS — raw/minimal,0.155,0.4549881172475246,0.09884772601597555
Original eLCS — raw/minimal,0.156,0.45495150034742526,0.09958279289532579
Original eLCS — raw/minimal,0.157,0.4524371710158759,0.10084530536944498
Original eLCS — raw/minimal,0.158,0.45036715384833703,0.09930794999146007
Original eLCS — raw/minimal,0.159,0.4475313705258583,0.09658579882470456
Original eLCS — raw/minimal,0.16,0.4435161521445011,0.09525969210491644
Original eLCS — raw/minimal,0.161,0.44337522009186314,0.09638150383508386
Original eLCS — raw/minimal,0.162,0.4424155960497555,0.09716306806211922
Original eLCS — raw/minimal,0.163,0.43956635647942643,0.09636496973562533
Original eLCS — raw/minimal,0.164,0.4362534566635575,0.09599529107470565
Original eLCS — raw/minimal,0.165,0.43556523088367405,0.09650303847307146
Original eLCS — raw/minimal,0.166,0.4354683689703102,0.0968468269530892
Original eLCS — raw/minimal,0.167,0.43443076530061636,0.0960560935948285
Original eLCS — raw/minimal,0.168,0.43321632381113695,0.09349499601467219
Original eLCS — raw/minimal,0.169,0.4313946531683143,0.09356640850735454
Original eLCS — raw/minimal,0.17,0.4287775847121324,0.0929584545334704
Original eLCS — raw/minimal,0.171,0.42768213751477024,0.09234421158555152
Original eLCS — raw/minimal,0.17200000000000001,0.4268399447430845,0.0908231820880102
Original eLCS — raw/minimal,0.17300000000000001,0.42534801148551704,0.09032984825065438
Original eLCS — raw/minimal,0.17400000000000002,0.42459427882190043,0.09081667533618748
Original eLCS — raw/minimal,0.17500000000000002,0.42320023543710306,0.08930881077279854
Original eLCS — raw/minimal,0.176,0.4222688416848032,0.0886395210439038
Original eLCS — raw/minimal,0.177,0.4207442849636102,0.08733898296266489
Original eLCS — raw/minimal,0.178,0.420104478826642,0.08656050113074457
Original eLCS — raw/minimal,0.179,0.41805235934885954,0.08648251539069952
Original eLCS — raw/minimal,0.18,0.413303898989471,0.08829753691812335
Original eLCS — raw/minimal,0.181,0.4083925048151382,0.09292334142889472
Original eLCS — raw/minimal,0.182,0.40540019369561253,0.09320750195805463
Original eLCS — raw/minimal,0.183,0.4030921204197114,0.09214279649261124
Original eLCS — raw/minimal,0.184,0.40155377826523414,0.09136496264281296
Original eLCS — raw/minimal,0.185,0.4005711011114476,0.09071104235132355
Original eLCS — raw/minimal,0.186,0.4011448878643181,0.09082967015934884
Original eLCS — raw/minimal,0.187,0.40076133038881867,0.08853138121069382
Original eLCS — raw/minimal,0.188,0.39812996238996456,0.08553685573084795
Original eLCS — raw/minimal,0.189,0.397821437381839,0.08641106726507182
Original eLCS — raw/minimal,0.19,0.3980679323866351,0.08577017725326586
Original eLCS — raw/minimal,0.191,0.3971254969936669,0.0819394777033345
Original eLCS — raw/minimal,0.192,0.39647426860353385,0.08046307974035637
Original eLCS — raw/minimal,0.193,0.39601341195966805,0.08051677914151723
Original eLCS — raw/minimal,0.194,0.39448652860131295,0.07828730769463481
Original eLCS — raw/minimal,0.195,0.3937679351046478,0.0771545057859916
Original eLCS — raw/minimal,0.196,0.3927739347490183,0.07561830582586701
Original eLCS — raw/minimal,0.197,0.3913114934687351,0.07347616365491036
Original eLCS — raw/minimal,0.198,0.39064369083955963,0.07270797543350926
Original eLCS — raw/minimal,0.199,0.3869875973492684,0.06954346051048309
Original eLCS — raw/minimal,0.2,0.3862663401086006,0.06966404214053779
Original eLCS — raw/minimal,0.201,0.38569122954184276,0.06944823927083889
Original eLCS — raw/minimal,0.202,0.3853241803569471,0.06918139430199827
Original eLCS — raw/minimal,0.203,0.38475669087547326,0.06891941023986059
Original eLCS — raw/minimal,0.20400000000000001,0.38471150589198483,0.06873049520097546
Original eLCS — raw/minimal,0.20500000000000002,0.3837214903118662,0.06767193294843453
Original eLCS — raw/minimal,0.20600000000000002,0.38231390734696563,0.0660304043326968
Original eLCS — raw/minimal,0.20700000000000002,0.38078776068870235,0.06507948952420353
Original eLCS — raw/minimal,0.20800000000000002,0.37966651645488264,0.06412055756012183
Original eLCS — raw/minimal,0.209,0.3777487631962294,0.0628694985431567
Original eLCS — raw/minimal,0.21,0.3748183711015617,0.062017163713271296
Original eLCS — raw/minimal,0.211,0.3747441039786259,0.062294852261529726
Original eLCS — raw/minimal,0.212,0.37443967700692987,0.0618941067316165
Original eLCS — raw/minimal,0.213,0.3745950541401177,0.06210314721275398
Original eLCS — raw/minimal,0.214,0.374729189567053,0.06194694182827973
Original eLCS — raw/minimal,0.215,0.37386338954203546,0.06385393384970993
Original eLCS — raw/minimal,0.216,0.3737439169902238,0.06440804315076794
Original eLCS — raw/minimal,0.217,0.3737994370387293,0.0648467078144928
Original eLCS — raw/minimal,0.218,0.3733667633396606,0.06502131976863398
Original eLCS — raw/minimal,0.219,0.372952916774152,0.0644446035251755
Original eLCS — raw/minimal,0.22,0.37225464463999874,0.06357006643225059
Original eLCS — raw/minimal,0.221,0.3714077430581644,0.06267691402864846
Original eLCS — raw/minimal,0.222,0.3702310363350968,0.06251634109775063
Original eLCS — raw/minimal,0.223,0.37002218176204227,0.06237851293912213
Original eLCS — raw/minimal,0.224,0.37000704553412245,0.062401003754179125
Original eLCS — raw/minimal,0.225,0.3699682039746094,0.06246377863498772
Original eLCS — raw/minimal,0.226,0.3697227457743881,0.06238187672515163
Original eLCS — raw/minimal,0.227,0.36705479884687675,0.061467128972282965
Original eLCS — raw/minimal,0.228,0.3665169541774978,0.060907668596175434
Original eLCS — raw/minimal,0.229,0.3666448681525656,0.060911598727932996
Original eLCS — raw/minimal,0.23,0.3666203606230682,0.06083280382341155
Original eLCS — raw/minimal,0.231,0.36669806054270776,0.06090567294460905
Original eLCS — raw/minimal,0.232,0.3662736637920022,0.06080768280604242
Original eLCS — raw/minimal,0.233,0.3649482864125154,0.059905810439890975
Original eLCS — raw/minimal,0.234,0.3614032451454129,0.05974844794806492
Original eLCS — raw/minimal,0.23500000000000001,0.3596146871485565,0.05919965743763827
Original eLCS — raw/minimal,0.23600000000000002,0.3573745622065848,0.058363650754525286
Original eLCS — raw/minimal,0.23700000000000002,0.3534570482513864,0.058551229952308353
Original eLCS — raw/minimal,0.23800000000000002,0.3499208322520978,0.059566203776446024
Original eLCS — raw/minimal,0.23900000000000002,0.34703178306295956,0.060266636978630495
Original eLCS — raw/minimal,0.24,0.345681090744843,0.06154474730284163
Original eLCS — raw/minimal,0.241,0.3440413025063035,0.06390206854279756
Original eLCS — raw/minimal,0.242,0.34183451749131033,0.06444261058880776
Original eLCS — raw/minimal,0.243,0.34021873470276864,0.06445289534756418
Original eLCS — raw/minimal,0.244,0.339426864986669,0.0650900091717019
Original eLCS — raw/minimal,0.245,0.33890238242420223,0.06535269470931723
Original eLCS — raw/minimal,0.246,0.3384026661497571,0.06545280763120957
Original eLCS — raw/minimal,0.247,0.3381814148283463,0.06558135852252771
Original eLCS — raw/minimal,0.248,0.3378261803248219,0.06588525459891188
Original eLCS — raw/minimal,0.249,0.337725501061733,0.06603840947277728
Original eLCS — raw/minimal,0.25,0.3376783220376898,0.06572571492851663
Original eLCS — raw/minimal,0.251,0.3373070621467896,0.06578506494825058
Original eLCS — raw/minimal,0.252,0.33602935547232,0.0660800911146455
Original eLCS — raw/minimal,0.253,0.33446340427063675,0.06644358604609077
Original eLCS — raw/minimal,0.254,0.3294174791161625,0.06890943741930512
Original eLCS — raw/minimal,0.255,0.3175290845386879,0.07020747986334992
Original eLCS — raw/minimal,0.256,0.31065140758607085,0.07697798520311398
Original eLCS — raw/minimal,0.257,0.30585031954680686,0.0845431628029607
Original eLCS — raw/minimal,0.258,0.30309915381792996,0.08739089550344818
Original eLCS — raw/minimal,0.259,0.30183089156285925,0.08765212943587831
Original eLCS — raw/minimal,0.26,0.3013618750672757,0.0879710818568965
Original eLCS — raw/minimal,0.261,0.30037954807873135,0.08674793092484336
Original eLCS — raw/minimal,0.262,0.299633661601446,0.08634582580950408
Original eLCS — raw/minimal,0.263,0.2990740249768885,0.08604208206415517
Original eLCS — raw/minimal,0.264,0.2991988070984823,0.08626299728261519
Original eLCS — raw/minimal,0.265,0.29904959962586686,0.08602966148353108
Original eLCS — raw/minimal,0.266,0.298776663258272,0.08600559020383276
Original eLCS — raw/minimal,0.267,0.2975205341011112,0.0861837696111269
Original eLCS — raw/minimal,0.268,0.29424090618232623,0.08638993224852878
Original eLCS — raw/minimal,0.269,0.29071432161169886,0.08661984103934316
Original eLCS — raw/minimal,0.27,0.2899993460537114,0.08596898727320877
Original eLCS — raw/minimal,0.271,0.28977188641361057,0.08573150855676553
Original eLCS — raw/minimal,0.272,0.28927598225051043,0.08549884493042162
Original eLCS — raw/minimal,0.273,0.28917504397250093,0.08526202907123229
Original eLCS — raw/minimal,0.274,0.2891655157786027,0.08510305305910416
Original eLCS — raw/minimal,0.275,0.2888636653157276,0.08466028909848478
Original eLCS — raw/minimal,0.276,0.28793032205319924,0.08377727180078016
Original eLCS — raw/minimal,0.277,0.2872524168449274,0.08314735918704101
Original eLCS — raw/minimal,0.278,0.2855432391452065,0.08251418439563313
Original eLCS — raw/minimal,0.279,0.28390749386372416,0.08216873056031788
Original eLCS — raw/minimal,0.28,0.2830261957380514,0.08213142108407713
Original eLCS — raw/minimal,0.281,0.28231360243096393,0.08245418601125346
Original eLCS — raw/minimal,0.28200000000000003,0.28131500626599865,0.08243200553710124
Original eLCS — raw/minimal,0.28300000000000003,0.28105667341558055,0.08266429542475699
Original eLCS — raw/minimal,0.28400000000000003,0.2809829232406609,0.08289613806157067
Original eLCS — raw/minimal,0.28500000000000003,0.2807894636549132,0.08302167997487642
Original eLCS — raw/minimal,0.28600000000000003,0.2807432300850652,0.0831757696900629
Original eLCS — raw/minimal,0.28700000000000003,0.2804809129078728,0.08303354133349995
Original eLCS — raw/minimal,0.28800000000000003,0.2794457999406389,0.08195007806258346
Original eLCS — raw/minimal,0.289,0.27935900370415445,0.08191496130098254
Original eLCS — raw/minimal,0.29,0.2792332144820503,0.08190951201132307
Original eLCS — raw/minimal,0.291,0.2789673063543473,0.08173838996006669
Original eLCS — raw/minimal,0.292,0.27903210005508267,0.0818222582521436
Original eLCS — raw/minimal,0.293,0.27825169091662727,0.08164518229121744
Original eLCS — raw/minimal,0.294,0.27784359373748346,0.08137447949253082
Original eLCS — raw/minimal,0.295,0.27722709325367323,0.08129059507136219
Original eLCS — raw/minimal,0.296,0.274908033725971,0.0806517022501139
Original eLCS — raw/minimal,0.297,0.2721236933040917,0.08075033116587556
Original eLCS — raw/minimal,0.298,0.2666000746451935,0.0843454576398636
Original eLCS — raw/minimal,0.299,0.26614895849968034,0.08436078873261431
Original eLCS — raw/minimal,0.3,0.26525210312857106,0.08374425702400362
Original eLCS — raw/minimal,0.301,0.26379496507089495,0.08444444066801884
Original eLCS — raw/minimal,0.302,0.26251145996335734,0.08506780074964669
Original eLCS — raw/minimal,0.303,0.26220343379265043,0.08458016385095678
Original eLCS — raw/minimal,0.304,0.2616866702496479,0.08388420908751881
Original eLCS — raw/minimal,0.305,0.2593255307600896,0.08601190081922784
Original eLCS — raw/minimal,0.306,0.2568059390100469,0.08596419922118836
Original eLCS — raw/minimal,0.307,0.2540288372485829,0.08719889894701506
Original eLCS — raw/minimal,0.308,0.253233256028747,0.08604403606761188
Original eLCS — raw/minimal,0.309,0.2529809600342531,0.08529955330493154
Original eLCS — raw/minimal,0.31,0.2526170273310897,0.084340465632465
Original eLCS — raw/minimal,0.311,0.2512703902390921,0.08192752668747844
Original eLCS — raw/minimal,0.312,0.25111211607099715,0.08139688652334794
Original eLCS — raw/minimal,0.313,0.2509578472732819,0.08088902411922386
Original eLCS — raw/minimal,0.314,0.25009386953295637,0.07958236749217526
Original eLCS — raw/minimal,0.315,0.2494872298550101,0.07870825011646693
Original eLCS — raw/minimal,0.316,0.24870896597506906,0.07757047776339566
Original eLCS — raw/minimal,0.317,0.2481993620105003,0.07671924217794651
Original eLCS — raw/minimal,0.318,0.24813810472958503,0.07646743964045288
Original eLCS — raw/minimal,0.319,0.24834956344843628,0.07642148096307594
Original eLCS — raw/minimal,0.32,0.2483739503038156,0.07624636980268643
Original eLCS — raw/minimal,0.321,0.2475459130501799,0.07490300526133088
Original eLCS — raw/minimal,0.322,0.2461915261129141,0.07310572353590003
Original eLCS — raw/minimal,0.323,0.24554993910921427,0.07218469638436623
Original eLCS — raw/minimal,0.324,0.2458274974696387,0.07238136798943036
Original eLCS — raw/minimal,0.325,0.24583892144133399,0.07219939980967813
Original eLCS — raw/minimal,0.326,0.24554387447892764,0.07210721496747838
Original eLCS — raw/minimal,0.327,0.24545172202919732,0.07197738034101467
Original eLCS — raw/minimal,0.328,0.24551248234793138,0.072016674009266
Original eLCS — raw/minimal,0.329,0.24541614413563825,0.07201026949966707
Original eLCS — raw/minimal,0.33,0.24489531973279544,0.07166137545582207
Original eLCS — raw/minimal,0.331,0.24453323299592084,0.07120677680200588
Original eLCS — raw/minimal,0.332,0.24401778350294495,0.07043785684731908
Original eLCS — raw/minimal,0.333,0.24278967266059698,0.06970752312005793
Original eLCS — raw/minimal,0.334,0.24118032965789088,0.06840852559719576
Original eLCS — raw/minimal,0.335,0.24002049683563728,0.06791943345765432
Original eLCS — raw/minimal,0.336,0.2351106961283574,0.06436784127857721
Original eLCS — raw/minimal,0.337,0.23050114061762672,0.06095967270845196
Original eLCS — raw/minimal,0.338,0.22938799671844023,0.059352794851003726
Original eLCS — raw/minimal,0.339,0.22916529680274816,0.05914496718219067
Original eLCS — raw/minimal,0.34,0.22843229565837678,0.05835934032963577
Original eLCS — raw/minimal,0.341,0.22718519889995498,0.057604743516558574
Original eLCS — raw/minimal,0.342,0.2267025363430862,0.057476038662799364
Original eLCS — raw/minimal,0.343,0.22654964446721354,0.057400966630007016
Original eLCS — raw/minimal,0.34400000000000003,0.22644178441984164,0.05711478735452472
Original eLCS — raw/minimal,0.34500000000000003,0.22611010651603597,0.056333975815440265
Original eLCS — raw/minimal,0.34600000000000003,0.22592644950900645,0.05577033473583409
Original eLCS — raw/minimal,0.34700000000000003,0.22526345654726798,0.05485460390940403
Original eLCS — raw/minimal,0.34800000000000003,0.22466264811399578,0.0537853920440491
Original eLCS — raw/minimal,0.34900000000000003,0.22314699977597927,0.051777686394293906
Original eLCS — raw/minimal,0.35000000000000003,0.2229908694058381,0.05160347892711039
Original eLCS — raw/minimal,0.35100000000000003,0.2227675488753234,0.051455981042927125
Original eLCS — raw/minimal,0.352,0.22253540777203903,0.05115864144214216
Original eLCS — raw/minimal,0.353,0.2220949422247495,0.05033930531400405
Original eLCS — raw/minimal,0.354,0.2219001451020643,0.050046128613030774
Original eLCS — raw/minimal,0.355,0.22183254738279728,0.04979629914256164
Original eLCS — raw/minimal,0.356,0.22152063140572603,0.04935024612689028
Original eLCS — raw/minimal,0.357,0.2213449891549923,0.04907434260107873
Original eLCS — raw/minimal,0.358,0.22111020780433105,0.04864818675044288
Original eLCS — raw/minimal,0.359,0.2209879273503354,0.04844637568419623
Original eLCS — raw/minimal,0.36,0.2208932691635402,0.04836631723065616
Original eLCS — raw/minimal,0.361,0.22086245290821266,0.04834003411487536
Original eLCS — raw/minimal,0.362,0.22061150462072962,0.04824826129854343
Original eLCS — raw/minimal,0.363,0.22046093825470167,0.047972658881302574
Original eLCS — raw/minimal,0.364,0.21893698567947228,0.048279305145918494
Original eLCS — raw/minimal,0.365,0.21771298079280865,0.04836383881809987
Original eLCS — raw/minimal,0.366,0.21745500262657846,0.048326515729539936
Original eLCS — raw/minimal,0.367,0.21732544969784948,0.048413231189634115
Original eLCS — raw/minimal,0.368,0.21703764657327268,0.04851324849485544
Original eLCS — raw/minimal,0.369,0.2168530330009799,0.04867377504812725
Original eLCS — raw/minimal,0.37,0.21678598002358362,0.04875085448224665
Original eLCS — raw/minimal,0.371,0.2165767585337519,0.048524316581710844
Original eLCS — raw/minimal,0.372,0.216433460441701,0.048358254168876985
Original eLCS — raw/minimal,0.373,0.216072745113489,0.04790704296126875
Original eLCS — raw/minimal,0.374,0.2158206412579978,0.04754473532070353
Original eLCS — raw/minimal,0.375,0.21548638039121143,0.047166265090980215
Original eLCS — raw/minimal,0.376,0.21559014837420887,0.047261820418104034
Original eLCS — raw/minimal,0.377,0.2152556129042133,0.04748763545207206
Original eLCS — raw/minimal,0.378,0.2150460511094244,0.04759641721603278
Original eLCS — raw/minimal,0.379,0.21488752679838014,0.047394416809823064
Original eLCS — raw/minimal,0.38,0.21461640220390388,0.04719941218321789
Original eLCS — raw/minimal,0.381,0.2134251643013203,0.045979534027870236
Original eLCS — raw/minimal,0.382,0.2132079560356101,0.045842979727612324
Original eLCS — raw/minimal,0.383,0.2129470964007581,0.04563971471613191
Original eLCS — raw/minimal,0.384,0.21262197834658286,0.04523580180215092
Original eLCS — raw/minimal,0.385,0.21236503727378936,0.0449335153334763
Original eLCS — raw/minimal,0.386,0.2119846610865702,0.04445179011427136
Original eLCS — raw/minimal,0.387,0.21178627436260258,0.04423588769975008
Original eLCS — raw/minimal,0.388,0.21178675900899,0.04431693778597723
Original eLCS — raw/minimal,0.389,0.21160093961780801,0.04425699177072557
Original eLCS — raw/minimal,0.39,0.21134854227619285,0.04402954790429469
Original eLCS — raw/minimal,0.391,0.21022232930805335,0.043259681338604375
Original eLCS — raw/minimal,0.392,0.20977074220027436,0.04297016541831952
Original eLCS — raw/minimal,0.393,0.2096883431196824,0.042820844407002324
Original eLCS — raw/minimal,0.394,0.20944600551363218,0.04276390109499152
Original eLCS — raw/minimal,0.395,0.2091076031941817,0.04262036000848054
Original eLCS — raw/minimal,0.396,0.20884299760579764,0.04253313771467892
Original eLCS — raw/minimal,0.397,0.2082477965520057,0.04251309099734617
Original eLCS — raw/minimal,0.398,0.20719586409261784,0.042592022821119686
Original eLCS — raw/minimal,0.399,0.20637403499085488,0.04250121337723278
Original eLCS — raw/minimal,0.4,0.20610637339813556,0.04246347013071028
Original eLCS — raw/minimal,0.401,0.20590247178209298,0.042484837737622884
Original eLCS — raw/minimal,0.402,0.20546724131396296,0.042119805739814706
Original eLCS — raw/minimal,0.403,0.20508561292122135,0.04202357063923066
Original eLCS — raw/minimal,0.404,0.20498096743169114,0.04208275994374883
Original eLCS — raw/minimal,0.405,0.2046410371813956,0.041853448830516206
Original eLCS — raw/minimal,0.406,0.20427889849115796,0.04162159843620431
Original eLCS — raw/minimal,0.40700000000000003,0.2040480600267816,0.04142538405576886
Original eLCS — raw/minimal,0.40800000000000003,0.2037641573894459,0.041218653695939675
Original eLCS — raw/minimal,0.40900000000000003,0.2037548356501039,0.04119609458579739
Original eLCS — raw/minimal,0.41000000000000003,0.2037195232404898,0.04120327754352351
Original eLCS — raw/minimal,0.41100000000000003,0.2036463772639696,0.04115533482165484
Original eLCS — raw/minimal,0.41200000000000003,0.20249377015648684,0.04003753789803771
Original eLCS — raw/minimal,0.41300000000000003,0.20158001431933353,0.03931956289000074
Original eLCS — raw/minimal,0.41400000000000003,0.19907595800168318,0.0384011376739808
Original eLCS — raw/minimal,0.41500000000000004,0.19868316906361558,0.03815438802404117
Original eLCS — raw/minimal,0.41600000000000004,0.19846072056052605,0.03795272025998217
Original eLCS — raw/minimal,0.417,0.19834393925472646,0.03801474781203622
Original eLCS — raw/minimal,0.418,0.198136995348794,0.03797439227220073
Original eLCS — raw/minimal,0.419,0.19781696354793132,0.03789411811826117
Original eLCS — raw/minimal,0.42,0.19763262531328857,0.037888907997890554
Original eLCS — raw/minimal,0.421,0.19736793903142516,0.037696758219767756
Original eLCS — raw/minimal,0.422,0.1969418667250345,0.037520701628431685
Original eLCS — raw/minimal,0.423,0.19650541951917894,0.03749091192128885
Original eLCS — raw/minimal,0.424,0.19615366236575218,0.037461538245042746
Original eLCS — raw/minimal,0.425,0.19586859495121156,0.037344153913302626
Original eLCS — raw/minimal,0.426,0.19569671259658308,0.037307769569937005
Original eLCS — raw/minimal,0.427,0.19559587558732178,0.03723398104637129
Original eLCS — raw/minimal,0.428,0.19542922101261942,0.03713896677424068
Original eLCS — raw/minimal,0.429,0.19520974488007764,0.03706878109926488
Original eLCS — raw/minimal,0.43,0.19491645600770774,0.03707596989940652
Original eLCS — raw/minimal,0.431,0.1946832859502608,0.03708022193976093
Original eLCS — raw/minimal,0.432,0.19442821298694163,0.037097810157808275
Original eLCS — raw/minimal,0.433,0.1942575555112111,0.03704764186819384
Original eLCS — raw/minimal,0.434,0.19415476816828497,0.037019822189662294
Original eLCS — raw/minimal,0.435,0.19393019441148854,0.037024494496722335
Original eLCS — raw/minimal,0.436,0.1936712953734861,0.037014975817259044
Original eLCS — raw/minimal,0.437,0.19203069642657553,0.03755847194473913
Original eLCS — raw/minimal,0.438,0.191857219803839,0.037523608491573886
Original eLCS — raw/minimal,0.439,0.19057022488179898,0.03819240925429088
Original eLCS — raw/minimal,0.44,0.1883006210819742,0.040276246828055515
Original eLCS — raw/minimal,0.441,0.18671285036219742,0.04229761226297585
Original eLCS — raw/minimal,0.442,0.18150133614534586,0.0521706677099292
Original eLCS — raw/minimal,0.443,0.18141949641451982,0.05210972975126709
Original eLCS — raw/minimal,0.444,0.1812919742508172,0.052013548257854585
Original eLCS — raw/minimal,0.445,0.18111116714062858,0.0518941058218895
Original eLCS — raw/minimal,0.446,0.1809728923454812,0.051803301891790034
Original eLCS — raw/minimal,0.447,0.18080481625454095,0.05165937920372198
Original eLCS — raw/minimal,0.448,0.18071516725603728,0.05158802323584824
Original eLCS — raw/minimal,0.449,0.18061639267670382,0.051508503277626246
Original eLCS — raw/minimal,0.45,0.18050092775482424,0.05143697417539222
Original eLCS — raw/minimal,0.451,0.18036132353892934,0.05134349574022737
Original eLCS — raw/minimal,0.452,0.18028220450835758,0.05128392375407674
Original eLCS — raw/minimal,0.453,0.18003789597331774,0.051089393374851855
Original eLCS — raw/minimal,0.454,0.17992885054048485,0.051037796434709425
Original eLCS — raw/minimal,0.455,0.17974861547806548,0.0510031406606985
Original eLCS — raw/minimal,0.456,0.17959523448566123,0.05096893573891985
Original eLCS — raw/minimal,0.457,0.1794258654767503,0.05088608809619922
Original eLCS — raw/minimal,0.458,0.17899983793311994,0.05093142410902353
Original eLCS — raw/minimal,0.459,0.17885625657872795,0.05087780512900292
Original eLCS — raw/minimal,0.46,0.17874382338169564,0.05081543205401894
Original eLCS — raw/minimal,0.461,0.17866816158815185,0.05076852304867488
Original eLCS — raw/minimal,0.462,0.1785554577499771,0.050698156185349785
Original eLCS — raw/minimal,0.463,0.17826921586700323,0.05049344415456667
Original eLCS — raw/minimal,0.464,0.1780509943982198,0.050333281941366055
Original eLCS — raw/minimal,0.465,0.1779617304226135,0.050267571891409055
Original eLCS — raw/minimal,0.466,0.17781171330570128,0.05014813176167202
Original eLCS — raw/minimal,0.467,0.17766663313490322,0.05007518381374036
Original eLCS — raw/minimal,0.468,0.17753642767642558,0.05001824058963963
Original eLCS — raw/minimal,0.46900000000000003,0.17742397161915047,0.050004653188406786
Original eLCS — raw/minimal,0.47000000000000003,0.1772499013656488,0.04994348530746672
Original eLCS — raw/minimal,0.47100000000000003,0.17698881444465725,0.049798913407399
Original eLCS — raw/minimal,0.47200000000000003,0.1767467437373272,0.04969421787938548
Original eLCS — raw/minimal,0.47300000000000003,0.17661879855155932,0.049686727446842445
Original eLCS — raw/minimal,0.47400000000000003,0.17649062371822458,0.049691833881140256
Original eLCS — raw/minimal,0.47500000000000003,0.17634270608250285,0.049677484793808416
Original eLCS — raw/minimal,0.47600000000000003,0.17619014985151404,0.04965700217709519
Original eLCS — raw/minimal,0.47700000000000004,0.17602652993859152,0.049617264030956905
Original eLCS — raw/minimal,0.47800000000000004,0.17585727471100168,0.04957214547930728
Original eLCS — raw/minimal,0.47900000000000004,0.17564758104071293,0.04950406784554084
Original eLCS — raw/minimal,0.48,0.17541312075201493,0.04941916809531109
Original eLCS — raw/minimal,0.481,0.17520806432398073,0.04936751904552681
Original eLCS — raw/minimal,0.482,0.17478901143391226,0.049218093253016404
Original eLCS — raw/minimal,0.483,0.17359904341383853,0.04876387899489581
Original eLCS — raw/minimal,0.484,0.17262235424808886,0.048534019366902645
Original eLCS — raw/minimal,0.485,0.17154345680479527,0.048459054915740124
Original eLCS — raw/minimal,0.486,0.17102474977623858,0.04845664777559104
Original eLCS — raw/minimal,0.487,0.17054527925792512,0.048469626759454966
Original eLCS — raw/minimal,0.488,0.17016301888869415,0.04849582203331574
Original eLCS — raw/minimal,0.489,0.16989771848931154,0.04840627001961169
Original eLCS — raw/minimal,0.49,0.16962004367860786,0.048300328065180746
Original eLCS — raw/minimal,0.491,0.1692944389346264,0.04827650836875937
Original eLCS — raw/minimal,0.492,0.1689721414004107,0.04814723855109179
Original eLCS — raw/minimal,0.493,0.16867286364603948,0.048082561182805524
Original eLCS — raw/minimal,0.494,0.16833410754344,0.04792523534723027
Original eLCS — raw/minimal,0.495,0.16799620731697051,0.04776941623267922
Original eLCS — raw/minimal,0.496,0.16767233447485325,0.04763215634992803
Original eLCS — raw/minimal,0.497,0.1674373191081599,0.04761052141297714
Original eLCS — raw/minimal,0.498,0.16718749774789374,0.04756995919646995
Original eLCS — raw/minimal,0.499,0.16692158019929476,0.047508449761057975
Original eLCS — raw/minimal,0.5,0.1665782307621019,0.04734514209262269
Original eLCS — raw/minimal,0.501,0.16617952297110164,0.04711060607967767
Original eLCS — raw/minimal,0.502,0.1658599681844203,0.046979305518703766
Original eLCS — raw/minimal,0.503,0.1655721409017796,0.04688885894001551
Original eLCS — raw/minimal,0.504,0.16532332023695795,0.04684872781917762
Original eLCS — raw/minimal,0.505,0.16510167678069085,0.04684433074251468
Original eLCS — raw/minimal,0.506,0.16487286380208735,0.04683134305121131
Original eLCS — raw/minimal,0.507,0.16449470426609009,0.04662272790448089
Original eLCS — raw/minimal,0.508,0.16417020274877048,0.046484708134067326
Original eLCS — raw/minimal,0.509,0.16393167016684876,0.04645838695120018
Original eLCS — raw/minimal,0.51,0.16367596746393293,0.04641002308694016
Original eLCS — raw/minimal,0.511,0.16338846106465346,0.04632007883849538
Original eLCS — raw/minimal,0.512,0.1631390408758216,0.04628024599658632
Original eLCS — raw/minimal,0.513,0.16287354288043518,0.046219420413856196
Original eLCS — raw/minimal,0.514,0.16263269641988068,0.04619151189284657
Original eLCS — raw/minimal,0.515,0.1623964525114953,0.04617023527254041
Original eLCS — raw/minimal,0.516,0.16216020860310987,0.046149500911011165
Original eLCS — raw/minimal,0.517,0.16192396469472445,0.046129309539467915
Original eLCS — raw/minimal,0.518,0.16168772078633903,0.04610966187123485
Original eLCS — raw/minimal,0.519,0.16134925981640044,0.04595024710172053
Original eLCS — raw/minimal,0.52,0.16106623238694234,0.04586662388215494
Original eLCS — raw/minimal,0.521,0.16076698047789748,0.04576086268723748
Original eLCS — raw/minimal,0.522,0.16053856092586735,0.04575206972864394
Original eLCS — raw/minimal,0.523,0.16029539849390168,0.0457235708422258
Original eLCS — raw/minimal,0.524,0.16005223606193597,0.04569549356460489
Original eLCS — raw/minimal,0.525,0.1598088347064557,0.04566750393914681
Original eLCS — raw/minimal,0.526,0.15955751849397812,0.04562878226625176
Original eLCS — raw/minimal,0.527,0.15928004135243135,0.04555338775605867
Original eLCS — raw/minimal,0.528,0.1589402890754809,0.045390353944616976
Original eLCS — raw/minimal,0.529,0.15866067661405645,0.04531187435888462
Original eLCS — raw/minimal,0.53,0.1584021676855917,0.04526315278028469
Original eLCS — raw/minimal,0.531,0.15812649821220565,0.04519034964052947
Original eLCS — raw/minimal,0.532,0.15775166969634785,0.044978007483996045
Original eLCS — raw/minimal,0.533,0.15745949808736343,0.044881900630397764
Original eLCS — raw/minimal,0.534,0.15716732647837897,0.04478579377679949
Original eLCS — raw/minimal,0.535,0.15687515486939455,0.044689686923201195
Original eLCS — raw/minimal,0.536,0.15658298326041015,0.04459358006960292
Original eLCS — raw/minimal,0.537,0.15629081165142572,0.04449747321600464
Original eLCS — raw/minimal,0.538,0.1559986400424413,0.04440136636240636
Original eLCS — raw/minimal,0.539,0.15570646843345684,0.04430525950880808
Original eLCS — raw/minimal,0.54,0.15541429682447244,0.04420915265520979
Original eLCS — raw/minimal,0.541,0.15512212521548802,0.04411304580161152
Original eLCS — raw/minimal,0.542,0.1548299536065036,0.04401693894801322
Original eLCS — raw/minimal,0.543,0.15453778199751916,0.04392083209441495
Original eLCS — raw/minimal,0.544,0.15424561038853474,0.04382472524081666
Original eLCS — raw/minimal,0.545,0.1539534387795503,0.04372861838721838
Original eLCS — raw/minimal,0.546,0.15366126717056589,0.0436325115336201
Original eLCS — raw/minimal,0.547,0.1533690955615815,0.043536404680021824
Original eLCS — raw/minimal,0.548,0.15307692395259703,0.043440297826423536
Original eLCS — raw/minimal,0.549,0.1527847523436126,0.04334419097282525
Original eLCS — raw/minimal,0.55,0.15249258073462818,0.043248084119226975
Original eLCS — raw/minimal,0.551,0.15220040912564378,0.04315197726562869
Original eLCS — raw/minimal,0.552,0.15190823751665938,0.043055870412030406
Original eLCS — raw/minimal,0.553,0.15161606590767496,0.042959763558432125
Original eLCS — raw/minimal,0.554,0.15132389429869053,0.04286365670483384
Original eLCS — raw/minimal,0.555,0.1510317226897061,0.04276754985123556
Original eLCS — raw/minimal,0.556,0.15073955108072168,0.04267144299763728
Original eLCS — raw/minimal,0.557,0.15044737947173728,0.042575336144038994
Original eLCS — raw/minimal,0.558,0.15015520786275288,0.04247922929044072
Original eLCS — raw/minimal,0.559,0.1498630362537684,0.04238312243684243
Original eLCS — raw/minimal,0.56,0.14957086464478403,0.04228701558324415
Original eLCS — raw/minimal,0.561,0.14927869303579958,0.042190908729645864
Original eLCS — raw/minimal,0.562,0.14898652142681518,0.04209480187604758
Original eLCS — raw/minimal,0.5630000000000001,0.14869434981783072,0.0419986950224493
Original eLCS — raw/minimal,0.5640000000000001,0.1484021782088463,0.04190258816885102
Original eLCS — raw/minimal,0.5650000000000001,0.1481100065998619,0.04180648131525274
Original eLCS — raw/minimal,0.5660000000000001,0.14781783499087744,0.04171037446165446
Original eLCS — raw/minimal,0.5670000000000001,0.14752566338189305,0.04161426760805618
Original eLCS — raw/minimal,0.5680000000000001,0.14723349177290862,0.0415181607544579
Original eLCS — raw/minimal,0.5690000000000001,0.1469413201639242,0.04142205390085961
Original eLCS — raw/minimal,0.5700000000000001,0.14664914855493977,0.04132594704726133
Original eLCS — raw/minimal,0.5710000000000001,0.14635697694595534,0.04122984019366304
Original eLCS — raw/minimal,0.5720000000000001,0.14606480533697092,0.04113373334006476
Original eLCS — raw/minimal,0.5730000000000001,0.1457726337279865,0.04103762648646648
Original eLCS — raw/minimal,0.5740000000000001,0.14548046211900206,0.0409415196328682
Original eLCS — raw/minimal,0.5750000000000001,0.14518829051001766,0.04084541277926991
Original eLCS — raw/minimal,0.5760000000000001,0.1448961189010332,0.04074930592567163
Original eLCS — raw/minimal,0.577,0.1446039472920488,0.040653199072073355
Original eLCS — raw/minimal,0.578,0.1443117756830644,0.04055709221847508
Original eLCS — raw/minimal,0.579,0.14401960407408002,0.0404609853648768
Original eLCS — raw/minimal,0.58,0.1437274324650956,0.04036487851127851
Original eLCS — raw/minimal,0.581,0.14343526085611114,0.04026877165768023
Original eLCS — raw/minimal,0.582,0.14314308924712674,0.040172664804081944
Original eLCS — raw/minimal,0.583,0.1428509176381423,0.04007655795048367
Original eLCS — raw/minimal,0.584,0.1425587460291579,0.03998045109688538
Original eLCS — raw/minimal,0.585,0.14226657442017349,0.03988434424328711
Original eLCS — raw/minimal,0.586,0.14197440281118906,0.03978823738968882
Original eLCS — raw/minimal,0.587,0.14168223120220463,0.03969213053609054
Original eLCS — raw/minimal,0.588,0.1413900595932202,0.03959602368249225
Original eLCS — raw/minimal,0.589,0.14109788798423578,0.03949991682889398
Original eLCS — raw/minimal,0.59,0.14080571637525136,0.03940380997529569
Original eLCS — raw/minimal,0.591,0.14051354476626696,0.03930770312169741
Original eLCS — raw/minimal,0.592,0.1402213731572825,0.03921159626809913
Original eLCS — raw/minimal,0.593,0.13992920154829808,0.03911548941450085
Original eLCS — raw/minimal,0.594,0.13963702993931365,0.03901938256090256
Original eLCS — raw/minimal,0.595,0.13934485833032922,0.038923275707304285
Original eLCS — raw/minimal,0.596,0.13905268672134483,0.038827168853706
Original eLCS — raw/minimal,0.597,0.1387605151123604,0.03873106200010772
Original eLCS — raw/minimal,0.598,0.13846834350337595,0.03863495514650943
Original eLCS — raw/minimal,0.599,0.13817617189439158,0.038538848292911154
Original eLCS — raw/minimal,0.6,0.13788400028540715,0.03844274143931287
Original eLCS — raw/minimal,0.601,0.13759182867642272,0.038346634585714585
Original eLCS — raw/minimal,0.602,0.1372996570674383,0.038250527732116305
Original eLCS — raw/minimal,0.603,0.13700748545845384,0.038154420878518024
Original eLCS — raw/minimal,0.604,0.13671531384946944,0.03805831402491974
Original eLCS — raw/minimal,0.605,0.13642314224048502,0.037962207171321455
Original eLCS — raw/minimal,0.606,0.13613097063150062,0.037866100317723174
Original eLCS — raw/minimal,0.607,0.1358387990225162,0.03776999346412489
Original eLCS — raw/minimal,0.608,0.1355466274135318,0.03767388661052661
Original eLCS — raw/minimal,0.609,0.13525445580454734,0.03757777975692833
Original eLCS — raw/minimal,0.61,0.13496228419556294,0.03748167290333004
Original eLCS — raw/minimal,0.611,0.13467011258657852,0.037385566049731755
Original eLCS — raw/minimal,0.612,0.1343779409775941,0.03728945919613348
Original eLCS — raw/minimal,0.613,0.13408576936860966,0.037193352342535194
Original eLCS — raw/minimal,0.614,0.13379359775962524,0.03709724548893692
Original eLCS — raw/minimal,0.615,0.13350142615064078,0.037001138635338625
Original eLCS — raw/minimal,0.616,0.13320925454165639,0.03690503178174036
Original eLCS — raw/minimal,0.617,0.13291708293267193,0.03680892492814207
Original eLCS — raw/minimal,0.618,0.13262491132368753,0.03671281807454379
Original eLCS — raw/minimal,0.619,0.1323327397147031,0.03661671122094551
Original eLCS — raw/minimal,0.62,0.13204056810571868,0.03652060436734723
Original eLCS — raw/minimal,0.621,0.13174839649673425,0.036424497513748946
Original eLCS — raw/minimal,0.622,0.13145622488774983,0.03632839066015066
Original eLCS — raw/minimal,0.623,0.1311640532787654,0.03623228380655238
Original eLCS — raw/minimal,0.624,0.13087188166978098,0.0361361769529541
Original eLCS — raw/minimal,0.625,0.13057971006079655,0.036040070099355816
Original eLCS — raw/minimal,0.626,0.13028753845181215,0.035943963245757535
Original eLCS — raw/minimal,0.627,0.12999536684282775,0.03584785639215925
Original eLCS — raw/minimal,0.628,0.12970319523384333,0.035751749538560966
Original eLCS — raw/minimal,0.629,0.1294110236248589,0.03565564268496268
Original eLCS — raw/minimal,0.63,0.12911885201587445,0.0355595358313644
Original eLCS — raw/minimal,0.631,0.12882668040689005,0.035463428977766116
Original eLCS — raw/minimal,0.632,0.12853450879790562,0.035367322124167835
Original eLCS — raw/minimal,0.633,0.1282423371889212,0.035271215270569554
Original eLCS — raw/minimal,0.634,0.12795016557993677,0.035175108416971274
Original eLCS — raw/minimal,0.635,0.12765799397095237,0.03507900156337299
Original eLCS — raw/minimal,0.636,0.12736582236196795,0.03498289470977471
Original eLCS — raw/minimal,0.637,0.12707365075298352,0.034886787856176424
Original eLCS — raw/minimal,0.638,0.12678147914399912,0.03479068100257814
Original eLCS — raw/minimal,0.639,0.1264893075350147,0.03469457414897987
Original eLCS — raw/minimal,0.64,0.12619713592603024,0.03459846729538158
Original eLCS — raw/minimal,0.641,0.12590496431704584,0.0345023604417833
Original eLCS — raw/minimal,0.642,0.1256127927080614,0.03440625358818502
Original eLCS — raw/minimal,0.643,0.125320621099077,0.03431014673458674
Original eLCS — raw/minimal,0.644,0.12502844949009256,0.03421403988098845
Original eLCS — raw/minimal,0.645,0.12473627788110812,0.03411793302739017
Original eLCS — raw/minimal,0.646,0.1244441062721237,0.03402182617379188
Original eLCS — raw/minimal,0.647,0.1241519346631393,0.0339257193201936
Original eLCS — raw/minimal,0.648,0.12385976305415487,0.03382961246659532
Original eLCS — raw/minimal,0.649,0.12356759144517045,0.03373350561299704
Original eLCS — raw/minimal,0.65,0.12327541983618599,0.03363739875939876
Original eLCS — raw/minimal,0.651,0.12298324822720161,0.03354129190580048
Original eLCS — raw/minimal,0.652,0.12269107661821718,0.03344518505220219
Original eLCS — raw/minimal,0.653,0.12239890500923274,0.03334907819860391
Original eLCS — raw/minimal,0.654,0.12210673340024833,0.03325297134500563
Original eLCS — raw/minimal,0.655,0.12181456179126393,0.03315686449140734
Original eLCS — raw/minimal,0.656,0.1215223901822795,0.03306075763780906
Original eLCS — raw/minimal,0.657,0.12123021857329508,0.03296465078421078
Original eLCS — raw/minimal,0.658,0.12093804696431065,0.0328685439306125
Original eLCS — raw/minimal,0.659,0.12064587535532623,0.032772437077014216
Original eLCS — raw/minimal,0.66,0.1203537037463418,0.032676330223415935
Original eLCS — raw/minimal,0.661,0.12006153213735737,0.032580223369817654
Original eLCS — raw/minimal,0.662,0.11976936052837298,0.032484116516219366
Original eLCS — raw/minimal,0.663,0.11947718891938855,0.032388009662621085
Original eLCS — raw/minimal,0.664,0.11918501731040412,0.032291902809022804
Original eLCS — raw/minimal,0.665,0.1188928457014197,0.032195795955424523
Original eLCS — raw/minimal,0.666,0.11860067409243524,0.032099689101826236
Original eLCS — raw/minimal,0.667,0.11830850248345084,0.032003582248227955
Original eLCS — raw/minimal,0.668,0.11801633087446643,0.031907475394629674
Original eLCS — raw/minimal,0.669,0.11772415926548199,0.03181136854103139
Original eLCS — raw/minimal,0.67,0.11743198765649757,0.03171526168743311
Original eLCS — raw/minimal,0.671,0.11713981604751315,0.031619154833834824
Original eLCS — raw/minimal,0.672,0.11684764443852873,0.03152304798023654
Original eLCS — raw/minimal,0.673,0.1165554728295443,0.03142694112663826
Original eLCS — raw/minimal,0.674,0.1162633012205599,0.03133083427303999
Original eLCS — raw/minimal,0.675,0.11597112961157548,0.031234727419441704
Original eLCS — raw/minimal,0.676,0.11567895800259105,0.031138620565843413
Original eLCS — raw/minimal,0.677,0.11538678639360662,0.03104251371224513
Original eLCS — raw/minimal,0.678,0.1150946147846222,0.030946406858646854
Original eLCS — raw/minimal,0.679,0.11480244317563779,0.03085030000504857
Original eLCS — raw/minimal,0.68,0.11451027156665335,0.03075419315145029
Original eLCS — raw/minimal,0.681,0.11421809995766896,0.03065808629785201
Original eLCS — raw/minimal,0.682,0.11392592834868451,0.030561979444253727
Original eLCS — raw/minimal,0.683,0.11363375673970011,0.030465872590655446
Original eLCS — raw/minimal,0.684,0.11334158513071568,0.03036976573705716
Original eLCS — raw/minimal,0.685,0.11304941352173126,0.030273658883458877
Original eLCS — raw/minimal,0.686,0.11275724191274683,0.030177552029860596
Original eLCS — raw/minimal,0.687,0.1124650703037624,0.030081445176262316
Original eLCS — raw/minimal,0.6880000000000001,0.112172898694778,0.02998533832266403
Original eLCS — raw/minimal,0.6890000000000001,0.11188072708579358,0.029889231469065754
Original eLCS — raw/minimal,0.6900000000000001,0.11158855547680915,0.029793124615467466
Original eLCS — raw/minimal,0.6910000000000001,0.1112963838678247,0.02969701776186918
Original eLCS — raw/minimal,0.6920000000000001,0.1110042122588403,0.0296009109082709
Original eLCS — raw/minimal,0.6930000000000001,0.11071204064985588,0.02950480405467262
Original eLCS — raw/minimal,0.6940000000000001,0.11041986904087145,0.02940869720107434
Original eLCS — raw/minimal,0.6950000000000001,0.11012769743188702,0.029312590347476058
Original eLCS — raw/minimal,0.6960000000000001,0.1098355258229026,0.029216483493877766
Original eLCS — raw/minimal,0.6970000000000001,0.10954335421391817,0.02912037664027949
Original eLCS — raw/minimal,0.6980000000000001,0.10925118260493376,0.0290242697866812
Original eLCS — raw/minimal,0.6990000000000001,0.10895901099594933,0.028928162933082924
Original eLCS — raw/minimal,0.7000000000000001,0.1086668393869649,0.02883205607948464
Original eLCS — raw/minimal,0.7010000000000001,0.10837466777798048,0.02873594922588636
Original eLCS — raw/minimal,0.7020000000000001,0.10808249616899605,0.028639842372288074
Original eLCS — raw/minimal,0.7030000000000001,0.10779032456001165,0.028543735518689797
Original eLCS — raw/minimal,0.704,0.10749815295102727,0.028447628665091523
Original eLCS — raw/minimal,0.705,0.10720598134204284,0.028351521811493245
Original eLCS — raw/minimal,0.706,0.10691380973305842,0.02825541495789496
Original eLCS — raw/minimal,0.707,0.10662163812407399,0.02815930810429668
Original eLCS — raw/minimal,0.708,0.10632946651508957,0.028063201250698395
Original eLCS — raw/minimal,0.709,0.10603729490610514,0.027967094397100118
Original eLCS — raw/minimal,0.71,0.10574512329712074,0.027870987543501837
Original eLCS — raw/minimal,0.711,0.10545295168813631,0.027774880689903553
Original eLCS — raw/minimal,0.712,0.10516078007915189,0.02767877383630527
Original eLCS — raw/minimal,0.713,0.10486860847016746,0.027582666982706984
Original eLCS — raw/minimal,0.714,0.10457643686118304,0.027486560129108703
Original eLCS — raw/minimal,0.715,0.10428426525219862,0.027390453275510422
Original eLCS — raw/minimal,0.716,0.1039920936432142,0.027294346421912138
Original eLCS — raw/minimal,0.717,0.10369992203422977,0.027198239568313857
Original eLCS — raw/minimal,0.718,0.10340775042524535,0.027102132714715576
Original eLCS — raw/minimal,0.719,0.10311557881626092,0.027006025861117295
Original eLCS — raw/minimal,0.72,0.1028234072072765,0.02690991900751901
Original eLCS — raw/minimal,0.721,0.10253123559829207,0.026813812153920733
Original eLCS — raw/minimal,0.722,0.10223906398930764,0.026717705300322445
Original eLCS — raw/minimal,0.723,0.10194689238032321,0.026621598446724168
Original eLCS — raw/minimal,0.724,0.10165472077133882,0.02652549159312588
Original eLCS — raw/minimal,0.725,0.10136254916235439,0.0264293847395276
Original eLCS — raw/minimal,0.726,0.10107037755336996,0.026333277885929318
Original eLCS — raw/minimal,0.727,0.10077820594438554,0.02623717103233103
Original eLCS — raw/minimal,0.728,0.10048603433540111,0.02614106417873275
Original eLCS — raw/minimal,0.729,0.10019386272641673,0.02604495732513447
Original eLCS — raw/minimal,0.73,0.09990169111743227,0.025948850471536184
Original eLCS — raw/minimal,0.731,0.09960951950844786,0.025852743617937896
Original eLCS — raw/minimal,0.732,0.09931734789946345,0.02575663676433962
Original eLCS — raw/minimal,0.733,0.09902517629047902,0.025660529910741334
Original eLCS — raw/minimal,0.734,0.09873300468149458,0.025564423057143057
Original eLCS — raw/minimal,0.735,0.09844083307251017,0.025468316203544773
Original eLCS — raw/minimal,0.736,0.09814866146352574,0.025372209349946488
Original eLCS — raw/minimal,0.737,0.09785648985454135,0.02527610249634821
Original eLCS — raw/minimal,0.738,0.09756431824555689,0.025179995642749926
Original eLCS — raw/minimal,0.739,0.09727214663657248,0.025083888789151645
Original eLCS — raw/minimal,0.74,0.09697997502758805,0.024987781935553365
Original eLCS — raw/minimal,0.741,0.09668780341860364,0.02489167508195508
Original eLCS — raw/minimal,0.742,0.09639563180961921,0.024795568228356796
Original eLCS — raw/minimal,0.743,0.09610346020063479,0.02469946137475852
Original eLCS — raw/minimal,0.744,0.09581128859165036,0.024603354521160234
Original eLCS — raw/minimal,0.745,0.09551911698266595,0.024507247667561956
Original eLCS — raw/minimal,0.746,0.09522694537368154,0.024411140813963665
Original eLCS — raw/minimal,0.747,0.09493477376469711,0.024315033960365388
Original eLCS — raw/minimal,0.748,0.09464260215571267,0.024218927106767107
Original eLCS — raw/minimal,0.749,0.09435043054672826,0.024122820253168822
Original eLCS — raw/minimal,0.75,0.09405825893774385,0.02402671339957054
Original eLCS — raw/minimal,0.751,0.0937660873287594,0.023930606545972257
Original eLCS — raw/minimal,0.752,0.093473915719775,0.023834499692373976
Original eLCS — raw/minimal,0.753,0.09318174411079057,0.023738392838775692
Original eLCS — raw/minimal,0.754,0.09288957250180614,0.023642285985177414
Original eLCS — raw/minimal,0.755,0.09259740089282172,0.02354617913157913
Original eLCS — raw/minimal,0.756,0.0923052292838373,0.02345007227798085
Original eLCS — raw/minimal,0.757,0.09201305767485288,0.023353965424382565
Original eLCS — raw/minimal,0.758,0.09172088606586845,0.023257858570784284
Original eLCS — raw/minimal,0.759,0.09142871445688404,0.023161751717186003
Original eLCS — raw/minimal,0.76,0.09113654284789961,0.023065644863587722
Original eLCS — raw/minimal,0.761,0.0908443712389152,0.022969538009989438
Original eLCS — raw/minimal,0.762,0.09055219962993077,0.022873431156391157
Original eLCS — raw/minimal,0.763,0.09026002802094635,0.02277732430279287
Original eLCS — raw/minimal,0.764,0.08996785641196191,0.02268121744919459
Original eLCS — raw/minimal,0.765,0.0896756848029775,0.022585110595596307
Original eLCS — raw/minimal,0.766,0.08938351319399308,0.02248900374199802
Original eLCS — raw/minimal,0.767,0.08909134158500866,0.02239289688839974
Original eLCS — raw/minimal,0.768,0.08879916997602423,0.022296790034801457
Original eLCS — raw/minimal,0.769,0.0885069983670398,0.022200683181203176
Original eLCS — raw/minimal,0.77,0.08821482675805539,0.022104576327604895
Original eLCS — raw/minimal,0.771,0.08792265514907097,0.02200846947400661
Original eLCS — raw/minimal,0.772,0.08763048354008654,0.02191236262040833
Original eLCS — raw/minimal,0.773,0.08733831193110213,0.02181625576681005
Original eLCS — raw/minimal,0.774,0.0870461403221177,0.021720148913211768
Original eLCS — raw/minimal,0.775,0.08675396871313328,0.021624042059613484
Original eLCS — raw/minimal,0.776,0.08646179710414886,0.021527935206015203
Original eLCS — raw/minimal,0.777,0.08616962549516442,0.02143182835241692
Original eLCS — raw/minimal,0.778,0.08587745388618001,0.02133572149881864
Original eLCS — raw/minimal,0.779,0.08558528227719557,0.021239614645220357
Original eLCS — raw/minimal,0.78,0.08529311066821117,0.021143507791622076
Original eLCS — raw/minimal,0.781,0.08500093905922675,0.02104740093802379
Original eLCS — raw/minimal,0.782,0.08470876745024233,0.02095129408442551
Original eLCS — raw/minimal,0.783,0.08441659584125791,0.02085518723082723
Original eLCS — raw/minimal,0.784,0.08412442423227348,0.02075908037722895
Original eLCS — raw/minimal,0.785,0.08383225262328906,0.02066297352363066
Original eLCS — raw/minimal,0.786,0.08354008101430463,0.02056686667003238
Original eLCS — raw/minimal,0.787,0.0832479094053202,0.0204707598164341
Original eLCS — raw/minimal,0.788,0.0829557377963358,0.020374652962835815
Original eLCS — raw/minimal,0.789,0.08266356618735136,0.020278546109237534
Original eLCS — raw/minimal,0.79,0.08237139457836694,0.02018243925563925
Original eLCS — raw/minimal,0.791,0.08207922296938253,0.02008633240204097
Original eLCS — raw/minimal,0.792,0.0817870513603981,0.019990225548442684
Original eLCS — raw/minimal,0.793,0.08149487975141369,0.019894118694844403
Original eLCS — raw/minimal,0.794,0.08120270814242926,0.019798011841246122
Original eLCS — raw/minimal,0.795,0.08091053653344484,0.01970190498764784
Original eLCS — raw/minimal,0.796,0.08061836492446041,0.019605798134049557
Original eLCS — raw/minimal,0.797,0.080326193315476,0.01950969128045128
Original eLCS — raw/minimal,0.798,0.08003402170649157,0.019413584426852995
Original eLCS — raw/minimal,0.799,0.07974185009750716,0.01931747757325471
Original eLCS — raw/minimal,0.8,0.07944967848852272,0.01922137071965643
Original eLCS — raw/minimal,0.801,0.07915750687953829,0.01912526386605815
Original eLCS — raw/minimal,0.802,0.07886533527055387,0.019029157012459864
Original eLCS — raw/minimal,0.803,0.07857316366156945,0.018933050158861587
Original eLCS — raw/minimal,0.804,0.07828099205258503,0.018836943305263303
Original eLCS — raw/minimal,0.805,0.0779888204436006,0.018740836451665018
Original eLCS — raw/minimal,0.806,0.07769664883461619,0.018644729598066737
Original eLCS — raw/minimal,0.807,0.07740447722563176,0.018548622744468456
Original eLCS — raw/minimal,0.808,0.07711230561664736,0.018452515890870172
Original eLCS — raw/minimal,0.809,0.07682013400766292,0.018356409037271888
Original eLCS — raw/minimal,0.81,0.0765279623986785,0.018260302183673603
Original eLCS — raw/minimal,0.811,0.07623579078969409,0.018164195330075322
Original eLCS — raw/minimal,0.812,0.07594361918070966,0.01806808847647704
Original eLCS — raw/minimal,0.8130000000000001,0.07565144757172523,0.01797198162287876
Original eLCS — raw/minimal,0.8140000000000001,0.07535927596274081,0.01787587476928048
Original eLCS — raw/minimal,0.8150000000000001,0.07506710435375638,0.01777976791568219
Original eLCS — raw/minimal,0.8160000000000001,0.07477493274477195,0.017683661062083914
Original eLCS — raw/minimal,0.8170000000000001,0.07448276113578753,0.01758755420848563
Original eLCS — raw/minimal,0.8180000000000001,0.07419058952680312,0.01749144735488735
Original eLCS — raw/minimal,0.8190000000000001,0.0738984179178187,0.017395340501289065
Original eLCS — raw/minimal,0.8200000000000001,0.07360624630883429,0.01729923364769078
Original eLCS — raw/minimal,0.8210000000000001,0.07331407469984985,0.017203126794092503
Original eLCS — raw/minimal,0.8220000000000001,0.07302190309086543,0.017107019940494222
Original eLCS — raw/minimal,0.8230000000000001,0.07272973148188103,0.017010913086895937
Original eLCS — raw/minimal,0.8240000000000001,0.0724375598728966,0.016914806233297653
Original eLCS — raw/minimal,0.8250000000000001,0.07214538826391217,0.016818699379699372
Original eLCS — raw/minimal,0.8260000000000001,0.07185321665492773,0.01672259252610109
Original eLCS — raw/minimal,0.8270000000000001,0.07156104504594332,0.016626485672502807
Original eLCS — raw/minimal,0.8280000000000001,0.0712688734369589,0.016530378818904526
Original eLCS — raw/minimal,0.8290000000000001,0.07097670182797448,0.016434271965306245
Original eLCS — raw/minimal,0.8300000000000001,0.07068453021899006,0.01633816511170796
Original eLCS — raw/minimal,0.8310000000000001,0.07039235861000563,0.01624205825810968
Original eLCS — raw/minimal,0.8320000000000001,0.0701001870010212,0.016145951404511402
Original eLCS — raw/minimal,0.833,0.06980801539203683,0.016049844550913128
Original eLCS — raw/minimal,0.834,0.0695158437830524,0.015953737697314844
Original eLCS — raw/minimal,0.835,0.06922367217406798,0.015857630843716566
Original eLCS — raw/minimal,0.836,0.06893150056508356,0.01576152399011828
Original eLCS — raw/minimal,0.837,0.06863932895609914,0.01566541713652
Original eLCS — raw/minimal,0.838,0.06834715734711472,0.015569310282921711
Original eLCS — raw/minimal,0.839,0.06805498573813032,0.015473203429323436
Original eLCS — raw/minimal,0.84,0.06776281412914588,0.015377096575725144
Original eLCS — raw/minimal,0.841,0.06747064252016144,0.015280989722126869
Original eLCS — raw/minimal,0.842,0.06717847091117703,0.01518488286852858
Original eLCS — raw/minimal,0.843,0.0668862993021926,0.015088776014930305
Original eLCS — raw/minimal,0.844,0.06659412769320817,0.014992669161332017
Original eLCS — raw/minimal,0.845,0.06630195608422376,0.01489656230773374
Original eLCS — raw/minimal,0.846,0.06600978447523934,0.014800455454135452
Original eLCS — raw/minimal,0.847,0.06571761286625491,0.014704348600537175
Original eLCS — raw/minimal,0.848,0.06542544125727048,0.01460824174693889
Original eLCS — raw/minimal,0.849,0.06513326964828607,0.014512134893340613
Original eLCS — raw/minimal,0.85,0.06484109803930165,0.014416028039742323
Original eLCS — raw/minimal,0.851,0.06454892643031723,0.014319921186144046
Original eLCS — raw/minimal,0.852,0.0642567548213328,0.014223814332545761
Original eLCS — raw/minimal,0.853,0.0639645832123484,0.014127707478947482
Original eLCS — raw/minimal,0.854,0.06367241160336394,0.014031600625349198
Original eLCS — raw/minimal,0.855,0.06338023999437953,0.013935493771750917
Original eLCS — raw/minimal,0.856,0.0630880683853951,0.01383938691815263
Original eLCS — raw/minimal,0.857,0.06279589677641069,0.013743280064554353
Original eLCS — raw/minimal,0.858,0.06250372516742626,0.013647173210956067
Original eLCS — raw/minimal,0.859,0.06221155355844186,0.01355106635735779
Original eLCS — raw/minimal,0.86,0.06191938194945742,0.013454959503759502
Original eLCS — raw/minimal,0.861,0.061627210340473006,0.013358852650161223
Original eLCS — raw/minimal,0.862,0.06133503873148858,0.013262745796562938
Original eLCS — raw/minimal,0.863,0.06104286712250416,0.013166638942964659
Original eLCS — raw/minimal,0.864,0.06075069551351973,0.013070532089366373
Original eLCS — raw/minimal,0.865,0.06045852390453532,0.012974425235768092
Original eLCS — raw/minimal,0.866,0.060166352295550875,0.012878318382169806
Original eLCS — raw/minimal,0.867,0.05987418068656647,0.012782211528571532
Original eLCS — raw/minimal,0.868,0.05958200907758203,0.012686104674973242
Original eLCS — raw/minimal,0.869,0.05928983746859762,0.012589997821374965
Original eLCS — raw/minimal,0.87,0.05899766585961319,0.012493890967776677
Original eLCS — raw/minimal,0.871,0.05870549425062878,0.012397784114178401
Original eLCS — raw/minimal,0.872,0.05841332264164436,0.012301677260580113
Original eLCS — raw/minimal,0.873,0.05812115103265995,0.012205570406981838
Original eLCS — raw/minimal,0.874,0.05782897942367552,0.01210946355338355
Original eLCS — raw/minimal,0.875,0.057536807814691095,0.012013356699785274
Original eLCS — raw/minimal,0.876,0.05724463620570667,0.011917249846186988
Original eLCS — raw/minimal,0.877,0.05695246459672225,0.011821142992588709
Original eLCS — raw/minimal,0.878,0.05666029298773782,0.011725036138990423
Original eLCS — raw/minimal,0.879,0.0563681213787534,0.011628929285392147
Original eLCS — raw/minimal,0.88,0.05607594976976897,0.011532822431793856
Original eLCS — raw/minimal,0.881,0.05578377816078456,0.011436715578195578
Original eLCS — raw/minimal,0.882,0.05549160655180013,0.011340608724597294
Original eLCS — raw/minimal,0.883,0.05519943494281572,0.011244501870999016
Original eLCS — raw/minimal,0.884,0.054907263333831294,0.011148395017400729
Original eLCS — raw/minimal,0.885,0.05461509172484687,0.011052288163802451
Original eLCS — raw/minimal,0.886,0.05432292011586244,0.010956181310204165
Original eLCS — raw/minimal,0.887,0.05403074850687802,0.010860074456605886
Original eLCS — raw/minimal,0.888,0.053738576897893596,0.0107639676030076
Original eLCS — raw/minimal,0.889,0.053446405288909184,0.01066786074940932
Original eLCS — raw/minimal,0.89,0.05315423367992476,0.010571753895811034
Original eLCS — raw/minimal,0.891,0.05286206207094033,0.010475647042212755
Original eLCS — raw/minimal,0.892,0.052569890461955905,0.01037954018861447
Original eLCS — raw/minimal,0.893,0.052277718852971486,0.010283433335016192
Original eLCS — raw/minimal,0.894,0.05198554724398706,0.010187326481417906
Original eLCS — raw/minimal,0.895,0.05169337563500265,0.010091219627819628
Original eLCS — raw/minimal,0.896,0.05140120402601822,0.009995112774221342
Original eLCS — raw/minimal,0.897,0.051109032417033795,0.009899005920623065
Original eLCS — raw/minimal,0.898,0.05081686080804937,0.009802899067024777
Original eLCS — raw/minimal,0.899,0.05052468919906496,0.0097067922134265
Original eLCS — raw/minimal,0.9,0.05023251759008053,0.009610685359828211
Original eLCS — raw/minimal,0.901,0.049940345981096104,0.009514578506229934
Original eLCS — raw/minimal,0.902,0.049648174372111685,0.009418471652631648
Original eLCS — raw/minimal,0.903,0.049356002763127266,0.009322364799033369
Original eLCS — raw/minimal,0.904,0.049063831154142847,0.009226257945435083
Original eLCS — raw/minimal,0.905,0.04877165954515843,0.009130151091836803
Original eLCS — raw/minimal,0.906,0.048479487936174,0.009034044238238517
Original eLCS — raw/minimal,0.907,0.04818731632718958,0.008937937384640241
Original eLCS — raw/minimal,0.908,0.047895144718205156,0.008841830531041955
Original eLCS — raw/minimal,0.909,0.047602973109220736,0.008745723677443676
Original eLCS — raw/minimal,0.91,0.04731080150023631,0.00864961682384539
Original eLCS — raw/minimal,0.911,0.04701862989125189,0.008553509970247113
Original eLCS — raw/minimal,0.912,0.046726458282267465,0.008457403116648825
Original eLCS — raw/minimal,0.913,0.04643428667328305,0.008361296263050547
Original eLCS — raw/minimal,0.914,0.04614211506429862,0.00826518940945226
Original eLCS — raw/minimal,0.915,0.0458499434553142,0.008169082555853982
Original eLCS — raw/minimal,0.916,0.045557771846329774,0.008072975702255696
Original eLCS — raw/minimal,0.917,0.045265600237345355,0.007976868848657415
Original eLCS — raw/minimal,0.918,0.044973428628360936,0.007880761995059134
Original eLCS — raw/minimal,0.919,0.04468125701937651,0.007784655141460851
Original eLCS — raw/minimal,0.92,0.04438908541039209,0.00768854828786257
Original eLCS — raw/minimal,0.921,0.044096913801407664,0.007592441434264287
Original eLCS — raw/minimal,0.922,0.043804742192423245,0.007496334580666004
Original eLCS — raw/minimal,0.923,0.043512570583438825,0.007400227727067722
Original eLCS — raw/minimal,0.924,0.043220398974454406,0.00730412087346944
Original eLCS — raw/minimal,0.925,0.04292822736546997,0.007208014019871158
Original eLCS — raw/minimal,0.926,0.042636055756485554,0.007111907166272877
Original eLCS — raw/minimal,0.927,0.042343884147501135,0.007015800312674594
Original eLCS — raw/minimal,0.928,0.04205171253851671,0.006919693459076311
Original eLCS — raw/minimal,0.929,0.04175954092953228,0.006823586605478029
Original eLCS — raw/minimal,0.93,0.04146736932054786,0.006727479751879747
Original eLCS — raw/minimal,0.931,0.04117519771156345,0.006631372898281465
Original eLCS — raw/minimal,0.932,0.04088302610257901,0.006535266044683184
Original eLCS — raw/minimal,0.933,0.0405908544935946,0.006439159191084899
Original eLCS — raw/minimal,0.934,0.04029868288461018,0.006343052337486618
Original eLCS — raw/minimal,0.935,0.04000651127562575,0.006246945483888334
Original eLCS — raw/minimal,0.936,0.039714339666641334,0.006150838630290054
Original eLCS — raw/minimal,0.937,0.039422168057656914,0.006054731776691771
Original eLCS — raw/minimal,0.9380000000000001,0.03912999644867249,0.00595862492309349
Original eLCS — raw/minimal,0.9390000000000001,0.03883782483968807,0.005862518069495207
Original eLCS — raw/minimal,0.9400000000000001,0.03854565323070364,0.005766411215896924
Original eLCS — raw/minimal,0.9410000000000001,0.038253481621719224,0.005670304362298641
Original eLCS — raw/minimal,0.9420000000000001,0.037961310012734804,0.005574197508700359
Original eLCS — raw/minimal,0.9430000000000001,0.03766913840375038,0.0054780906551020764
Original eLCS — raw/minimal,0.9440000000000001,0.03737696679476595,0.0053819838015037955
Original eLCS — raw/minimal,0.9450000000000001,0.037084795185781526,0.005285876947905512
Original eLCS — raw/minimal,0.9460000000000001,0.03679262357679711,0.005189770094307231
Original eLCS — raw/minimal,0.9470000000000001,0.03650045196781269,0.0050936632407089484
Original eLCS — raw/minimal,0.9480000000000001,0.03620828035882826,0.0049975563871106675
Original eLCS — raw/minimal,0.9490000000000001,0.03591610874984384,0.004901449533512383
Original eLCS — raw/minimal,0.9500000000000001,0.03562393714085943,0.004805342679914103
Original eLCS — raw/minimal,0.9510000000000001,0.035331765531874997,0.00470923582631582
Original eLCS — raw/minimal,0.9520000000000001,0.03503959392289058,0.004613128972717537
Original eLCS — raw/minimal,0.9530000000000001,0.03474742231390615,0.004517022119119255
Original eLCS — raw/minimal,0.9540000000000001,0.03445525070492174,0.004420915265520972
Original eLCS — raw/minimal,0.9550000000000001,0.03416307909593731,0.00432480841192269
Original eLCS — raw/minimal,0.9560000000000001,0.033870907486952886,0.004228701558324408
Original eLCS — raw/minimal,0.9570000000000001,0.03357873587796847,0.004132594704726125
Original eLCS — raw/minimal,0.9580000000000001,0.03328656426898404,0.0040364878511278445
Original eLCS — raw/minimal,0.9590000000000001,0.03299439265999962,0.003940380997529561
Original eLCS — raw/minimal,0.96,0.03270222105101523,0.003844274143931289
Original eLCS — raw/minimal,0.961,0.03241004944203081,0.0037481672903330082
Original eLCS — raw/minimal,0.962,0.03211787783304639,0.0036520604367347243
Original eLCS — raw/minimal,0.963,0.031825706224061966,0.003555953583136444
Original eLCS — raw/minimal,0.964,0.031533534615077546,0.0034598467295381607
Original eLCS — raw/minimal,0.965,0.031241363006093127,0.003363739875939879
Original eLCS — raw/minimal,0.966,0.030949191397108694,0.0032676330223415963
Original eLCS — raw/minimal,0.967,0.030657019788124275,0.0031715261687433154
Original eLCS — raw/minimal,0.968,0.030364848179139852,0.0030754193151450323
Original eLCS — raw/minimal,0.969,0.030072676570155433,0.0029793124615467505
Original eLCS — raw/minimal,0.97,0.02978050496117101,0.002883205607948468
Original eLCS — raw/minimal,0.971,0.029488333352186584,0.0027870987543501848
Original eLCS — raw/minimal,0.972,0.029196161743202165,0.0026909919007519025
Original eLCS — raw/minimal,0.973,0.028903990134217745,0.0025948850471536203
Original eLCS — raw/minimal,0.974,0.02861181852523332,0.002498778193555338
Original eLCS — raw/minimal,0.975,0.028319646916248897,0.0024026713399570554
Original eLCS — raw/minimal,0.976,0.028027475307264477,0.0023065644863587737
Original eLCS — raw/minimal,0.977,0.027735303698280055,0.0022104576327604927
Original eLCS — raw/minimal,0.978,0.02744313208929563,0.0021143507791622092
Original eLCS — raw/minimal,0.979,0.027150960480311202,0.0020182439255639274
Original eLCS — raw/minimal,0.98,0.02685878887132679,0.0019221370719656441
Original eLCS — raw/minimal,0.981,0.026566617262342367,0.001826030218367363
Original eLCS — raw/minimal,0.982,0.02627444565335794,0.0017299233647690804
Original eLCS — raw/minimal,0.983,0.025982274044373522,0.0016338165111707988
Original eLCS — raw/minimal,0.984,0.0256901024353891,0.0015377096575725155
Original eLCS — raw/minimal,0.985,0.025397930826404673,0.001441602803974234
Original eLCS — raw/minimal,0.986,0.025105759217420254,0.001345495950375951
Original eLCS — raw/minimal,0.987,0.024813587608435834,0.001249389096777669
Original eLCS — raw/minimal,0.988,0.02452141599945141,0.0011532822431793864
Original eLCS — raw/minimal,0.989,0.024229244390466986,0.0010571753895811053
Original eLCS — raw/minimal,0.99,0.02393707278148257,0.0009610685359828215
Original eLCS — raw/minimal,0.991,0.023644901172498144,0.0008649616823845406
Original eLCS — raw/minimal,0.992,0.023352729563513717,0.0007688548287862573
Original eLCS — raw/minimal,0.993,0.023060557954529295,0.0006727479751879765
Original eLCS — raw/minimal,0.994,0.02276838634554488,0.000576641121589693
Original eLCS — raw/minimal,0.995,0.022476214736560456,0.00048053426799141185
Original eLCS — raw/minimal,0.996,0.022184043127576034,0.00038442741439312817
Original eLCS — raw/minimal,0.997,0.021891871518591614,0.00028832056079484703
Original eLCS — raw/minimal,0.998,0.021599699909607188,0.00019221370719656343
Original eLCS — raw/minimal,0.999,0.021307528300622762,9.610685359828325e-05
Original eLCS — raw/minimal,1.0,0.021015356691638343,0.0
Original eLCS — preprocessed,0.0,1.0,0.0
Original eLCS — preprocessed,0.001,0.4713933653111594,0.31807653889207116
Original eLCS — preprocessed,0.002,0.3406816190973777,0.26245059190953596
Original eLCS — preprocessed,0.003,0.26071481948119063,0.20407220270384227
Original eLCS — preprocessed,0.004,0.22099988961579947,0.17604889460178147
Original eLCS — preprocessed,0.005,0.1957647189380274,0.1500060415097655
Original eLCS — preprocessed,0.006,0.17849224548041295,0.12877672458021827
Original eLCS — preprocessed,0.007,0.16480415494432915,0.09935146287454508
Original eLCS — preprocessed,0.008,0.15220754103115602,0.07455207562443038
Original eLCS — preprocessed,0.009000000000000001,0.15352558136546834,0.0727760454097211
Original eLCS — preprocessed,0.01,0.15552336930200183,0.07461920262137793
Original eLCS — preprocessed,0.011,0.15179947592139642,0.07132399612069369
Original eLCS — preprocessed,0.012,0.15074801414503095,0.07098649151379913
Original eLCS — preprocessed,0.013000000000000001,0.1509850163391232,0.06808298017018286
Original eLCS — preprocessed,0.014,0.15356491363989574,0.06866722634969107
Original eLCS — preprocessed,0.015,0.15664861569880356,0.06901542996731659
Original eLCS — preprocessed,0.016,0.15797752830703263,0.06717534244370797
Original eLCS — preprocessed,0.017,0.14440688075220243,0.07493559030196581
Original eLCS — preprocessed,0.018000000000000002,0.13819500394929712,0.07313093223198208
Original eLCS — preprocessed,0.019,0.13392371478327822,0.06960943349638896
Original eLCS — preprocessed,0.02,0.13127707980310405,0.06771469751014428
Original eLCS — preprocessed,0.021,0.12724734898431583,0.06689226788123238
Original eLCS — preprocessed,0.022,0.1256348862799332,0.06470779761040556
Original eLCS — preprocessed,0.023,0.12719650285954176,0.06582130810249599
Original eLCS — preprocessed,0.024,0.1290987871488754,0.06682564984573879
Original eLCS — preprocessed,0.025,0.12922843929144032,0.06603680500013501
Original eLCS — preprocessed,0.026000000000000002,0.1275356878828619,0.06535742812818718
Original eLCS — preprocessed,0.027,0.1261603866821447,0.06733464088510639
Original eLCS — preprocessed,0.028,0.11873833159807065,0.06023506020336268
Original eLCS — preprocessed,0.029,0.11756065970928997,0.060282248753088005
Original eLCS — preprocessed,0.03,0.1149101810510446,0.05952664592509832
Original eLCS — preprocessed,0.031,0.11420537825117812,0.06068574525631683
Original eLCS — preprocessed,0.032,0.1140642714488042,0.06160443903448962
Original eLCS — preprocessed,0.033,0.11380897195932065,0.06227858442476864
Original eLCS — preprocessed,0.034,0.113724077280878,0.06289730796198684
Original eLCS — preprocessed,0.035,0.11231448610285173,0.06531239159767788
Original eLCS — preprocessed,0.036000000000000004,0.1110731646232697,0.06769286781521318
Original eLCS — preprocessed,0.037,0.11134707268327397,0.06845654829538303
Original eLCS — preprocessed,0.038,0.11225906181771687,0.069400902696294
Original eLCS — preprocessed,0.039,0.11169680035067095,0.06913810450434289
Original eLCS — preprocessed,0.04,0.10828810231478332,0.06654654380317207
Original eLCS — preprocessed,0.041,0.1056372792770989,0.06607671363638773
Original eLCS — preprocessed,0.042,0.10539076219682146,0.06629401994621023
Original eLCS — preprocessed,0.043000000000000003,0.10158157209221844,0.06838504470833963
Original eLCS — preprocessed,0.044,0.0997572313437257,0.0703402043159943
Original eLCS — preprocessed,0.045,0.1004398207196477,0.07073250673018522
Original eLCS — preprocessed,0.046,0.10013100221534658,0.0704956815460848
Original eLCS — preprocessed,0.047,0.09863092738347709,0.07158575175905109
Original eLCS — preprocessed,0.048,0.09884757763611159,0.07226343088890927
Original eLCS — preprocessed,0.049,0.09915889773321461,0.07293346038946448
Original eLCS — preprocessed,0.05,0.09974627690138568,0.07359532484074736
Original eLCS — preprocessed,0.051000000000000004,0.09975081683048652,0.07298730624207656
Original eLCS — preprocessed,0.052000000000000005,0.10004219265282813,0.07361615998445152
Original eLCS — preprocessed,0.053,0.10078343743874056,0.07415830037770964
Original eLCS — preprocessed,0.054,0.10119612043334263,0.0740369712349691
Original eLCS — preprocessed,0.055,0.101617017659664,0.07394015411943455
Original eLCS — preprocessed,0.056,0.10163740030597816,0.07334298987370623
Original eLCS — preprocessed,0.057,0.1013672196720367,0.07250874402641222
Original eLCS — preprocessed,0.058,0.10108407780359616,0.07171792067915446
Original eLCS — preprocessed,0.059000000000000004,0.10066192934309577,0.0707337357096891
Original eLCS — preprocessed,0.06,0.10043015520864987,0.06975851890952832
Original eLCS — preprocessed,0.061,0.09758599926070252,0.06529452816073304
Original eLCS — preprocessed,0.062,0.09625343746593115,0.06381193225845769
Original eLCS — preprocessed,0.063,0.0944263066168838,0.06210137413174523
Original eLCS — preprocessed,0.064,0.09324320652179321,0.06117656072560532
Original eLCS — preprocessed,0.065,0.09310788057022748,0.061039225443836415
Original eLCS — preprocessed,0.066,0.09319594488903846,0.06100449628534924
Original eLCS — preprocessed,0.067,0.09336640864792962,0.061113277354799565
Original eLCS — preprocessed,0.068,0.09343838463359197,0.06078097359999577
Original eLCS — preprocessed,0.069,0.09372917213376016,0.06092394794399945
Original eLCS — preprocessed,0.07,0.09403093761105354,0.06119872252247327
Original eLCS — preprocessed,0.07100000000000001,0.0942374089818585,0.06148918556396081
Original eLCS — preprocessed,0.07200000000000001,0.09431896014190391,0.06169138588146412
Original eLCS — preprocessed,0.073,0.09421316707659808,0.06161636004215709
Original eLCS — preprocessed,0.074,0.09424542871339217,0.06183174490701477
Original eLCS — preprocessed,0.075,0.09428689023859252,0.06184669544765025
Original eLCS — preprocessed,0.076,0.09429654998629691,0.06181362631382666
Original eLCS — preprocessed,0.077,0.09383140980386492,0.061651084387036384
Original eLCS — preprocessed,0.078,0.09367877658969301,0.06149101981525673
Original eLCS — preprocessed,0.079,0.09382807019336183,0.061432797438489235
Original eLCS — preprocessed,0.08,0.09394195487470172,0.06157496608866484
Original eLCS — preprocessed,0.081,0.09397315697571892,0.061710678561986046
Original eLCS — preprocessed,0.082,0.09405509742784245,0.06202189107088079
Original eLCS — preprocessed,0.083,0.09391153291605658,0.062487828501638934
Original eLCS — preprocessed,0.084,0.09391715196955583,0.06292497013334637
Original eLCS — preprocessed,0.085,0.09405540867131001,0.06327710488011752
Original eLCS — preprocessed,0.08600000000000001,0.09415925497867783,0.06346774905161347
Original eLCS — preprocessed,0.08700000000000001,0.09420560024490526,0.06367239303365178
Original eLCS — preprocessed,0.088,0.09416257428761488,0.06391597119110178
Original eLCS — preprocessed,0.089,0.09389282711953471,0.06419658226780668
Original eLCS — preprocessed,0.09,0.09385152963385834,0.06422357312271779
Original eLCS — preprocessed,0.091,0.09411493189164565,0.06439223521353285
Original eLCS — preprocessed,0.092,0.09435013357908864,0.06461151258252248
Original eLCS — preprocessed,0.093,0.09449794672199219,0.06463923450262606
Original eLCS — preprocessed,0.094,0.09444095929472011,0.06460249396533611
Original eLCS — preprocessed,0.095,0.0943688672844484,0.06492597025769192
Original eLCS — preprocessed,0.096,0.09416460730024599,0.06441336294894696
Original eLCS — preprocessed,0.097,0.0942126373810049,0.0644294650653574
Original eLCS — preprocessed,0.098,0.09407180020390227,0.0644499126260645
Original eLCS — preprocessed,0.099,0.09369104438340296,0.06406846628353156
Original eLCS — preprocessed,0.1,0.0934180710296303,0.06369718165938262
Original eLCS — preprocessed,0.101,0.09318905309031979,0.06318703094386352
Original eLCS — preprocessed,0.10200000000000001,0.09296643751241454,0.06268345848033403
Original eLCS — preprocessed,0.10300000000000001,0.09290681709526186,0.06234309655928013
Original eLCS — preprocessed,0.10400000000000001,0.09315627327203968,0.06242285956740821
Original eLCS — preprocessed,0.105,0.09337083778843364,0.06248092789902398
Original eLCS — preprocessed,0.106,0.09357075762613185,0.062516751239572
Original eLCS — preprocessed,0.107,0.093735224902662,0.0625407239499363
Original eLCS — preprocessed,0.108,0.09391740730615902,0.06255211848612739
Original eLCS — preprocessed,0.109,0.09400616435168029,0.0624689195816693
Original eLCS — preprocessed,0.11,0.09403017435422881,0.062293467821645944
Original eLCS — preprocessed,0.111,0.09396744501583418,0.06205408456547375
Original eLCS — preprocessed,0.112,0.09359232919196422,0.06149727117580025
Original eLCS — preprocessed,0.113,0.09316557057002504,0.060777994361149376
Original eLCS — preprocessed,0.114,0.09292309133178735,0.060662710003536166
Original eLCS — preprocessed,0.115,0.09224132366385651,0.059807284470080185
Original eLCS — preprocessed,0.116,0.0919329679217818,0.05914438511441587
Original eLCS — preprocessed,0.117,0.09210964226001979,0.0591091548072939
Original eLCS — preprocessed,0.11800000000000001,0.09227741220173388,0.059220236298296335
Original eLCS — preprocessed,0.11900000000000001,0.09231923342168566,0.05919162293206714
Original eLCS — preprocessed,0.12,0.09247420408330789,0.05918589288335475
Original eLCS — preprocessed,0.121,0.09275886619054055,0.059318347014828965
Original eLCS — preprocessed,0.122,0.09300468816755612,0.0593987630474675
Original eLCS — preprocessed,0.123,0.09321659552781833,0.05945236676212937
Original eLCS — preprocessed,0.124,0.09341952110921081,0.05950949617512119
Original eLCS — preprocessed,0.125,0.09359674534915213,0.05958870375462348
Original eLCS — preprocessed,0.126,0.09382076895042382,0.05971804636658008
Original eLCS — preprocessed,0.127,0.09381607074370357,0.05959459335583694
Original eLCS — preprocessed,0.128,0.09365244128019971,0.059335077163582155
Original eLCS — preprocessed,0.129,0.09347682583428125,0.0590895459218533
Original eLCS — preprocessed,0.13,0.09354071165904357,0.05908866071074199
Original eLCS — preprocessed,0.131,0.09370169889153152,0.059180075963064
Original eLCS — preprocessed,0.132,0.09387753260544823,0.059268835177640006
Original eLCS — preprocessed,0.133,0.0939762811789321,0.05924841274781338
Original eLCS — preprocessed,0.134,0.09410880586912984,0.05930501467104533
Original eLCS — preprocessed,0.135,0.0943119106181791,0.05942490007788409
Original eLCS — preprocessed,0.136,0.09452480390076701,0.05954433169026665
Original eLCS — preprocessed,0.137,0.094759563674663,0.05964559912951192
Original eLCS — preprocessed,0.138,0.09494856593350878,0.0597427923991597
Original eLCS — preprocessed,0.139,0.09512443636212319,0.05984255425474869
Original eLCS — preprocessed,0.14,0.09532131017355551,0.0599672693533987
Original eLCS — preprocessed,0.14100000000000001,0.09527116870036807,0.06002412996464531
Original eLCS — preprocessed,0.14200000000000002,0.09521556028915858,0.06007917279237531
Original eLCS — preprocessed,0.14300000000000002,0.0947883001796431,0.05963973266573714
Original eLCS — preprocessed,0.14400000000000002,0.09395227950911285,0.058596539272128476
Original eLCS — preprocessed,0.145,0.09356665989558699,0.05826117259977922
Original eLCS — preprocessed,0.146,0.09188486292769184,0.05718707007109137
Original eLCS — preprocessed,0.147,0.09171943523928111,0.05700967284112801
Original eLCS — preprocessed,0.148,0.09171654195367636,0.056919976074965344
Original eLCS — preprocessed,0.149,0.09172618117851136,0.05685453438201676
Original eLCS — preprocessed,0.15,0.0916654885785446,0.05674879355689763
Original eLCS — preprocessed,0.151,0.09159718961842936,0.05661998700388552
Original eLCS — preprocessed,0.152,0.09150413924652996,0.05640013717988586
Original eLCS — preprocessed,0.153,0.09140168457458582,0.056168812035573785
Original eLCS — preprocessed,0.154,0.09128612698146787,0.055937789792370976
Original eLCS — preprocessed,0.155,0.09099433911023579,0.05543969050615501
Original eLCS — preprocessed,0.156,0.09082175386124482,0.05513009396132301
Original eLCS — preprocessed,0.157,0.09064974646308818,0.054832496106189205
Original eLCS — preprocessed,0.158,0.0905852070309193,0.05469114523074867
Original eLCS — preprocessed,0.159,0.09052763551515239,0.05456321690598089
Original eLCS — preprocessed,0.16,0.09030238790599346,0.0541743069572579
Original eLCS — preprocessed,0.161,0.08969957741426697,0.053457697316745025
Original eLCS — preprocessed,0.162,0.08916679738778496,0.05287115835508106
Original eLCS — preprocessed,0.163,0.08870613760758742,0.05234036324833675
Original eLCS — preprocessed,0.164,0.08824573577055725,0.05182847844915128
Original eLCS — preprocessed,0.165,0.08786301969396182,0.05146407854987514
Original eLCS — preprocessed,0.166,0.08769972550371692,0.05136442359952086
Original eLCS — preprocessed,0.167,0.08752054790769337,0.05129013000358703
Original eLCS — preprocessed,0.168,0.0868809963882482,0.05055672474986602
Original eLCS — preprocessed,0.169,0.08670573285371977,0.0504740729723192
Original eLCS — preprocessed,0.17,0.08667219544596336,0.0505046188641947
Original eLCS — preprocessed,0.171,0.08666757681433025,0.05055972801952044
Original eLCS — preprocessed,0.17200000000000001,0.08670734940072591,0.050652939016991694
Original eLCS — preprocessed,0.17300000000000001,0.08673338097502728,0.05074065417930073
Original eLCS — preprocessed,0.17400000000000002,0.08677692296914466,0.05084561542546933
Original eLCS — preprocessed,0.17500000000000002,0.08677895288315458,0.05088185438422795
Original eLCS — preprocessed,0.176,0.08682454210862757,0.05093079455495719
Original eLCS — preprocessed,0.177,0.08687013133410057,0.050980728369247746
Original eLCS — preprocessed,0.178,0.08689756143658973,0.05099490569887531
Original eLCS — preprocessed,0.179,0.08689031468308403,0.05098164181373748
Original eLCS — preprocessed,0.18,0.08687598257577514,0.05096945899721792
Original eLCS — preprocessed,0.181,0.08686292542260288,0.050976297691946316
Original eLCS — preprocessed,0.182,0.08677497976036198,0.05093413157366573
Original eLCS — preprocessed,0.183,0.08672684482469455,0.050925005630050334
Original eLCS — preprocessed,0.184,0.08665049914173475,0.05088350161425408
Original eLCS — preprocessed,0.185,0.08660034737529224,0.05084798195811775
Original eLCS — preprocessed,0.186,0.08656083089630923,0.05081953051003151
Original eLCS — preprocessed,0.187,0.08652131441732622,0.05079147749770671
Original eLCS — preprocessed,0.188,0.08647303677904816,0.0507585614086553
Original eLCS — preprocessed,0.189,0.0836818329511901,0.04732214686676135
Original eLCS — preprocessed,0.19,0.07861184050362777,0.04485936056600695
Original eLCS — preprocessed,0.191,0.07781410350260645,0.044926040891671286
Original eLCS — preprocessed,0.192,0.07778519723490336,0.044882423841037584
Original eLCS — preprocessed,0.193,0.07774335597806689,0.04485016922890961
Original eLCS — preprocessed,0.194,0.07773400691877128,0.04484650919271675
Original eLCS — preprocessed,0.195,0.07777305434962875,0.04488262615097414
Original eLCS — preprocessed,0.196,0.07781210178048623,0.04491931470360597
Original eLCS — preprocessed,0.197,0.07786087601923457,0.04498042375845297
Original eLCS — preprocessed,0.198,0.07779746750804137,0.04484710708557515
Original eLCS — preprocessed,0.199,0.07744717903449373,0.044156081575200394
Original eLCS — preprocessed,0.2,0.07716822110192666,0.04368914276690649
Original eLCS — preprocessed,0.201,0.07706961436150263,0.0436131976432291
Original eLCS — preprocessed,0.202,0.07709500238238513,0.04368758033700966
Original eLCS — preprocessed,0.203,0.07714149320303405,0.043760642855476234
Original eLCS — preprocessed,0.20400000000000001,0.07710061141192143,0.04365191169652948
Original eLCS — preprocessed,0.20500000000000002,0.07702842003965753,0.04348098736795755
Original eLCS — preprocessed,0.20600000000000002,0.07697802421485589,0.04332687343005738
Original eLCS — preprocessed,0.20700000000000002,0.07692624498122054,0.0431639160220402
Original eLCS — preprocessed,0.20800000000000002,0.07681862187230296,0.04300227753135992
Original eLCS — preprocessed,0.209,0.07674859454816667,0.04284076158119862
Original eLCS — preprocessed,0.21,0.07666690547570094,0.04267998066496513
Original eLCS — preprocessed,0.211,0.07653383710380038,0.042520369038893904
Original eLCS — preprocessed,0.212,0.07639693142416173,0.042361885608155306
Original eLCS — preprocessed,0.213,0.07630901234882577,0.04220286850515513
Original eLCS — preprocessed,0.214,0.07634151009574197,0.04227614573983938
Original eLCS — preprocessed,0.215,0.07629122925619335,0.042139971299464
Original eLCS — preprocessed,0.216,0.0762123725809536,0.04200493549103306
Original eLCS — preprocessed,0.217,0.07612468525074685,0.04187055498208897
Original eLCS — preprocessed,0.218,0.07614852882677188,0.041885834204806766
Original eLCS — preprocessed,0.219,0.07617425396350065,0.04191253536260148
Original eLCS — preprocessed,0.22,0.07580175969196637,0.04127774445751916
Original eLCS — preprocessed,0.221,0.07573011607239688,0.0412060536550522
Original eLCS — preprocessed,0.222,0.07566619810835543,0.04113493971217001
Original eLCS — preprocessed,0.223,0.07566255590859325,0.0411535653755229
Original eLCS — preprocessed,0.224,0.07558254226674616,0.04101669662948588
Original eLCS — preprocessed,0.225,0.07546472297074071,0.04080417190175976
Original eLCS — preprocessed,0.226,0.0753260579461741,0.040592106740153705
Original eLCS — preprocessed,0.227,0.07488489005596345,0.04039764764575975
Original eLCS — preprocessed,0.228,0.07428105967225947,0.04025579431961986
Original eLCS — preprocessed,0.229,0.07409683332944836,0.04005465320464936
Original eLCS — preprocessed,0.23,0.07380032059973843,0.039881798967233394
Original eLCS — preprocessed,0.231,0.07370141307595969,0.039833480794911884
Original eLCS — preprocessed,0.232,0.07333527568542562,0.039231813330573295
Original eLCS — preprocessed,0.233,0.0720131880006358,0.03686705926811959
Original eLCS — preprocessed,0.234,0.07138319485518055,0.035890741716550836
Original eLCS — preprocessed,0.23500000000000001,0.07127721669568524,0.03588335102380758
Original eLCS — preprocessed,0.23600000000000002,0.07123509442750711,0.035886770506116515
Original eLCS — preprocessed,0.23700000000000002,0.06936653437961562,0.03324277127124522
Original eLCS — preprocessed,0.23800000000000002,0.0693088245990044,0.03320037829426967
Original eLCS — preprocessed,0.23900000000000002,0.0692511148183932,0.033157994428015355
Original eLCS — preprocessed,0.24,0.06919340503778197,0.033115619707464045
Original eLCS — preprocessed,0.241,0.06913569525717075,0.033073254167769225
Original eLCS — preprocessed,0.242,0.06907798547655955,0.03303089784425708
Original eLCS — preprocessed,0.243,0.06902027569594833,0.03298855077242753
Original eLCS — preprocessed,0.244,0.06896256591533712,0.03294621298795522
Original eLCS — preprocessed,0.245,0.06890485613472588,0.032903884526690595
Original eLCS — preprocessed,0.246,0.06884714635411467,0.032861565424660885
Original eLCS — preprocessed,0.247,0.06878943657350346,0.03281925571807115
Original eLCS — preprocessed,0.248,0.06873607312122043,0.03277796271004843
Original eLCS — preprocessed,0.249,0.06868283884303106,0.032736730083848684
Original eLCS — preprocessed,0.25,0.06863589640152087,0.03269703516837645
Original eLCS — preprocessed,0.251,0.06859748569054759,0.03265952707330319
Original eLCS — preprocessed,0.252,0.06855712380009797,0.032621710331025885
Original eLCS — preprocessed,0.253,0.06851602793792949,0.032583862970293004
Original eLCS — preprocessed,0.254,0.06847493207576098,0.03254616765269454
Original eLCS — preprocessed,0.255,0.06843383621359249,0.03250862490713454
Original eLCS — preprocessed,0.256,0.06839274035142398,0.032471235262817366
Original eLCS — preprocessed,0.257,0.0683516444892555,0.03243399924922454
Original eLCS — preprocessed,0.258,0.0681461239724137,0.0323523792320535
Original eLCS — preprocessed,0.259,0.06806898129731688,0.03230542103655426
Original eLCS — preprocessed,0.26,0.06800869876115408,0.03226256370087713
Original eLCS — preprocessed,0.261,0.06796409698324243,0.03222356221587048
Original eLCS — preprocessed,0.262,0.06791949520533079,0.03218466937442499
Original eLCS — preprocessed,0.263,0.06787489342741915,0.032145885570879475
Original eLCS — preprocessed,0.264,0.06782656292392678,0.03210622316467391
Original eLCS — preprocessed,0.265,0.06779339241175733,0.03207074623753424
Original eLCS — preprocessed,0.266,0.06772107050640244,0.03202470478246585
Original eLCS — preprocessed,0.267,0.06757281159390247,0.03195921033070302
Original eLCS — preprocessed,0.268,0.06744231925028657,0.03189988421983472
Original eLCS — preprocessed,0.269,0.06732378905674316,0.03184441557844344
Original eLCS — preprocessed,0.27,0.06720525886319978,0.03178990462443962
Original eLCS — preprocessed,0.271,0.06708672866965638,0.03173635629264848
Original eLCS — preprocessed,0.272,0.06698781313741994,0.03168686231799958
Original eLCS — preprocessed,0.273,0.06692482638382755,0.03164333640822211
Original eLCS — preprocessed,0.274,0.0668618396302351,0.03159981049844464
Original eLCS — preprocessed,0.275,0.06679885287664267,0.03155628458866717
Original eLCS — preprocessed,0.276,0.06673586612305024,0.031512758678889696
Original eLCS — preprocessed,0.277,0.0666728793694578,0.031469232769112225
Original eLCS — preprocessed,0.278,0.06660989261586536,0.03142570685933475
Original eLCS — preprocessed,0.279,0.06654690586227294,0.03138218094955728
Original eLCS — preprocessed,0.28,0.06648391910868051,0.031338655039779804
Original eLCS — preprocessed,0.281,0.06642093235508809,0.03129512913000233
Original eLCS — preprocessed,0.28200000000000003,0.06635794560149563,0.03125160322022486
Original eLCS — preprocessed,0.28300000000000003,0.0662949588479032,0.03120807731044739
Original eLCS — preprocessed,0.28400000000000003,0.06623197209431078,0.031164551400669916
Original eLCS — preprocessed,0.28500000000000003,0.06616898534071833,0.031121025490892445
Original eLCS — preprocessed,0.28600000000000003,0.0661059985871259,0.03107749958111498
Original eLCS — preprocessed,0.28700000000000003,0.06604301183353348,0.031033973671337502
Original eLCS — preprocessed,0.28800000000000003,0.06598002507994105,0.03099044776156003
Original eLCS — preprocessed,0.289,0.06591703832634863,0.03094692185178256
Original eLCS — preprocessed,0.29,0.06585405157275617,0.030903395942005092
Original eLCS — preprocessed,0.291,0.06579106481916375,0.03085987003222762
Original eLCS — preprocessed,0.292,0.06572807806557132,0.030816344122450146
Original eLCS — preprocessed,0.293,0.06566509131197888,0.03077281821267267
Original eLCS — preprocessed,0.294,0.06560210455838646,0.0307292923028952
Original eLCS — preprocessed,0.295,0.06553911780479402,0.03068576639311773
Original eLCS — preprocessed,0.296,0.06547613105120159,0.030642240483340258
Original eLCS — preprocessed,0.297,0.06541314429760917,0.030598714573562787
Original eLCS — preprocessed,0.298,0.06535015754401671,0.030555188663785315
Original eLCS — preprocessed,0.299,0.06528717079042429,0.030511662754007837
Original eLCS — preprocessed,0.3,0.06522418403683186,0.030468136844230373
Original eLCS — preprocessed,0.301,0.06516119728323941,0.030424610934452895
Original eLCS — preprocessed,0.302,0.065098210529647,0.030381085024675424
Original eLCS — preprocessed,0.303,0.06503522377605456,0.030337559114897952
Original eLCS — preprocessed,0.304,0.06497223702246213,0.03029403320512048
Original eLCS — preprocessed,0.305,0.06490925026886969,0.030250507295343006
Original eLCS — preprocessed,0.306,0.06484626351527725,0.030206981385565542
Original eLCS — preprocessed,0.307,0.06478327676168483,0.030163455475788064
Original eLCS — preprocessed,0.308,0.0647202900080924,0.030119929566010596
Original eLCS — preprocessed,0.309,0.06465730325449996,0.03007640365623312
Original eLCS — preprocessed,0.31,0.06459431650090754,0.030032877746455647
Original eLCS — preprocessed,0.311,0.0645313297473151,0.029989351836678176
Original eLCS — preprocessed,0.312,0.06446834299372267,0.029945825926900704
Original eLCS — preprocessed,0.313,0.06440535624013023,0.029902300017123237
Original eLCS — preprocessed,0.314,0.06434236948653779,0.029858774107345762
Original eLCS — preprocessed,0.315,0.06427938273294538,0.029815248197568287
Original eLCS — preprocessed,0.316,0.06421639597935294,0.029771722287790816
Original eLCS — preprocessed,0.317,0.0641534092257605,0.029728196378013348
Original eLCS — preprocessed,0.318,0.06409042247216806,0.029684670468235877
Original eLCS — preprocessed,0.319,0.06402743571857564,0.029641144558458406
Original eLCS — preprocessed,0.32,0.06396444896498321,0.029597618648680928
Original eLCS — preprocessed,0.321,0.06390146221139079,0.029554092738903456
Original eLCS — preprocessed,0.322,0.06383847545779833,0.029510566829125985
Original eLCS — preprocessed,0.323,0.0637754887042059,0.02946704091934851
Original eLCS — preprocessed,0.324,0.06371250195061347,0.02942351500957104
Original eLCS — preprocessed,0.325,0.06364951519702104,0.029379989099793568
Original eLCS — preprocessed,0.326,0.06358652844342862,0.029336463190016097
Original eLCS — preprocessed,0.327,0.06352354168983618,0.029292937280238626
Original eLCS — preprocessed,0.328,0.06346055493624375,0.029249411370461154
Original eLCS — preprocessed,0.329,0.06339756818265131,0.02920588546068368
Original eLCS — preprocessed,0.33,0.06333458142905887,0.02916235955090621
Original eLCS — preprocessed,0.331,0.06327159467546646,0.029118833641128737
Original eLCS — preprocessed,0.332,0.06320860792187402,0.02907530773135127
Original eLCS — preprocessed,0.333,0.06314562116828158,0.02903178182157379
Original eLCS — preprocessed,0.334,0.06308263441468914,0.028988255911796323
Original eLCS — preprocessed,0.335,0.06301964766109672,0.02894473000201885
Original eLCS — preprocessed,0.336,0.06295666090750429,0.02890120409224138
Original eLCS — preprocessed,0.337,0.06289367415391187,0.028857678182463906
Original eLCS — preprocessed,0.338,0.06283068740031941,0.028814152272686435
Original eLCS — preprocessed,0.339,0.06276770064672699,0.02877062636290896
Original eLCS — preprocessed,0.34,0.06270471389313456,0.028727100453131493
Original eLCS — preprocessed,0.341,0.06264172713954212,0.028683574543354018
Original eLCS — preprocessed,0.342,0.06257874038594968,0.028640048633576547
Original eLCS — preprocessed,0.343,0.06251575363235726,0.028596522723799072
Original eLCS — preprocessed,0.34400000000000003,0.06245276687876483,0.0285529968140216
Original eLCS — preprocessed,0.34500000000000003,0.0623897801251724,0.028509470904244133
Original eLCS — preprocessed,0.34600000000000003,0.06232679337157996,0.02846594499446666
Original eLCS — preprocessed,0.34700000000000003,0.06226380661798754,0.028422419084689184
Original eLCS — preprocessed,0.34800000000000003,0.062200819864395095,0.028378893174911712
Original eLCS — preprocessed,0.34900000000000003,0.06213783311080266,0.028335367265134245
Original eLCS — preprocessed,0.35000000000000003,0.06207484635721024,0.028291841355356773
Original eLCS — preprocessed,0.35100000000000003,0.06201185960361779,0.028248315445579295
Original eLCS — preprocessed,0.352,0.06194887285002537,0.028204789535801827
Original eLCS — preprocessed,0.353,0.06188588609643294,0.028161263626024356
Original eLCS — preprocessed,0.354,0.0618228993428405,0.028117737716246885
Original eLCS — preprocessed,0.355,0.06175991258924808,0.028074211806469414
Original eLCS — preprocessed,0.356,0.061696925835655635,0.02803068589669194
Original eLCS — preprocessed,0.357,0.0616339390820632,0.027987159986914468
Original eLCS — preprocessed,0.358,0.06157095232847078,0.027943634077136993
Original eLCS — preprocessed,0.359,0.061507965574878344,0.027900108167359525
Original eLCS — preprocessed,0.36,0.061444978821285925,0.02785658225758205
Original eLCS — preprocessed,0.361,0.06138199206769348,0.02781305634780458
Original eLCS — preprocessed,0.362,0.06131900531410104,0.02776953043802711
Original eLCS — preprocessed,0.363,0.06125601856050862,0.027726004528249634
Original eLCS — preprocessed,0.364,0.061193031806916175,0.027682478618472166
Original eLCS — preprocessed,0.365,0.061130045053323756,0.02763895270869469
Original eLCS — preprocessed,0.366,0.06106705829973132,0.027595426798917216
Original eLCS — preprocessed,0.367,0.061004071546138884,0.027551900889139752
Original eLCS — preprocessed,0.368,0.06094108479254644,0.02750837497936227
Original eLCS — preprocessed,0.369,0.06087809803895402,0.027464849069584803
Original eLCS — preprocessed,0.37,0.06081511128536158,0.02742132315980733
Original eLCS — preprocessed,0.371,0.06075212453176916,0.02737779725002986
Original eLCS — preprocessed,0.372,0.06068913777817673,0.02733427134025239
Original eLCS — preprocessed,0.373,0.06062615102458428,0.027290745430474918
Original eLCS — preprocessed,0.374,0.06056316427099186,0.027247219520697443
Original eLCS — preprocessed,0.375,0.060500177517399424,0.027203693610919975
Original eLCS — preprocessed,0.376,0.06043719076380699,0.027160167701142497
Original eLCS — preprocessed,0.377,0.06037420401021455,0.027116641791365026
Original eLCS — preprocessed,0.378,0.06031121725662212,0.027073115881587555
Original eLCS — preprocessed,0.379,0.0602482305030297,0.02702958997181008
Original eLCS — preprocessed,0.38,0.060185243749437255,0.026986064062032616
Original eLCS — preprocessed,0.381,0.06012225699584482,0.02694253815225514
Original eLCS — preprocessed,0.382,0.0600592702422524,0.02689901224247767
Original eLCS — preprocessed,0.383,0.059996283488659964,0.026855486332700195
Original eLCS — preprocessed,0.384,0.05993329673506753,0.026811960422922724
Original eLCS — preprocessed,0.385,0.05987030998147509,0.026768434513145253
Original eLCS — preprocessed,0.386,0.05980732322788267,0.02672490860336778
Original eLCS — preprocessed,0.387,0.05974433647429024,0.026681382693590307
Original eLCS — preprocessed,0.388,0.059681349720697795,0.026637856783812836
Original eLCS — preprocessed,0.389,0.059618362967105376,0.026594330874035364
Original eLCS — preprocessed,0.39,0.05955537621351294,0.02655080496425789
Original eLCS — preprocessed,0.391,0.05949238945992051,0.026507279054480422
Original eLCS — preprocessed,0.392,0.05942940270632807,0.02646375314470295
Original eLCS — preprocessed,0.393,0.05936641595273563,0.02642022723492548
Original eLCS — preprocessed,0.394,0.0593034291991432,0.026376701325148005
Original eLCS — preprocessed,0.395,0.05924044244555078,0.026333175415370537
Original eLCS — preprocessed,0.396,0.059177455691958335,0.026289649505593066
Original eLCS — preprocessed,0.397,0.0591144689383659,0.02624612359581559
Original eLCS — preprocessed,0.398,0.05905148218477348,0.026202597686038116
Original eLCS — preprocessed,0.399,0.058988495431181044,0.026159071776260645
Original eLCS — preprocessed,0.4,0.0589255086775886,0.026115545866483174
Original eLCS — preprocessed,0.401,0.05886252192399618,0.026072019956705703
Original eLCS — preprocessed,0.402,0.05879953517040374,0.026028494046928228
Original eLCS — preprocessed,0.403,0.05873654841681131,0.025984968137150757
Original eLCS — preprocessed,0.404,0.058673561663218875,0.025941442227373285
Original eLCS — preprocessed,0.405,0.05861057490962644,0.02589791631759581
Original eLCS — preprocessed,0.406,0.05854758815603402,0.025854390407818343
Original eLCS — preprocessed,0.40700000000000003,0.058484601402441584,0.025810864498040872
Original eLCS — preprocessed,0.40800000000000003,0.05842161464884914,0.025767338588263394
Original eLCS — preprocessed,0.40900000000000003,0.05835862789525671,0.025723812678485926
Original eLCS — preprocessed,0.41000000000000003,0.05829564114166428,0.025680286768708455
Original eLCS — preprocessed,0.41100000000000003,0.05823265438807186,0.025636760858930983
Original eLCS — preprocessed,0.41200000000000003,0.058169667634479415,0.02559323494915351
Original eLCS — preprocessed,0.41300000000000003,0.05810668088088698,0.025549709039376034
Original eLCS — preprocessed,0.41400000000000003,0.05804369412729456,0.025506183129598566
Original eLCS — preprocessed,0.41500000000000004,0.057980707373702124,0.02546265721982109
Original eLCS — preprocessed,0.41600000000000004,0.05791772062010969,0.02541913131004362
Original eLCS — preprocessed,0.417,0.05785473386651726,0.02537560540026615
Original eLCS — preprocessed,0.418,0.05779174711292483,0.025332079490488678
Original eLCS — preprocessed,0.419,0.0577287603593324,0.02528855358071121
Original eLCS — preprocessed,0.42,0.057665773605739955,0.025245027670933735
Original eLCS — preprocessed,0.421,0.057602786852147536,0.02520150176115626
Original eLCS — preprocessed,0.422,0.057539800098555104,0.02515797585137879
Original eLCS — preprocessed,0.423,0.05747681334496267,0.025114449941601318
Original eLCS — preprocessed,0.424,0.05741382659137023,0.025070924031823847
Original eLCS — preprocessed,0.425,0.0573508398377778,0.025027398122046372
Original eLCS — preprocessed,0.426,0.05728785308418538,0.0249838722122689
Original eLCS — preprocessed,0.427,0.05722486633059294,0.02494034630249143
Original eLCS — preprocessed,0.428,0.057161879577000495,0.024896820392713962
Original eLCS — preprocessed,0.429,0.05709889282340806,0.024853294482936487
Original eLCS — preprocessed,0.43,0.057035906069815644,0.024809768573159013
Original eLCS — preprocessed,0.431,0.056972919316223204,0.02476624266338154
Original eLCS — preprocessed,0.432,0.05690993256263077,0.02472271675360407
Original eLCS — preprocessed,0.433,0.05684694580903834,0.024679190843826596
Original eLCS — preprocessed,0.434,0.05678395905544591,0.024635664934049128
Original eLCS — preprocessed,0.435,0.05672097230185348,0.024592139024271657
Original eLCS — preprocessed,0.436,0.05665798554826105,0.024548613114494182
Original eLCS — preprocessed,0.437,0.0565949987946686,0.02450508720471671
Original eLCS — preprocessed,0.438,0.056532012041076184,0.02446156129493924
Original eLCS — preprocessed,0.439,0.056469025287483744,0.024418035385161768
Original eLCS — preprocessed,0.44,0.05640603853389131,0.024374509475384293
Original eLCS — preprocessed,0.441,0.05634305178029888,0.024330983565606822
Original eLCS — preprocessed,0.442,0.05628006502670645,0.02428745765582935
Original eLCS — preprocessed,0.443,0.05621707827311402,0.02424393174605188
Original eLCS — preprocessed,0.444,0.056154091519521575,0.024200405836274405
Original eLCS — preprocessed,0.445,0.05609110476592914,0.024156879926496934
Original eLCS — preprocessed,0.446,0.056028118012336724,0.024113354016719463
Original eLCS — preprocessed,0.447,0.055965131258744284,0.02406982810694199
Original eLCS — preprocessed,0.448,0.05590214450515185,0.02402630219716452
Original eLCS — preprocessed,0.449,0.05583915775155942,0.02398277628738705
Original eLCS — preprocessed,0.45,0.05577617099796699,0.023939250377609574
Original eLCS — preprocessed,0.451,0.05571318424437456,0.023895724467832103
Original eLCS — preprocessed,0.452,0.055650197490782115,0.02385219855805463
Original eLCS — preprocessed,0.453,0.05558721073718968,0.02380867264827716
Original eLCS — preprocessed,0.454,0.055524223983597264,0.023765146738499686
Original eLCS — preprocessed,0.455,0.05546123723000483,0.023721620828722215
Original eLCS — preprocessed,0.456,0.05539825047641239,0.023678094918944747
Original eLCS — preprocessed,0.457,0.05533526372281996,0.023634569009167272
Original eLCS — preprocessed,0.458,0.05527227696922753,0.023591043099389798
Original eLCS — preprocessed,0.459,0.0552092902156351,0.023547517189612323
Original eLCS — preprocessed,0.46,0.055146303462042655,0.023503991279834855
Original eLCS — preprocessed,0.461,0.05508331670845022,0.023460465370057384
Original eLCS — preprocessed,0.462,0.0550203299548578,0.02341693946027991
Original eLCS — preprocessed,0.463,0.054957343201265364,0.023373413550502438
Original eLCS — preprocessed,0.464,0.05489435644767293,0.023329887640724963
Original eLCS — preprocessed,0.465,0.05483136969408049,0.023286361730947495
Original eLCS — preprocessed,0.466,0.05476838294048807,0.02324283582117002
Original eLCS — preprocessed,0.467,0.05470539618689564,0.02319930991139255
Original eLCS — preprocessed,0.468,0.05464240943330321,0.023155784001615082
Original eLCS — preprocessed,0.46900000000000003,0.05457942267971076,0.023112258091837607
Original eLCS — preprocessed,0.47000000000000003,0.05451643592611834,0.023068732182060136
Original eLCS — preprocessed,0.47100000000000003,0.054453449172525904,0.023025206272282665
Original eLCS — preprocessed,0.47200000000000003,0.05439046241893347,0.022981680362505193
Original eLCS — preprocessed,0.47300000000000003,0.05432747566534103,0.02293815445272772
Original eLCS — preprocessed,0.47400000000000003,0.05426448891174861,0.022894628542950247
Original eLCS — preprocessed,0.47500000000000003,0.05420150215815617,0.022851102633172776
Original eLCS — preprocessed,0.47600000000000003,0.054138515404563735,0.022807576723395305
Original eLCS — preprocessed,0.47700000000000004,0.054075528650971316,0.022764050813617834
Original eLCS — preprocessed,0.47800000000000004,0.05401254189737888,0.02272052490384036
Original eLCS — preprocessed,0.47900000000000004,0.053949555143786444,0.022676998994062884
Original eLCS — preprocessed,0.48,0.05388656839019401,0.02263347308428542
Original eLCS — preprocessed,0.481,0.05382358163660158,0.02258994717450795
Original eLCS — preprocessed,0.482,0.05376059488300916,0.022546421264730474
Original eLCS — preprocessed,0.483,0.05369760812941672,0.022502895354953
Original eLCS — preprocessed,0.484,0.053634621375824275,0.022459369445175528
Original eLCS — preprocessed,0.485,0.053571634622231856,0.02241584353539806
Original eLCS — preprocessed,0.486,0.053508647868639424,0.022372317625620586
Original eLCS — preprocessed,0.487,0.05344566111504699,0.022328791715843115
Original eLCS — preprocessed,0.488,0.05338267436145455,0.022285265806065643
Original eLCS — preprocessed,0.489,0.05331968760786212,0.02224173989628817
Original eLCS — preprocessed,0.49,0.0532567008542697,0.022198213986510697
Original eLCS — preprocessed,0.491,0.05319371410067726,0.022154688076733226
Original eLCS — preprocessed,0.492,0.05313072734708483,0.02211116216695575
Original eLCS — preprocessed,0.493,0.053067740593492396,0.02206763625717828
Original eLCS — preprocessed,0.494,0.053004753839899964,0.02202411034740081
Original eLCS — preprocessed,0.495,0.05294176708630753,0.021980584437623338
Original eLCS — preprocessed,0.496,0.05287878033271509,0.021937058527845863
Original eLCS — preprocessed,0.497,0.05281579357912266,0.021893532618068392
Original eLCS — preprocessed,0.498,0.05275280682553023,0.02185000670829092
Original eLCS — preprocessed,0.499,0.0526898200719378,0.02180648079851345
Original eLCS — preprocessed,0.5,0.05262683331834537,0.02176295488873598
Original eLCS — preprocessed,0.501,0.05256384656475292,0.021719428978958507
Original eLCS — preprocessed,0.502,0.0525008598111605,0.021675903069181032
Original eLCS — preprocessed,0.503,0.052437873057568064,0.02163237715940356
Original eLCS — preprocessed,0.504,0.05237488630397563,0.02158885124962609
Original eLCS — preprocessed,0.505,0.0523118995503832,0.02154532533984862
Original eLCS — preprocessed,0.506,0.05224891279679077,0.021501799430071144
Original eLCS — preprocessed,0.507,0.05218592604319834,0.02145827352029367
Original eLCS — preprocessed,0.508,0.05212293928960591,0.0214147476105162
Original eLCS — preprocessed,0.509,0.05205995253601346,0.021371221700738727
Original eLCS — preprocessed,0.51,0.05199696578242104,0.02132769579096126
Original eLCS — preprocessed,0.511,0.05193397902882861,0.021284169881183788
Original eLCS — preprocessed,0.512,0.05187099227523617,0.021240643971406317
Original eLCS — preprocessed,0.513,0.05180800552164374,0.021197118061628842
Original eLCS — preprocessed,0.514,0.05174501876805131,0.02115359215185137
Original eLCS — preprocessed,0.515,0.05168203201445888,0.021110066242073896
Original eLCS — preprocessed,0.516,0.051619045260866435,0.021066540332296425
Original eLCS — preprocessed,0.517,0.051556058507274016,0.02102301442251895
Original eLCS — preprocessed,0.518,0.05149307175368158,0.020979488512741482
Original eLCS — preprocessed,0.519,0.051430085000089144,0.020935962602964008
Original eLCS — preprocessed,0.52,0.05136709824649671,0.020892436693186536
Original eLCS — preprocessed,0.521,0.05130411149290428,0.020848910783409065
Original eLCS — preprocessed,0.522,0.05124112473931185,0.020805384873631594
Original eLCS — preprocessed,0.523,0.05117813798571942,0.020761858963854123
Original eLCS — preprocessed,0.524,0.051115151232126975,0.02071833305407665
Original eLCS — preprocessed,0.525,0.051052164478534556,0.020674807144299177
Original eLCS — preprocessed,0.526,0.050989177724942124,0.02063128123452171
Original eLCS — preprocessed,0.527,0.05092619097134969,0.020587755324744234
Original eLCS — preprocessed,0.528,0.05086320421775725,0.020544229414966763
Original eLCS — preprocessed,0.529,0.05080021746416482,0.02050070350518929
Original eLCS — preprocessed,0.53,0.05073723071057239,0.020457177595411817
Original eLCS — preprocessed,0.531,0.05067424395697996,0.020413651685634346
Original eLCS — preprocessed,0.532,0.05061125720338753,0.020370125775856875
Original eLCS — preprocessed,0.533,0.05054827044979508,0.020326599866079403
Original eLCS — preprocessed,0.534,0.050485283696202664,0.020283073956301932
Original eLCS — preprocessed,0.535,0.05042229694261023,0.020239548046524457
Original eLCS — preprocessed,0.536,0.05035931018901779,0.020196022136746983
Original eLCS — preprocessed,0.537,0.05029632343542536,0.02015249622696951
Original eLCS — preprocessed,0.538,0.05023333668183293,0.02010897031719204
Original eLCS — preprocessed,0.539,0.0501703499282405,0.02006544440741457
Original eLCS — preprocessed,0.54,0.05010736317464807,0.020021918497637098
Original eLCS — preprocessed,0.541,0.050044376421055636,0.019978392587859627
Original eLCS — preprocessed,0.542,0.0499813896674632,0.019934866678082155
Original eLCS — preprocessed,0.543,0.049918402913870764,0.01989134076830468
Original eLCS — preprocessed,0.544,0.04985541616027834,0.01984781485852721
Original eLCS — preprocessed,0.545,0.049792429406685906,0.019804288948749738
Original eLCS — preprocessed,0.546,0.04972944265309347,0.019760763038972267
Original eLCS — preprocessed,0.547,0.04966645589950103,0.019717237129194796
Original eLCS — preprocessed,0.548,0.0496034691459086,0.019673711219417325
Original eLCS — preprocessed,0.549,0.04954048239231617,0.019630185309639853
Original eLCS — preprocessed,0.55,0.04947749563872374,0.01958665939986238
Original eLCS — preprocessed,0.551,0.049414508885131304,0.019543133490084907
Original eLCS — preprocessed,0.552,0.049351522131538886,0.019499607580307433
Original eLCS — preprocessed,0.553,0.04928853537794644,0.01945608167052996
Original eLCS — preprocessed,0.554,0.04922554862435401,0.01941255576075249
Original eLCS — preprocessed,0.555,0.049162561870761574,0.01936902985097502
Original eLCS — preprocessed,0.556,0.04909957511716915,0.019325503941197548
Original eLCS — preprocessed,0.557,0.04903658836357671,0.019281978031420073
Original eLCS — preprocessed,0.558,0.04897360160998428,0.019238452121642602
Original eLCS — preprocessed,0.559,0.048910614856391844,0.019194926211865127
Original eLCS — preprocessed,0.56,0.04884762810279941,0.019151400302087656
Original eLCS — preprocessed,0.561,0.04878464134920698,0.019107874392310185
Original eLCS — preprocessed,0.562,0.04872165459561455,0.019064348482532717
Original eLCS — preprocessed,0.5630000000000001,0.048658667842022114,0.019020822572755242
Original eLCS — preprocessed,0.5640000000000001,0.04859568108842968,0.01897729666297777
Original eLCS — preprocessed,0.5650000000000001,0.04853269433483725,0.0189337707532003
Original eLCS — preprocessed,0.5660000000000001,0.04846970758124482,0.018890244843422825
Original eLCS — preprocessed,0.5670000000000001,0.048406720827652384,0.018846718933645354
Original eLCS — preprocessed,0.5680000000000001,0.04834373407405995,0.018803193023867883
Original eLCS — preprocessed,0.5690000000000001,0.04828074732046752,0.018759667114090408
Original eLCS — preprocessed,0.5700000000000001,0.04821776056687509,0.01871614120431294
Original eLCS — preprocessed,0.5710000000000001,0.048154773813282654,0.018672615294535466
Original eLCS — preprocessed,0.5720000000000001,0.04809178705969023,0.018629089384757994
Original eLCS — preprocessed,0.5730000000000001,0.04802880030609778,0.01858556347498052
Original eLCS — preprocessed,0.5740000000000001,0.047965813552505364,0.018542037565203052
Original eLCS — preprocessed,0.5750000000000001,0.047902826798912924,0.018498511655425577
Original eLCS — preprocessed,0.5760000000000001,0.047839840045320485,0.018454985745648106
Original eLCS — preprocessed,0.577,0.04777685329172807,0.018411459835870638
Original eLCS — preprocessed,0.578,0.047713866538135634,0.018367933926093167
Original eLCS — preprocessed,0.579,0.0476508797845432,0.018324408016315692
Original eLCS — preprocessed,0.58,0.047587893030950776,0.01828088210653822
Original eLCS — preprocessed,0.581,0.047524906277358336,0.01823735619676075
Original eLCS — preprocessed,0.582,0.047461919523765904,0.01819383028698328
Original eLCS — preprocessed,0.583,0.04739893277017347,0.018150304377205807
Original eLCS — preprocessed,0.584,0.04733594601658104,0.018106778467428336
Original eLCS — preprocessed,0.585,0.04727295926298861,0.018063252557650865
Original eLCS — preprocessed,0.586,0.047209972509396174,0.018019726647873394
Original eLCS — preprocessed,0.587,0.04714698575580374,0.01797620073809592
Original eLCS — preprocessed,0.588,0.0470839990022113,0.017932674828318448
Original eLCS — preprocessed,0.589,0.047021012248618876,0.017889148918540976
Original eLCS — preprocessed,0.59,0.04695802549502644,0.017845623008763502
Original eLCS — preprocessed,0.591,0.04689503874143401,0.017802097098986034
Original eLCS — preprocessed,0.592,0.046832051987841586,0.017758571189208556
Original eLCS — preprocessed,0.593,0.04676906523424914,0.017715045279431088
Original eLCS — preprocessed,0.594,0.046706078480656714,0.017671519369653617
Original eLCS — preprocessed,0.595,0.04664309172706429,0.017627993459876146
Original eLCS — preprocessed,0.596,0.04658010497347185,0.01758446755009867
Original eLCS — preprocessed,0.597,0.046517118219879416,0.0175409416403212
Original eLCS — preprocessed,0.598,0.046454131466286984,0.01749741573054373
Original eLCS — preprocessed,0.599,0.046391144712694544,0.017453889820766254
Original eLCS — preprocessed,0.6,0.046328157959102126,0.017410363910988783
Original eLCS — preprocessed,0.601,0.04626517120550968,0.017366838001211308
Original eLCS — preprocessed,0.602,0.04620218445191725,0.01732331209143384
Original eLCS — preprocessed,0.603,0.04613919769832482,0.017279786181656365
Original eLCS — preprocessed,0.604,0.04607621094473238,0.017236260271878894
Original eLCS — preprocessed,0.605,0.046013224191139956,0.017192734362101423
Original eLCS — preprocessed,0.606,0.045950237437547524,0.01714920845232395
Original eLCS — preprocessed,0.607,0.04588725068395509,0.017105682542546477
Original eLCS — preprocessed,0.608,0.04582426393036266,0.01706215663276901
Original eLCS — preprocessed,0.609,0.045761277176770226,0.017018630722991535
Original eLCS — preprocessed,0.61,0.04569829042317779,0.016975104813214067
Original eLCS — preprocessed,0.611,0.04563530366958536,0.016931578903436592
Original eLCS — preprocessed,0.612,0.04557231691599293,0.01688805299365912
Original eLCS — preprocessed,0.613,0.0455093301624005,0.016844527083881646
Original eLCS — preprocessed,0.614,0.045446343408808064,0.016801001174104175
Original eLCS — preprocessed,0.615,0.04538335665521564,0.016757475264326704
Original eLCS — preprocessed,0.616,0.045320369901623206,0.016713949354549233
Original eLCS — preprocessed,0.617,0.04525738314803077,0.01667042344477176
Original eLCS — preprocessed,0.618,0.045194396394438334,0.016626897534994287
Original eLCS — preprocessed,0.619,0.0451314096408459,0.016583371625216815
Original eLCS — preprocessed,0.62,0.045068422887253476,0.016539845715439344
Original eLCS — preprocessed,0.621,0.045005436133661036,0.016496319805661873
Original eLCS — preprocessed,0.622,0.0449424493800686,0.016452793895884398
Original eLCS — preprocessed,0.623,0.04487946262647617,0.016409267986106923
Original eLCS — preprocessed,0.624,0.04481647587288373,0.016365742076329456
Original eLCS — preprocessed,0.625,0.044753489119291306,0.01632221616655198
Original eLCS — preprocessed,0.626,0.044690502365698874,0.016278690256774513
Original eLCS — preprocessed,0.627,0.04462751561210644,0.016235164346997042
Original eLCS — preprocessed,0.628,0.04456452885851401,0.016191638437219567
Original eLCS — preprocessed,0.629,0.044501542104921576,0.016148112527442096
Original eLCS — preprocessed,0.63,0.04443855535132914,0.01610458661766462
Original eLCS — preprocessed,0.631,0.04437556859773671,0.01606106070788715
Original eLCS — preprocessed,0.632,0.04431258184414428,0.01601753479810968
Original eLCS — preprocessed,0.633,0.044249595090551846,0.015974008888332204
Original eLCS — preprocessed,0.634,0.04418660833695941,0.015930482978554733
Original eLCS — preprocessed,0.635,0.04412362158336698,0.015886957068777262
Original eLCS — preprocessed,0.636,0.04406063482977455,0.01584343115899979
Original eLCS — preprocessed,0.637,0.043997648076182116,0.01579990524922232
Original eLCS — preprocessed,0.638,0.04393466132258968,0.015756379339444848
Original eLCS — preprocessed,0.639,0.04387167456899725,0.015712853429667373
Original eLCS — preprocessed,0.64,0.04380868781540482,0.015669327519889906
Original eLCS — preprocessed,0.641,0.04374570106181239,0.01562580161011243
Original eLCS — preprocessed,0.642,0.04368271430821995,0.01558227570033496
Original eLCS — preprocessed,0.643,0.04361972755462752,0.015538749790557489
Original eLCS — preprocessed,0.644,0.04355674080103508,0.015495223880780016
Original eLCS — preprocessed,0.645,0.043493754047442656,0.015451697971002544
Original eLCS — preprocessed,0.646,0.043430767293850224,0.015408172061225071
Original eLCS — preprocessed,0.647,0.04336778054025779,0.0153646461514476
Original eLCS — preprocessed,0.648,0.04330479378666535,0.015321120241670125
Original eLCS — preprocessed,0.649,0.04324180703307293,0.015277594331892654
Original eLCS — preprocessed,0.65,0.04317882027948049,0.015234068422115183
Original eLCS — preprocessed,0.651,0.04311583352588806,0.01519054251233771
Original eLCS — preprocessed,0.652,0.04305284677229563,0.015147016602560239
Original eLCS — preprocessed,0.653,0.0429898600187032,0.015103490692782766
Original eLCS — preprocessed,0.654,0.04292687326511076,0.015059964783005296
Original eLCS — preprocessed,0.655,0.04286388651151833,0.015016438873227822
Original eLCS — preprocessed,0.656,0.0428008997579259,0.014972912963450352
Original eLCS — preprocessed,0.657,0.042737913004333467,0.014929387053672881
Original eLCS — preprocessed,0.658,0.04267492625074103,0.014885861143895406
Original eLCS — preprocessed,0.659,0.0426119394971486,0.014842335234117935
Original eLCS — preprocessed,0.66,0.04254895274355616,0.014798809324340462
Original eLCS — preprocessed,0.661,0.04248596598996374,0.01475528341456299
Original eLCS — preprocessed,0.662,0.042422979236371304,0.01471175750478552
Original eLCS — preprocessed,0.663,0.04235999248277887,0.014668231595008045
Original eLCS — preprocessed,0.664,0.04229700572918643,0.014624705685230575
Original eLCS — preprocessed,0.665,0.042234018975594,0.014581179775453102
Original eLCS — preprocessed,0.666,0.04217103222200157,0.014537653865675633
Original eLCS — preprocessed,0.667,0.04210804546840914,0.014494127955898157
Original eLCS — preprocessed,0.668,0.04204505871481671,0.014450602046120687
Original eLCS — preprocessed,0.669,0.04198207196122428,0.014407076136343216
Original eLCS — preprocessed,0.67,0.04191908520763184,0.014363550226565743
Original eLCS — preprocessed,0.671,0.04185609845403941,0.014320024316788272
Original eLCS — preprocessed,0.672,0.04179311170044698,0.014276498407010799
Original eLCS — preprocessed,0.673,0.04173012494685455,0.014232972497233327
Original eLCS — preprocessed,0.674,0.04166713819326211,0.014189446587455856
Original eLCS — preprocessed,0.675,0.04160415143966968,0.014145920677678383
Original eLCS — preprocessed,0.676,0.041541164686077256,0.014102394767900912
Original eLCS — preprocessed,0.677,0.04147817793248482,0.014058868858123439
Original eLCS — preprocessed,0.678,0.041415191178892384,0.014015342948345968
Original eLCS — preprocessed,0.679,0.04135220442529995,0.013971817038568495
Original eLCS — preprocessed,0.68,0.04128921767170751,0.013928291128791024
Original eLCS — preprocessed,0.681,0.04122623091811509,0.013884765219013552
Original eLCS — preprocessed,0.682,0.04116324416452266,0.01384123930923608
Original eLCS — preprocessed,0.683,0.04110025741093022,0.013797713399458608
Original eLCS — preprocessed,0.684,0.04103727065733779,0.013754187489681135
Original eLCS — preprocessed,0.685,0.04097428390374535,0.013710661579903662
Original eLCS — preprocessed,0.686,0.040911297150152924,0.013667135670126191
Original eLCS — preprocessed,0.687,0.04084831039656049,0.01362360976034872
Original eLCS — preprocessed,0.6880000000000001,0.04078532364296805,0.013580083850571247
Original eLCS — preprocessed,0.6890000000000001,0.04072233688937562,0.013536557940793774
Original eLCS — preprocessed,0.6900000000000001,0.04065935013578319,0.013493032031016304
Original eLCS — preprocessed,0.6910000000000001,0.04059636338219076,0.013449506121238831
Original eLCS — preprocessed,0.6920000000000001,0.04053337662859833,0.01340598021146136
Original eLCS — preprocessed,0.6930000000000001,0.0404703898750059,0.013362454301683889
Original eLCS — preprocessed,0.6940000000000001,0.040407403121413464,0.013318928391906416
Original eLCS — preprocessed,0.6950000000000001,0.04034441636782103,0.013275402482128943
Original eLCS — preprocessed,0.6960000000000001,0.040281429614228606,0.013231876572351472
Original eLCS — preprocessed,0.6970000000000001,0.04021844286063616,0.013188350662574
Original eLCS — preprocessed,0.6980000000000001,0.04015545610704373,0.01314482475279653
Original eLCS — preprocessed,0.6990000000000001,0.0400924693534513,0.013101298843019056
Original eLCS — preprocessed,0.7000000000000001,0.04002948259985887,0.013057772933241583
Original eLCS — preprocessed,0.7010000000000001,0.03996649584626644,0.013014247023464112
Original eLCS — preprocessed,0.7020000000000001,0.039903509092674004,0.012970721113686641
Original eLCS — preprocessed,0.7030000000000001,0.03984052233908157,0.012927195203909168
Original eLCS — preprocessed,0.704,0.039777535585489146,0.0128836692941317
Original eLCS — preprocessed,0.705,0.03971454883189671,0.012840143384354229
Original eLCS — preprocessed,0.706,0.03965156207830429,0.012796617474576758
Original eLCS — preprocessed,0.707,0.03958857532471185,0.012753091564799283
Original eLCS — preprocessed,0.708,0.039525588571119416,0.012709565655021814
Original eLCS — preprocessed,0.709,0.03946260181752698,0.01266603974524434
Original eLCS — preprocessed,0.71,0.03939961506393456,0.01262251383546687
Original eLCS — preprocessed,0.711,0.03933662831034211,0.012578987925689396
Original eLCS — preprocessed,0.712,0.039273641556749686,0.012535462015911925
Original eLCS — preprocessed,0.713,0.03921065480315725,0.01249193610613445
Original eLCS — preprocessed,0.714,0.039147668049564814,0.012448410196356981
Original eLCS — preprocessed,0.715,0.03908468129597239,0.012404884286579506
Original eLCS — preprocessed,0.716,0.039021694542379956,0.012361358376802039
Original eLCS — preprocessed,0.717,0.038958707788787524,0.012317832467024562
Original eLCS — preprocessed,0.718,0.03889572103519509,0.012274306557247093
Original eLCS — preprocessed,0.719,0.03883273428160265,0.01223078064746962
Original eLCS — preprocessed,0.72,0.038769747528010226,0.012187254737692148
Original eLCS — preprocessed,0.721,0.038706760774417794,0.012143728827914676
Original eLCS — preprocessed,0.722,0.03864377402082536,0.012100202918137204
Original eLCS — preprocessed,0.723,0.03858078726723292,0.012056677008359733
Original eLCS — preprocessed,0.724,0.038517800513640496,0.01201315109858226
Original eLCS — preprocessed,0.725,0.03845481376004806,0.011969625188804787
Original eLCS — preprocessed,0.726,0.03839182700645563,0.011926099279027318
Original eLCS — preprocessed,0.727,0.03832884025286319,0.011882573369249845
Original eLCS — preprocessed,0.728,0.038265853499270766,0.011839047459472373
Original eLCS — preprocessed,0.729,0.03820286674567832,0.011795521549694899
Original eLCS — preprocessed,0.73,0.03813987999208591,0.011751995639917428
Original eLCS — preprocessed,0.731,0.03807689323849346,0.011708469730139956
Original eLCS — preprocessed,0.732,0.038013906484901036,0.011664943820362487
Original eLCS — preprocessed,0.733,0.0379509197313086,0.01162141791058501
Original eLCS — preprocessed,0.734,0.03788793297771617,0.011577892000807541
Original eLCS — preprocessed,0.735,0.03782494622412374,0.011534366091030068
Original eLCS — preprocessed,0.736,0.037761959470531306,0.011490840181252598
Original eLCS — preprocessed,0.737,0.03769897271693887,0.011447314271475125
Original eLCS — preprocessed,0.738,0.037635985963346434,0.011403788361697653
Original eLCS — preprocessed,0.739,0.037572999209754,0.01136026245192018
Original eLCS — preprocessed,0.74,0.037510012456161576,0.011316736542142708
Original eLCS — preprocessed,0.741,0.037447025702569144,0.011273210632365237
Original eLCS — preprocessed,0.742,0.037384038948976704,0.011229684722587766
Original eLCS — preprocessed,0.743,0.03732105219538427,0.011186158812810291
Original eLCS — preprocessed,0.744,0.037258065441791846,0.011142632903032823
Original eLCS — preprocessed,0.745,0.03719507868819941,0.011099106993255349
Original eLCS — preprocessed,0.746,0.037132091934606974,0.011055581083477877
Original eLCS — preprocessed,0.747,0.03706910518101454,0.011012055173700403
Original eLCS — preprocessed,0.748,0.037006118427422116,0.010968529263922932
Original eLCS — preprocessed,0.749,0.03694313167382968,0.01092500335414546
Original eLCS — preprocessed,0.75,0.03688014492023725,0.01088147744436799
Original eLCS — preprocessed,0.751,0.03681715816664481,0.010837951534590514
Original eLCS — preprocessed,0.752,0.036754171413052386,0.010794425624813045
Original eLCS — preprocessed,0.753,0.036691184659459954,0.010750899715035572
Original eLCS — preprocessed,0.754,0.036628197905867514,0.010707373805258102
Original eLCS — preprocessed,0.755,0.03656521115227509,0.010663847895480628
Original eLCS — preprocessed,0.756,0.036502224398682656,0.010620321985703158
Original eLCS — preprocessed,0.757,0.03643923764509023,0.010576796075925684
Original eLCS — preprocessed,0.758,0.03637625089149779,0.010533270166148214
Original eLCS — preprocessed,0.759,0.03631326413790535,0.010489744256370741
Original eLCS — preprocessed,0.76,0.036250277384312926,0.01044621834659327
Original eLCS — preprocessed,0.761,0.036187290630720494,0.010402692436815797
Original eLCS — preprocessed,0.762,0.03612430387712806,0.010359166527038326
Original eLCS — preprocessed,0.763,0.03606131712353562,0.010315640617260851
Original eLCS — preprocessed,0.764,0.03599833036994319,0.010272114707483381
Original eLCS — preprocessed,0.765,0.03593534361635076,0.010228588797705909
Original eLCS — preprocessed,0.766,0.03587235686275833,0.010185062887928437
Original eLCS — preprocessed,0.767,0.03580937010916589,0.010141536978150964
Original eLCS — preprocessed,0.768,0.035746383355573466,0.010098011068373493
Original eLCS — preprocessed,0.769,0.035683396601981034,0.01005448515859602
Original eLCS — preprocessed,0.77,0.0356204098483886,0.01001095924881855
Original eLCS — preprocessed,0.771,0.03555742309479617,0.009967433339041076
Original eLCS — preprocessed,0.772,0.035494436341203736,0.009923907429263605
Original eLCS — preprocessed,0.773,0.03543144958761131,0.00988038151948613
Original eLCS — preprocessed,0.774,0.035368462834018864,0.009836855609708662
Original eLCS — preprocessed,0.775,0.03530547608042643,0.009793329699931188
Original eLCS — preprocessed,0.776,0.035242489326834006,0.009749803790153716
Original eLCS — preprocessed,0.777,0.035179502573241574,0.009706277880376243
Original eLCS — preprocessed,0.778,0.035116515819649134,0.009662751970598774
Original eLCS — preprocessed,0.779,0.03505352906605671,0.009619226060821301
Original eLCS — preprocessed,0.78,0.034990542312464276,0.009575700151043828
Original eLCS — preprocessed,0.781,0.034927555558871844,0.009532174241266355
Original eLCS — preprocessed,0.782,0.03486456880527941,0.009488648331488887
Original eLCS — preprocessed,0.783,0.03480158205168697,0.009445122421711413
Original eLCS — preprocessed,0.784,0.034738595298094546,0.009401596511933943
Original eLCS — preprocessed,0.785,0.034675608544502114,0.009358070602156467
Original eLCS — preprocessed,0.786,0.03461262179090968,0.009314544692378997
Original eLCS — preprocessed,0.787,0.03454963503731725,0.009271018782601524
Original eLCS — preprocessed,0.788,0.034486648283724816,0.009227492872824055
Original eLCS — preprocessed,0.789,0.034423661530132384,0.009183966963046582
Original eLCS — preprocessed,0.79,0.03436067477653995,0.009140441053269109
Original eLCS — preprocessed,0.791,0.03429768802294752,0.009096915143491638
Original eLCS — preprocessed,0.792,0.034234701269355086,0.009053389233714166
Original eLCS — preprocessed,0.793,0.03417171451576266,0.009009863323936692
Original eLCS — preprocessed,0.794,0.034108727762170214,0.00896633741415922
Original eLCS — preprocessed,0.795,0.03404574100857778,0.008922811504381747
Original eLCS — preprocessed,0.796,0.033982754254985356,0.008879285594604278
Original eLCS — preprocessed,0.797,0.033919767501392924,0.008835759684826803
Original eLCS — preprocessed,0.798,0.033856780747800484,0.008792233775049334
Original eLCS — preprocessed,0.799,0.03379379399420806,0.00874870786527186
Original eLCS — preprocessed,0.8,0.03373080724061562,0.00870518195549439
Original eLCS — preprocessed,0.801,0.033667820487023194,0.008661656045716915
Original eLCS — preprocessed,0.802,0.03360483373343076,0.008618130135939447
Original eLCS — preprocessed,0.803,0.03354184697983833,0.008574604226161972
Original eLCS — preprocessed,0.804,0.033478860226245896,0.008531078316384503
Original eLCS — preprocessed,0.805,0.033415873472653464,0.008487552406607028
Original eLCS — preprocessed,0.806,0.033352886719061024,0.008444026496829559
Original eLCS — preprocessed,0.807,0.03328989996546859,0.008400500587052084
Original eLCS — preprocessed,0.808,0.033226913211876166,0.008356974677274613
Original eLCS — preprocessed,0.809,0.033163926458283734,0.00831344876749714
Original eLCS — preprocessed,0.81,0.033100939704691294,0.008269922857719669
Original eLCS — preprocessed,0.811,0.03303795295109887,0.008226396947942197
Original eLCS — preprocessed,0.812,0.032974966197506436,0.008182871038164724
Original eLCS — preprocessed,0.8130000000000001,0.032911979443914004,0.008139345128387253
Original eLCS — preprocessed,0.8140000000000001,0.032848992690321564,0.00809581921860978
Original eLCS — preprocessed,0.8150000000000001,0.03278600593672913,0.008052293308832307
Original eLCS — preprocessed,0.8160000000000001,0.032723019183136706,0.008008767399054838
Original eLCS — preprocessed,0.8170000000000001,0.032660032429544274,0.007965241489277363
Original eLCS — preprocessed,0.8180000000000001,0.032597045675951834,0.007921715579499894
Original eLCS — preprocessed,0.8190000000000001,0.0325340589223594,0.007878189669722419
Original eLCS — preprocessed,0.8200000000000001,0.032471072168766976,0.00783466375994495
Original eLCS — preprocessed,0.8210000000000001,0.032408085415174544,0.007791137850167476
Original eLCS — preprocessed,0.8220000000000001,0.03234509866158211,0.007747611940390006
Original eLCS — preprocessed,0.8230000000000001,0.03228211190798967,0.007704086030612532
Original eLCS — preprocessed,0.8240000000000001,0.03221912515439724,0.007660560120835061
Original eLCS — preprocessed,0.8250000000000001,0.032156138400804814,0.007617034211057589
Original eLCS — preprocessed,0.8260000000000001,0.03209315164721238,0.0075735083012801185
Original eLCS — preprocessed,0.8270000000000001,0.03203016489361994,0.007529982391502645
Original eLCS — preprocessed,0.8280000000000001,0.031967178140027516,0.0074864564817251735
Original eLCS — preprocessed,0.8290000000000001,0.031904191386435084,0.0074429305719477
Original eLCS — preprocessed,0.8300000000000001,0.031841204632842644,0.007399404662170231
Original eLCS — preprocessed,0.8310000000000001,0.03177821787925022,0.007355878752392757
Original eLCS — preprocessed,0.8320000000000001,0.03171523112565778,0.007312352842615285
Original eLCS — preprocessed,0.833,0.03165224437206536,0.007268826932837819
Original eLCS — preprocessed,0.834,0.03158925761847292,0.007225301023060346
Original eLCS — preprocessed,0.835,0.03152627086488049,0.007181775113282874
Original eLCS — preprocessed,0.836,0.031463284111288056,0.0071382492035054
Original eLCS — preprocessed,0.837,0.031400297357695624,0.007094723293727931
Original eLCS — preprocessed,0.838,0.0313373106041032,0.007051197383950458
Original eLCS — preprocessed,0.839,0.031274323850510766,0.007007671474172987
Original eLCS — preprocessed,0.84,0.031211337096918323,0.006964145564395513
Original eLCS — preprocessed,0.841,0.031148350343325894,0.006920619654618042
Original eLCS — preprocessed,0.842,0.03108536358973346,0.0068770937448405685
Original eLCS — preprocessed,0.843,0.03102237683614103,0.006833567835063098
Original eLCS — preprocessed,0.844,0.0309593900825486,0.006790041925285625
Original eLCS — preprocessed,0.845,0.030896403328956167,0.006746516015508155
Original eLCS — preprocessed,0.846,0.030833416575363738,0.006702990105730683
Original eLCS — preprocessed,0.847,0.0307704298217713,0.0066594641959532115
Original eLCS — preprocessed,0.848,0.03070744306817887,0.006615938286175738
Original eLCS — preprocessed,0.849,0.030644456314586437,0.006572412376398267
Original eLCS — preprocessed,0.85,0.030581469560994008,0.0065288864666207935
Original eLCS — preprocessed,0.851,0.03051848280740157,0.006485360556843323
Original eLCS — preprocessed,0.852,0.030455496053809143,0.006441834647065849
Original eLCS — preprocessed,0.853,0.030392509300216704,0.006398308737288379
Original eLCS — preprocessed,0.854,0.030329522546624278,0.006354782827510905
Original eLCS — preprocessed,0.855,0.03026653579303184,0.006311256917733434
Original eLCS — preprocessed,0.856,0.03020354903943941,0.006267731007955962
Original eLCS — preprocessed,0.857,0.030140562285846977,0.0062242050981784905
Original eLCS — preprocessed,0.858,0.030077575532254548,0.0061806791884010176
Original eLCS — preprocessed,0.859,0.03001458877866211,0.006137153278623546
Original eLCS — preprocessed,0.86,0.02995160202506968,0.006093627368846073
Original eLCS — preprocessed,0.861,0.029888615271477247,0.006050101459068603
Original eLCS — preprocessed,0.862,0.029825628517884818,0.006006575549291129
Original eLCS — preprocessed,0.863,0.02976264176429238,0.005963049639513659
Original eLCS — preprocessed,0.864,0.02969965501069995,0.005919523729736185
Original eLCS — preprocessed,0.865,0.029636668257107517,0.0058759978199587155
Original eLCS — preprocessed,0.866,0.029573681503515088,0.0058324719101812425
Original eLCS — preprocessed,0.867,0.02951069474992265,0.005788946000403772
Original eLCS — preprocessed,0.868,0.02944770799633022,0.005745420090626298
Original eLCS — preprocessed,0.869,0.029384721242737787,0.005701894180848827
Original eLCS — preprocessed,0.87,0.029321734489145358,0.005658368271071354
Original eLCS — preprocessed,0.871,0.02925874773555292,0.005614842361293882
Original eLCS — preprocessed,0.872,0.02919576098196049,0.00557131645151641
Original eLCS — preprocessed,0.873,0.029132774228368054,0.00552779054173894
Original eLCS — preprocessed,0.874,0.029069787474775628,0.005484264631961466
Original eLCS — preprocessed,0.875,0.02900680072118319,0.005440738722183995
Original eLCS — preprocessed,0.876,0.02894381396759076,0.0053972128124065225
Original eLCS — preprocessed,0.877,0.028880827213998327,0.00535368690262905
Original eLCS — preprocessed,0.878,0.028817840460405898,0.0053101609928515765
Original eLCS — preprocessed,0.879,0.028754853706813466,0.005266635083074108
Original eLCS — preprocessed,0.88,0.02869186695322103,0.005223109173296633
Original eLCS — preprocessed,0.881,0.028628880199628594,0.005179583263519162
Original eLCS — preprocessed,0.882,0.02856589344603616,0.00513605735374169
Original eLCS — preprocessed,0.883,0.02850290669244373,0.0050925314439642195
Original eLCS — preprocessed,0.884,0.0284399199388513,0.005049005534186746
Original eLCS — preprocessed,0.885,0.028376933185258864,0.005005479624409275
Original eLCS — preprocessed,0.886,0.02831394643166643,0.0049619537146318015
Original eLCS — preprocessed,0.887,0.028250959678074006,0.004918427804854332
Original eLCS — preprocessed,0.888,0.028187972924481573,0.004874901895076857
Original eLCS — preprocessed,0.889,0.028124986170889137,0.004831375985299388
Original eLCS — preprocessed,0.89,0.02806199941729671,0.004787850075521914
Original eLCS — preprocessed,0.891,0.02799901266370427,0.004744324165744444
Original eLCS — preprocessed,0.892,0.027936025910111843,0.004700798255966971
Original eLCS — preprocessed,0.893,0.027873039156519404,0.004657272346189499
Original eLCS — preprocessed,0.894,0.02781005240292698,0.0046137464364120265
Original eLCS — preprocessed,0.895,0.02774706564933454,0.004570220526634555
Original eLCS — preprocessed,0.896,0.02768407889574211,0.004526694616857082
Original eLCS — preprocessed,0.897,0.027621092142149677,0.00448316870707961
Original eLCS — preprocessed,0.898,0.02755810538855724,0.004439642797302138
Original eLCS — preprocessed,0.899,0.02749511863496481,0.004396116887524666
Original eLCS — preprocessed,0.9,0.02743213188137238,0.004352590977747193
Original eLCS — preprocessed,0.901,0.027369145127779947,0.004309065067969723
Original eLCS — preprocessed,0.902,0.02730615837418751,0.004265539158192249
Original eLCS — preprocessed,0.903,0.02724317162059508,0.004222013248414779
Original eLCS — preprocessed,0.904,0.027180184867002643,0.0041784873386373055
Original eLCS — preprocessed,0.905,0.027117198113410217,0.004134961428859834
Original eLCS — preprocessed,0.906,0.02705421135981778,0.0040914355190823605
Original eLCS — preprocessed,0.907,0.02699122460622535,0.004047909609304892
Original eLCS — preprocessed,0.908,0.026928237852632913,0.004004383699527417
Original eLCS — preprocessed,0.909,0.026865251099040487,0.003960857789749948
Original eLCS — preprocessed,0.91,0.02680226434544805,0.003917331879972475
Original eLCS — preprocessed,0.911,0.02673927759185562,0.003873805970195003
Original eLCS — preprocessed,0.912,0.02667629083826319,0.00383028006041753
Original eLCS — preprocessed,0.913,0.026613304084670754,0.0037867541506400597
Original eLCS — preprocessed,0.914,0.02655031733107832,0.0037432282408625854
Original eLCS — preprocessed,0.915,0.02648733057748589,0.003699702331085115
Original eLCS — preprocessed,0.916,0.02642434382389346,0.0036561764213076412
Original eLCS — preprocessed,0.917,0.026361357070301024,0.0036126505115301713
Original eLCS — preprocessed,0.918,0.026298370316708584,0.0035691246017526975
Original eLCS — preprocessed,0.919,0.02623538356311616,0.0035255986919752267
Original eLCS — preprocessed,0.92,0.026172396809523723,0.0034820727821977537
Original eLCS — preprocessed,0.921,0.026109410055931294,0.0034385468724202834
Original eLCS — preprocessed,0.922,0.02604642330233886,0.0033950209626428104
Original eLCS — preprocessed,0.923,0.02598343654874643,0.0033514950528653388
Original eLCS — preprocessed,0.924,0.025920449795153993,0.003307969143087866
Original eLCS — preprocessed,0.925,0.025857463041561564,0.003264443233310394
Original eLCS — preprocessed,0.926,0.02579447628796913,0.003220917323532922
Original eLCS — preprocessed,0.927,0.0257314895343767,0.0031773914137554517
Original eLCS — preprocessed,0.928,0.02566850278078427,0.003133865503977978
Original eLCS — preprocessed,0.929,0.025605516027191834,0.003090339594200507
Original eLCS — preprocessed,0.93,0.0255425292735994,0.0030468136844230332
Original eLCS — preprocessed,0.931,0.025479542520006965,0.0030032877746455633
Original eLCS — preprocessed,0.932,0.02541655576641454,0.0029597618648680903
Original eLCS — preprocessed,0.933,0.025353569012822107,0.002916235955090619
Original eLCS — preprocessed,0.934,0.02529058225922967,0.0028727100453131457
Original eLCS — preprocessed,0.935,0.02522759550563724,0.0028291841355356758
Original eLCS — preprocessed,0.936,0.025164608752044803,0.0027856582257582024
Original eLCS — preprocessed,0.937,0.025101621998452374,0.0027421323159807316
Original eLCS — preprocessed,0.9380000000000001,0.02503863524485994,0.0026986064062032578
Original eLCS — preprocessed,0.9390000000000001,0.02497564849126751,0.002655080496425787
Original eLCS — preprocessed,0.9400000000000001,0.024912661737675076,0.002611554586648314
Original eLCS — preprocessed,0.9410000000000001,0.024849674984082644,0.002568028676870843
Original eLCS — preprocessed,0.9420000000000001,0.02478668823049021,0.0025245027670933694
Original eLCS — preprocessed,0.9430000000000001,0.02472370147689778,0.002480976857315899
Original eLCS — preprocessed,0.9440000000000001,0.024660714723305346,0.0024374509475384256
Original eLCS — preprocessed,0.9450000000000001,0.024597727969712917,0.0023939250377609557
Original eLCS — preprocessed,0.9460000000000001,0.02453474121612048,0.002350399127983482
Original eLCS — preprocessed,0.9470000000000001,0.024471754462528052,0.0023068732182060115
Original eLCS — preprocessed,0.9480000000000001,0.02440876770893562,0.0022633473084285377
Original eLCS — preprocessed,0.9490000000000001,0.024345780955343184,0.0022198213986510677
Original eLCS — preprocessed,0.9500000000000001,0.02428279420175075,0.0021762954888735943
Original eLCS — preprocessed,0.9510000000000001,0.02421980744815832,0.002132769579096123
Original eLCS — preprocessed,0.9520000000000001,0.02415682069456589,0.0020892436693186497
Original eLCS — preprocessed,0.9530000000000001,0.024093833940973454,0.002045717759541179
Original eLCS — preprocessed,0.9540000000000001,0.02403084718738102,0.002002191849763707
Original eLCS — preprocessed,0.9550000000000001,0.023967860433788592,0.001958665939986236
Original eLCS — preprocessed,0.9560000000000001,0.023904873680196156,0.0019151400302087622
Original eLCS — preprocessed,0.9570000000000001,0.023841886926603724,0.0018716141204312912
Original eLCS — preprocessed,0.9580000000000001,0.023778900173011295,0.0018280882106538178
Original eLCS — preprocessed,0.9590000000000001,0.02371591341941886,0.0017845623008763472
Original eLCS — preprocessed,0.96,0.023652926665826433,0.0017410363910988801
Original eLCS — preprocessed,0.961,0.023589939912234004,0.0016975104813214074
Original eLCS — preprocessed,0.962,0.023526953158641572,0.0016539845715439366
Original eLCS — preprocessed,0.963,0.023463966405049136,0.001610458661766463
Original eLCS — preprocessed,0.964,0.023400979651456703,0.0015669327519889922
Original eLCS — preprocessed,0.965,0.023337992897864274,0.0015234068422115186
Original eLCS — preprocessed,0.966,0.023275006144271842,0.0014798809324340489
Original eLCS — preprocessed,0.967,0.023212019390679406,0.0014363550226565752
Original eLCS — preprocessed,0.968,0.023149032637086973,0.0013928291128791042
Original eLCS — preprocessed,0.969,0.023086045883494544,0.0013493032031016306
Original eLCS — preprocessed,0.97,0.023023059129902112,0.0013057772933241603
Original eLCS — preprocessed,0.971,0.02296007237630968,0.0012622513835466875
Original eLCS — preprocessed,0.972,0.022897085622717247,0.0012187254737692167
Original eLCS — preprocessed,0.973,0.022834098869124814,0.0011751995639917429
Original eLCS — preprocessed,0.974,0.02277111211553238,0.0011316736542142719
Original eLCS — preprocessed,0.975,0.02270812536193995,0.001088147744436799
Original eLCS — preprocessed,0.976,0.022645138608347513,0.0010446218346593281
Original eLCS — preprocessed,0.977,0.022582151854755084,0.0010010959248818552
Original eLCS — preprocessed,0.978,0.022519165101162652,0.0009575700151043841
Original eLCS — preprocessed,0.979,0.022456178347570216,0.0009140441053269109
Original eLCS — preprocessed,0.98,0.022393191593977783,0.0008705181955494409
Original eLCS — preprocessed,0.981,0.022330204840385354,0.000826992285771967
Original eLCS — preprocessed,0.982,0.022267218086792925,0.0007834663759944963
Original eLCS — preprocessed,0.983,0.022204231333200486,0.0007399404662170227
Original eLCS — preprocessed,0.984,0.022141244579608053,0.0006964145564395518
Original eLCS — preprocessed,0.985,0.02207825782601562,0.0006528886466620789
Original eLCS — preprocessed,0.986,0.02201527107242319,0.0006093627368846085
Original eLCS — preprocessed,0.987,0.02195228431883076,0.0005658368271071347
Original eLCS — preprocessed,0.988,0.021889297565238323,0.0005223109173296647
Original eLCS — preprocessed,0.989,0.021826310811645894,0.00047878500755219185
Original eLCS — preprocessed,0.99,0.021763324058053462,0.0004352590977747209
Original eLCS — preprocessed,0.991,0.021700337304461026,0.00039173318799724674
Original eLCS — preprocessed,0.992,0.021637350550868597,0.0003482072782197764
Original eLCS — preprocessed,0.993,0.021574363797276164,0.00030468136844230234
Original eLCS — preprocessed,0.994,0.02151137704368373,0.00026115545866483273
Original eLCS — preprocessed,0.995,0.021448390290091296,0.00021762954888735863
Original eLCS — preprocessed,0.996,0.021385403536498863,0.00017410363910988825
Original eLCS — preprocessed,0.997,0.021322416782906438,0.0001305777293324152
Original eLCS — preprocessed,0.998,0.021259430029314,8.70518195549443e-05
Original eLCS — preprocessed,0.999,0.021196443275721566,4.352590977747155e-05
Original eLCS — preprocessed,1.0,0.021133456522129137,3.657118196434064e-18
Improved eLCS,0.0,1.0,0.0
Improved eLCS,0.001,0.48500692307692306,0.2790154282841992
Improved eLCS,0.002,0.3851271779284545,0.21119195626688828
Improved eLCS,0.003,0.3243585360850423,0.13885356443408367
Improved eLCS,0.004,0.31947798644182746,0.11927603031006027
Improved eLCS,0.005,0.3090908976695271,0.10777652415264714
Improved eLCS,0.006,0.2895122589972415,0.07584541831324043
Improved eLCS,0.007,0.28006010712678797,0.061386886949782046
Improved eLCS,0.008,0.2694563769558201,0.05189631408844768
Improved eLCS,0.009000000000000001,0.2646198196212426,0.04097364230342771
Improved eLCS,0.01,0.2595079945312757,0.04237561623513287
Improved eLCS,0.011,0.2657436834854448,0.043934381363728015
Improved eLCS,0.012,0.25442574600025775,0.04309333491102187
Improved eLCS,0.013000000000000001,0.25121544271002705,0.046481824441823874
Improved eLCS,0.014,0.24691563255825438,0.043970367034379225
Improved eLCS,0.015,0.24410734108584564,0.0413781244647135
Improved eLCS,0.016,0.24142497536197843,0.03688230895410194
Improved eLCS,0.017,0.23908002570061462,0.03197015662365659
Improved eLCS,0.018000000000000002,0.2382118744537031,0.030011349609873044
Improved eLCS,0.019,0.23848236165303244,0.029068031977358307
Improved eLCS,0.02,0.2407189129923732,0.029536215465641908
Improved eLCS,0.021,0.23969456192389313,0.028776514369404527
Improved eLCS,0.022,0.2414289680254838,0.02799495701290748
Improved eLCS,0.023,0.24209755755251475,0.025971877854792994
Improved eLCS,0.024,0.24308403313665655,0.02581103401869319
Improved eLCS,0.025,0.2437794594078806,0.027900878614462856
Improved eLCS,0.026000000000000002,0.24361731411058676,0.027448489781716223
Improved eLCS,0.027,0.24128751909019974,0.02726790135986422
Improved eLCS,0.028,0.23869195847562558,0.027274535203038436
Improved eLCS,0.029,0.23811280507670413,0.025407585036015607
Improved eLCS,0.03,0.23716512449373353,0.02331234980077114
Improved eLCS,0.031,0.23599892947661338,0.02348377018524935
Improved eLCS,0.032,0.23548321496486543,0.022613130491691946
Improved eLCS,0.033,0.23272847886864628,0.0220827840698128
Improved eLCS,0.034,0.2290214455486912,0.022445037528103673
Improved eLCS,0.035,0.2288033317810639,0.022905965430889717
Improved eLCS,0.036000000000000004,0.2271787341496878,0.023115811284328817
Improved eLCS,0.037,0.2260308649235081,0.02279799334580738
Improved eLCS,0.038,0.225319240468268,0.022130106073357438
Improved eLCS,0.039,0.22529542755561502,0.020973846678627252
Improved eLCS,0.04,0.22508186316960693,0.020066969068502867
Improved eLCS,0.041,0.22522988530626167,0.02015890596881276
Improved eLCS,0.042,0.224982840058442,0.020271076554321848
Improved eLCS,0.043000000000000003,0.22510038598683968,0.020769370852472734
Improved eLCS,0.044,0.22604983215968227,0.020850958900302728
Improved eLCS,0.045,0.22625169213378915,0.020959853107646035
Improved eLCS,0.046,0.22620558890193965,0.018457434267183784
Improved eLCS,0.047,0.22680339352130638,0.017633738594051554
Improved eLCS,0.048,0.22699700843160192,0.019650893532832406
Improved eLCS,0.049,0.22716300436774137,0.020959227344540386
Improved eLCS,0.05,0.22666206400411074,0.021869950874372966
Improved eLCS,0.051000000000000004,0.22616344215113632,0.021057302997387423
Improved eLCS,0.052000000000000005,0.22502829228611199,0.020674478575798284
Improved eLCS,0.053,0.2242446025333949,0.0179652599886073
Improved eLCS,0.054,0.22308978967877185,0.015739827267238906
Improved eLCS,0.055,0.22331926233081617,0.015200947959016622
Improved eLCS,0.056,0.22424889061866407,0.01593413169024371
Improved eLCS,0.057,0.22500832069338003,0.016357607511411344
Improved eLCS,0.058,0.2259713043883263,0.016465867549394636
Improved eLCS,0.059000000000000004,0.22679090903563756,0.016592351228258185
Improved eLCS,0.06,0.22784072553182216,0.01691534897634914
Improved eLCS,0.061,0.22843981421820928,0.016874026339888788
Improved eLCS,0.062,0.22802559757675156,0.016297252393226373
Improved eLCS,0.063,0.22865985423140364,0.016350087080329156
Improved eLCS,0.064,0.2292672459670429,0.015810277874179896
Improved eLCS,0.065,0.22862358513111108,0.015474064365164792
Improved eLCS,0.066,0.22753533474086823,0.014791361363242918
Improved eLCS,0.067,0.2271534523664584,0.013265544639932623
Improved eLCS,0.068,0.2278481706538281,0.012715183852136908
Improved eLCS,0.069,0.22812352927190238,0.01214158257883187
Improved eLCS,0.07,0.22878093700842927,0.011654085286971509
Improved eLCS,0.07100000000000001,0.2291497205074288,0.011666724010523906
Improved eLCS,0.07200000000000001,0.22975592284998453,0.011941396655446109
Improved eLCS,0.073,0.22931367725019008,0.011139441759838189
Improved eLCS,0.074,0.22921604299828688,0.010366812827913066
Improved eLCS,0.075,0.22929046981444712,0.009540956261821994
Improved eLCS,0.076,0.22849332721650012,0.00989432705010044
Improved eLCS,0.077,0.2285177946862417,0.010257992629024807
Improved eLCS,0.078,0.2288107734548704,0.010907410339682
Improved eLCS,0.079,0.22947254054211635,0.010958094561843197
Improved eLCS,0.08,0.2301433391799367,0.01105110800915541
Improved eLCS,0.081,0.23044998925084315,0.010923341585492047
Improved eLCS,0.082,0.23026549388169362,0.010717142700104753
Improved eLCS,0.083,0.2301740768315626,0.011065107922189376
Improved eLCS,0.084,0.23000526461513487,0.011621049150544275
Improved eLCS,0.085,0.2302566962546734,0.011320093199100913
Improved eLCS,0.08600000000000001,0.23034443791938655,0.011970161605344587
Improved eLCS,0.08700000000000001,0.23053301356401085,0.012180865779661815
Improved eLCS,0.088,0.23084448790199358,0.012280545155335018
Improved eLCS,0.089,0.2313388103739727,0.012805766231910768
Improved eLCS,0.09,0.23150551011324846,0.012617020180784456
Improved eLCS,0.091,0.23099479332767406,0.012143597925987222
Improved eLCS,0.092,0.2302679751604698,0.011593744045583406
Improved eLCS,0.093,0.2293013436200301,0.009680235954154312
Improved eLCS,0.094,0.22875673553142808,0.008709022835936758
Improved eLCS,0.095,0.22867991615467137,0.00859775769401014
Improved eLCS,0.096,0.22912703816643357,0.009082320142503092
Improved eLCS,0.097,0.22848796598046173,0.009514966021359187
Improved eLCS,0.098,0.2276591570099634,0.010019557189136444
Improved eLCS,0.099,0.22708633209283535,0.010292376045581404
Improved eLCS,0.1,0.2267289338462013,0.010335147747579897
Improved eLCS,0.101,0.2263175933971957,0.010482852739166179
Improved eLCS,0.10200000000000001,0.22663700514592394,0.01041697199654016
Improved eLCS,0.10300000000000001,0.2268841362255043,0.010505435816737607
Improved eLCS,0.10400000000000001,0.22684765378620372,0.01046708181938927
Improved eLCS,0.105,0.22709843638103258,0.010321433520763191
Improved eLCS,0.106,0.2268914606265851,0.010214742862689558
Improved eLCS,0.107,0.2268152794319383,0.010016765739038504
Improved eLCS,0.108,0.22676320881870748,0.009891688563552103
Improved eLCS,0.109,0.2269422227535029,0.009924167820252256
Improved eLCS,0.11,0.22732115381034915,0.00978685149676405
Improved eLCS,0.111,0.22740197513122,0.00963852827239755
Improved eLCS,0.112,0.2275081430856542,0.009505229580802792
Improved eLCS,0.113,0.22764244510886109,0.009936859477046978
Improved eLCS,0.114,0.22777569898650896,0.010203118670559477
Improved eLCS,0.115,0.2276727433715727,0.010712608493556463
Improved eLCS,0.116,0.2273419078054702,0.010243921430720122
Improved eLCS,0.117,0.2261928342549464,0.009666426769935588
Improved eLCS,0.11800000000000001,0.22548847062923852,0.00995687557595289
Improved eLCS,0.11900000000000001,0.2251975454296958,0.009619155662558236
Improved eLCS,0.12,0.22498342961009038,0.009896446636521691
Improved eLCS,0.121,0.2247365320591915,0.01024258565077785
Improved eLCS,0.122,0.2249344722652186,0.010554314473723148
Improved eLCS,0.123,0.22501087226627678,0.010410108915240926
Improved eLCS,0.124,0.22513923003236447,0.010272628375208516
Improved eLCS,0.125,0.22515232768047425,0.010263278771568728
Improved eLCS,0.126,0.22527555565379362,0.010414540956237861
Improved eLCS,0.127,0.22487657332946204,0.010145965796975527
Improved eLCS,0.128,0.22404420666145305,0.009902790433854723
Improved eLCS,0.129,0.2240766037037997,0.009593146968904568
Improved eLCS,0.13,0.22432788405339882,0.009292223239704063
Improved eLCS,0.131,0.22423218867978972,0.009152279636552298
Improved eLCS,0.132,0.22414822038100665,0.009249765088258416
Improved eLCS,0.133,0.22430688855307124,0.008682321222622753
Improved eLCS,0.134,0.22451044055469574,0.008235986137161798
Improved eLCS,0.135,0.22504242313964648,0.008199848540003994
Improved eLCS,0.136,0.2251968679436449,0.00810941360951022
Improved eLCS,0.137,0.2255283854009022,0.008459325138984421
Improved eLCS,0.138,0.22573346833466137,0.008479442512918758
Improved eLCS,0.139,0.225604619967473,0.008497127992741845
Improved eLCS,0.14,0.22588008253570951,0.008412669917805954
Improved eLCS,0.14100000000000001,0.22617175759532082,0.007734638460447503
Improved eLCS,0.14200000000000002,0.22614472850816486,0.007708494725444075
Improved eLCS,0.14300000000000002,0.22575787303955427,0.0075480286043629885
Improved eLCS,0.14400000000000002,0.2249892314368806,0.007706360681536002
Improved eLCS,0.145,0.22495844875821236,0.007711490728347261
Improved eLCS,0.146,0.22498404465460223,0.007736205896768838
Improved eLCS,0.147,0.22446073307873707,0.007846571996373354
Improved eLCS,0.148,0.22391721571535567,0.008199800791045172
Improved eLCS,0.149,0.22346802412788286,0.008449819595179302
Improved eLCS,0.15,0.22314956271466566,0.008682021617913222
Improved eLCS,0.151,0.22252699325612765,0.008347016339789386
Improved eLCS,0.152,0.22260601017171391,0.008328299146988695
Improved eLCS,0.153,0.22258363819442187,0.00835029145397962
Improved eLCS,0.154,0.22267251230831242,0.008395717691101777
Improved eLCS,0.155,0.22252652838138215,0.008313168183423442
Improved eLCS,0.156,0.22215264734319473,0.008237689499769253
Improved eLCS,0.157,0.22227827941058523,0.008295727529276325
Improved eLCS,0.158,0.2220163280202986,0.008286798989394216
Improved eLCS,0.159,0.2220887624813946,0.00828209934968111
Improved eLCS,0.16,0.22161099578881854,0.008523075971708158
Improved eLCS,0.161,0.22169314033202464,0.008488515415099342
Improved eLCS,0.162,0.22162921660079943,0.008611341365905937
Improved eLCS,0.163,0.22157402493240003,0.00887090803929647
Improved eLCS,0.164,0.2216713837830601,0.00876131786167973
Improved eLCS,0.165,0.22137504118284723,0.007890565579143844
Improved eLCS,0.166,0.2210999190996104,0.007742250419170281
Improved eLCS,0.167,0.2209795378171223,0.007734988706314996
Improved eLCS,0.168,0.2212626925005786,0.007756436123041877
Improved eLCS,0.169,0.22108459570368252,0.008027343071024571
Improved eLCS,0.17,0.22099854597714982,0.008404805752069526
Improved eLCS,0.171,0.22098106045882465,0.008790034680359078
Improved eLCS,0.17200000000000001,0.2206453512373523,0.008855490958755374
Improved eLCS,0.17300000000000001,0.22036393531765208,0.008834820782605581
Improved eLCS,0.17400000000000002,0.21985839058009135,0.008723907566354527
Improved eLCS,0.17500000000000002,0.21974844950949657,0.00861751457083331
Improved eLCS,0.176,0.21957813346095847,0.00849954904515148
Improved eLCS,0.177,0.2193854553794893,0.008131626298897384
Improved eLCS,0.178,0.21901569756163783,0.007856554219035798
Improved eLCS,0.179,0.21881236282605404,0.008275196199505268
Improved eLCS,0.18,0.2188757408294745,0.008099636341571568
Improved eLCS,0.181,0.2187798806886712,0.007979233608452301
Improved eLCS,0.182,0.21846124375549966,0.007926861812304604
Improved eLCS,0.183,0.21831722365223846,0.007986500623234355
Improved eLCS,0.184,0.21845231524291386,0.008085412220207006
Improved eLCS,0.185,0.2186888095233286,0.008072364413430757
Improved eLCS,0.186,0.21841018385048142,0.008138363731222032
Improved eLCS,0.187,0.21847874531516762,0.008258422761170267
Improved eLCS,0.188,0.21843852654375331,0.00859850256182206
Improved eLCS,0.189,0.2186141753451754,0.008859237421002988
Improved eLCS,0.19,0.21861539751136155,0.008977079546449131
Improved eLCS,0.191,0.21843455273894405,0.008966047392637035
Improved eLCS,0.192,0.21842510245646243,0.009079475723227225
Improved eLCS,0.193,0.21816693598609155,0.00907389847446537
Improved eLCS,0.194,0.21795131163122358,0.008563334445515767
Improved eLCS,0.195,0.21785401189321538,0.00852480787734696
Improved eLCS,0.196,0.2178300724531173,0.008465481476312856
Improved eLCS,0.197,0.21782811887015585,0.008259519349008211
Improved eLCS,0.198,0.2177181739603577,0.008169581393364465
Improved eLCS,0.199,0.21766614237137988,0.008097531944177753
Improved eLCS,0.2,0.21736402810630695,0.008685485428537245
Improved eLCS,0.201,0.21720164717177487,0.009047205187163888
Improved eLCS,0.202,0.21681382319593423,0.009414116668795297
Improved eLCS,0.203,0.21662112001526435,0.009566987554872668
Improved eLCS,0.20400000000000001,0.21623161310186118,0.009496497672300106
Improved eLCS,0.20500000000000002,0.21578890882269985,0.009025324209639753
Improved eLCS,0.20600000000000002,0.21571078409093203,0.00901346676706177
Improved eLCS,0.20700000000000002,0.21580543422793835,0.0093901591164179
Improved eLCS,0.20800000000000002,0.21538174275577107,0.008232258161631263
Improved eLCS,0.209,0.21503469832082794,0.007785475571548851
Improved eLCS,0.21,0.21497715667912423,0.0075776357202008825
Improved eLCS,0.211,0.21475276344052477,0.0071391639196611645
Improved eLCS,0.212,0.21463867866298098,0.007032505795511077
Improved eLCS,0.213,0.21479484260313647,0.007140148512422162
Improved eLCS,0.214,0.21463643914438543,0.007027875979374222
Improved eLCS,0.215,0.21439072742073986,0.00696112431255603
Improved eLCS,0.216,0.2143119848766654,0.006920224123448378
Improved eLCS,0.217,0.21407033990326116,0.0066824051529104775
Improved eLCS,0.218,0.2140099800997543,0.006424442487341946
Improved eLCS,0.219,0.21398442573874116,0.006349058108121637
Improved eLCS,0.22,0.2138723781312873,0.006008057255548526
Improved eLCS,0.221,0.21334175836987818,0.006177498352269522
Improved eLCS,0.222,0.21317496128028743,0.006004531340226853
Improved eLCS,0.223,0.21298194976476345,0.0057711450455029045
Improved eLCS,0.224,0.21285373641326846,0.005571963900693831
Improved eLCS,0.225,0.21271288907958788,0.0059325032026234775
Improved eLCS,0.226,0.21277693121195376,0.006200976170920463
Improved eLCS,0.227,0.21278414589345554,0.006133548167536551
Improved eLCS,0.228,0.21274844331159376,0.006125454973404247
Improved eLCS,0.229,0.21265779108934316,0.006194164620220693
Improved eLCS,0.23,0.21249085643006121,0.005838948148806284
Improved eLCS,0.231,0.21256628406818492,0.005629358466752419
Improved eLCS,0.232,0.21251252688926942,0.005741914875935325
Improved eLCS,0.233,0.21218258098972237,0.005889927253597866
Improved eLCS,0.234,0.21181792683880843,0.005914242276499057
Improved eLCS,0.23500000000000001,0.21175827946193806,0.00585766327644389
Improved eLCS,0.23600000000000002,0.21175786622220744,0.006192008218926347
Improved eLCS,0.23700000000000002,0.211809157215353,0.005956840891366755
Improved eLCS,0.23800000000000002,0.2117318396873613,0.005802681428398593
Improved eLCS,0.23900000000000002,0.21160394388619125,0.005757626731642576
Improved eLCS,0.24,0.21140095745143883,0.005691671398222968
Improved eLCS,0.241,0.21118611319819558,0.00567372322444169
Improved eLCS,0.242,0.21085270392631203,0.005801630254601316
Improved eLCS,0.243,0.21028565965098794,0.006125326820521279
Improved eLCS,0.244,0.21011183667706096,0.006073350705117182
Improved eLCS,0.245,0.20973092013893493,0.006366938212550657
Improved eLCS,0.246,0.20939029060210582,0.006429269074151879
Improved eLCS,0.247,0.20916765378902996,0.006451576144433126
Improved eLCS,0.248,0.2092828442629498,0.006295697691930745
Improved eLCS,0.249,0.20923140486004596,0.006056537375741859
Improved eLCS,0.25,0.20905594312306688,0.006038586928752455
Improved eLCS,0.251,0.20898484236686002,0.0059723626758891
Improved eLCS,0.252,0.20904774678885482,0.005985294965465857
Improved eLCS,0.253,0.209083548261127,0.005845860707316456
Improved eLCS,0.254,0.20909770415221374,0.005851620481253148
Improved eLCS,0.255,0.20901512942865308,0.006259168968263836
Improved eLCS,0.256,0.20907391758531507,0.006187953075591619
Improved eLCS,0.257,0.20915354942086992,0.006230008919090437
Improved eLCS,0.258,0.20898777093821055,0.005985560949723576
Improved eLCS,0.259,0.2089426594659988,0.005860229994950329
Improved eLCS,0.26,0.2090007587222905,0.005860283359448772
Improved eLCS,0.261,0.20876480161344557,0.005985872028018269
Improved eLCS,0.262,0.20859066709816262,0.006017253347049948
Improved eLCS,0.263,0.2085537879099597,0.00583840877923437
Improved eLCS,0.264,0.2086692935569971,0.005756183307988181
Improved eLCS,0.265,0.2085305124788841,0.005694083897465827
Improved eLCS,0.266,0.20871396241942092,0.005774313114589727
Improved eLCS,0.267,0.20875784130836164,0.005731780332909277
Improved eLCS,0.268,0.20889109822892465,0.005540038665705651
Improved eLCS,0.269,0.20916370082814795,0.005572229735992741
Improved eLCS,0.27,0.2093589691017783,0.005737519707596552
Improved eLCS,0.271,0.20969544416666155,0.005688376974617058
Improved eLCS,0.272,0.2096392296747856,0.005415056269728815
Improved eLCS,0.273,0.20946797773746817,0.005239205768871539
Improved eLCS,0.274,0.20941398669444075,0.005144340588588736
Improved eLCS,0.275,0.20948543434090627,0.005171951126189552
Improved eLCS,0.276,0.209498669225144,0.005236954737961939
Improved eLCS,0.277,0.20933260179432112,0.005264091790636475
Improved eLCS,0.278,0.20917495934845637,0.005167612130233031
Improved eLCS,0.279,0.209091960874986,0.005042865659293943
Improved eLCS,0.28,0.2089721973758066,0.005160085595233182
Improved eLCS,0.281,0.2089187274111906,0.00528626100163363
Improved eLCS,0.28200000000000003,0.20897675405060268,0.005348578720265245
Improved eLCS,0.28300000000000003,0.2090273115823352,0.005391265384943504
Improved eLCS,0.28400000000000003,0.2087984827262613,0.0051911923458318925
Improved eLCS,0.28500000000000003,0.20861249315446018,0.0050133572852297985
Improved eLCS,0.28600000000000003,0.20847731856524265,0.004794494369530367
Improved eLCS,0.28700000000000003,0.20834103169474155,0.004929854333620012
Improved eLCS,0.28800000000000003,0.20817074138432962,0.004947711693238389
Improved eLCS,0.289,0.2078607510180838,0.005249523768514365
Improved eLCS,0.29,0.20781402735682342,0.0054176102670064055
Improved eLCS,0.291,0.20790018009518088,0.005487396684102494
Improved eLCS,0.292,0.20757883632477458,0.005538053196435252
Improved eLCS,0.293,0.2075119413473181,0.005861029982292347
Improved eLCS,0.294,0.20722806687198086,0.006103937532093509
Improved eLCS,0.295,0.20714638548032158,0.006361107693687364
Improved eLCS,0.296,0.20725263735461227,0.006342223151517858
Improved eLCS,0.297,0.20743629529006063,0.0063433999559998015
Improved eLCS,0.298,0.20770456891613437,0.006306668532644279
Improved eLCS,0.299,0.20775046980869463,0.006340665548463996
Improved eLCS,0.3,0.2078367562444333,0.00634917354857883
Improved eLCS,0.301,0.20798987832704716,0.006358559775167747
Improved eLCS,0.302,0.20811147637234662,0.006324710370365883
Improved eLCS,0.303,0.20820751820951516,0.006409843369226422
Improved eLCS,0.304,0.20817971722930168,0.0065833589847167796
Improved eLCS,0.305,0.20820360516062558,0.006630027441676498
Improved eLCS,0.306,0.20826110667970724,0.006715608957575263
Improved eLCS,0.307,0.20820517678375886,0.006650868066273412
Improved eLCS,0.308,0.20780718956019317,0.006629664642894385
Improved eLCS,0.309,0.20773857593590192,0.00674467477473552
Improved eLCS,0.31,0.20757197257648347,0.007055102394496475
Improved eLCS,0.311,0.20721712798015282,0.00731233839180644
Improved eLCS,0.312,0.20705901984593922,0.007253729273166887
Improved eLCS,0.313,0.20687178146394855,0.007185880320215648
Improved eLCS,0.314,0.20673934280964126,0.007162554249273458
Improved eLCS,0.315,0.20691107586291882,0.0071353104952606135
Improved eLCS,0.316,0.2068717146400238,0.007118219249844928
Improved eLCS,0.317,0.20674782165274727,0.00722466702995973
Improved eLCS,0.318,0.20656123354206649,0.007290512958226821
Improved eLCS,0.319,0.20640360145185088,0.007425910527841901
Improved eLCS,0.32,0.2063516156157427,0.0073944676240730485
Improved eLCS,0.321,0.20636469197355978,0.007344458285303115
Improved eLCS,0.322,0.20642731051246838,0.007392521412210564
Improved eLCS,0.323,0.20655317758733172,0.007402677019033449
Improved eLCS,0.324,0.2066765278165395,0.007469770688899883
Improved eLCS,0.325,0.20666763237846836,0.0072030411764942796
Improved eLCS,0.326,0.20641807871268134,0.006725749739680482
Improved eLCS,0.327,0.20635838283389246,0.006560945914614238
Improved eLCS,0.328,0.20630419078023726,0.006481386670902139
Improved eLCS,0.329,0.20605886080907876,0.006413592810721194
Improved eLCS,0.33,0.20600393057379432,0.00644823028320547
Improved eLCS,0.331,0.2059008321691791,0.006334006809128716
Improved eLCS,0.332,0.20577459657367828,0.006269754144552124
Improved eLCS,0.333,0.20565464030121466,0.006273933421787653
Improved eLCS,0.334,0.20561075900342834,0.006396411932403521
Improved eLCS,0.335,0.20558946850369914,0.006425357055887128
Improved eLCS,0.336,0.20549908023309996,0.006421272996722239
Improved eLCS,0.337,0.20525850829411169,0.006592404207232258
Improved eLCS,0.338,0.20531291786256042,0.006494987788966768
Improved eLCS,0.339,0.20516011995155908,0.006149512465862254
Improved eLCS,0.34,0.20517976763014684,0.006033928799722623
Improved eLCS,0.341,0.2052860491312764,0.00604480662385075
Improved eLCS,0.342,0.20481398174287974,0.006279580949141973
Improved eLCS,0.343,0.2045221933772685,0.0060231281560024046
Improved eLCS,0.34400000000000003,0.20409821797532532,0.005802361441015158
Improved eLCS,0.34500000000000003,0.20402354065178713,0.005637849521507977
Improved eLCS,0.34600000000000003,0.20402800648055286,0.005671805374201391
Improved eLCS,0.34700000000000003,0.20382814956241574,0.005680500891736363
Improved eLCS,0.34800000000000003,0.20370502142973818,0.005810563547875468
Improved eLCS,0.34900000000000003,0.20367243205791324,0.005952588037344588
Improved eLCS,0.35000000000000003,0.203639329400889,0.005935458081003144
Improved eLCS,0.35100000000000003,0.20353837115930262,0.0059502022613321
Improved eLCS,0.352,0.2033352581872275,0.0058937519495672885
Improved eLCS,0.353,0.20310568982909402,0.00581170131879526
Improved eLCS,0.354,0.2030859968076108,0.005713338906878553
Improved eLCS,0.355,0.20293434529797172,0.005936191763284273
Improved eLCS,0.356,0.20248095474613764,0.00573046567756921
Improved eLCS,0.357,0.2024167826614817,0.0055456685622753054
Improved eLCS,0.358,0.20228209606401443,0.005625144739896949
Improved eLCS,0.359,0.20210403586225886,0.0057485942018007195
Improved eLCS,0.36,0.20177806590229416,0.005912929738227612
Improved eLCS,0.361,0.20164006504072174,0.005907148213677187
Improved eLCS,0.362,0.20163326430468848,0.006024252492962443
Improved eLCS,0.363,0.2016272871809987,0.0060828974178126485
Improved eLCS,0.364,0.20161003473935923,0.00619466556260952
Improved eLCS,0.365,0.2015700732178527,0.006480970715689636
Improved eLCS,0.366,0.2015896566456851,0.006432448136655549
Improved eLCS,0.367,0.20167330333430417,0.006424483529022467
Improved eLCS,0.368,0.20164441693662033,0.006498020234397142
Improved eLCS,0.369,0.2016065019773421,0.006609877173817796
Improved eLCS,0.37,0.2016606569667237,0.006644384155374686
Improved eLCS,0.371,0.20166242977573767,0.006494365545937661
Improved eLCS,0.372,0.2013633642179228,0.00662966554734046
Improved eLCS,0.373,0.20134947332464717,0.006593001275122197
Improved eLCS,0.374,0.20132959745560813,0.006382885593210813
Improved eLCS,0.375,0.20130564403530476,0.006129294610135392
Improved eLCS,0.376,0.20137120741749656,0.006026096862724974
Improved eLCS,0.377,0.201562625458432,0.006052379113798291
Improved eLCS,0.378,0.2015875919688523,0.0059284114418426655
Improved eLCS,0.379,0.20165842496261055,0.005884501717126473
Improved eLCS,0.38,0.20159093392358535,0.006016042200303542
Improved eLCS,0.381,0.20137056547535645,0.006330293135749726
Improved eLCS,0.382,0.20145192575453313,0.006288368432965366
Improved eLCS,0.383,0.2014296824799277,0.0066283544225075024
Improved eLCS,0.384,0.2013927970039798,0.006589829861136914
Improved eLCS,0.385,0.20133210186555597,0.006594017974768246
Improved eLCS,0.386,0.20126730770196527,0.006605808404581885
Improved eLCS,0.387,0.2012388817423337,0.006583900728281695
Improved eLCS,0.388,0.20114230850259768,0.006821303846872818
Improved eLCS,0.389,0.20097902447010862,0.006793190791045626
Improved eLCS,0.39,0.20093572459447578,0.006913835633525136
Improved eLCS,0.391,0.20084263628628474,0.007074624000263652
Improved eLCS,0.392,0.20078241402927946,0.0072021155709907515
Improved eLCS,0.393,0.20071225775763063,0.007496240457423724
Improved eLCS,0.394,0.20043923972305833,0.007538995859171864
Improved eLCS,0.395,0.20043528002822203,0.007648581254975928
Improved eLCS,0.396,0.2002925705091075,0.0077669410124243665
Improved eLCS,0.397,0.19969065897381183,0.007450471533017792
Improved eLCS,0.398,0.1995132956587393,0.007254134399137237
Improved eLCS,0.399,0.19951571013090147,0.007155412506925422
Improved eLCS,0.4,0.19929282806291954,0.0070085764449185585
Improved eLCS,0.401,0.19915049474183405,0.007078204919716782
Improved eLCS,0.402,0.1989289619507762,0.006910201644761567
Improved eLCS,0.403,0.19887095693035217,0.006607027847370619
Improved eLCS,0.404,0.19878421800506998,0.0065365876542745815
Improved eLCS,0.405,0.19863295785283888,0.006589109562727494
Improved eLCS,0.406,0.19855290346409746,0.006627105672581955
Improved eLCS,0.40700000000000003,0.19863639143885464,0.0065698843348187454
Improved eLCS,0.40800000000000003,0.19867770456995973,0.006578266388931794
Improved eLCS,0.40900000000000003,0.1987426316282197,0.006650136026278819
Improved eLCS,0.41000000000000003,0.19845969703250357,0.006595503506442684
Improved eLCS,0.41100000000000003,0.19842515468042937,0.006616946635010767
Improved eLCS,0.41200000000000003,0.19829178375934498,0.006499005080888541
Improved eLCS,0.41300000000000003,0.19827453500071107,0.006535754020076369
Improved eLCS,0.41400000000000003,0.19821344279147296,0.006375048970211238
Improved eLCS,0.41500000000000004,0.19807226451984244,0.006141084184321421
Improved eLCS,0.41600000000000004,0.1979810887915519,0.006067249265086036
Improved eLCS,0.417,0.19790643692568904,0.006066225579499593
Improved eLCS,0.418,0.19776862332929374,0.006162129466525285
Improved eLCS,0.419,0.19772083957308484,0.006229911606181689
Improved eLCS,0.42,0.1976259278726317,0.006270981641755604
Improved eLCS,0.421,0.19740037068764832,0.006228530785486113
Improved eLCS,0.422,0.1972246738929742,0.0062130929873117436
Improved eLCS,0.423,0.1968928650524767,0.005969154794623223
Improved eLCS,0.424,0.19700244889147495,0.006050617874251979
Improved eLCS,0.425,0.19694059843168,0.006093458131952584
Improved eLCS,0.426,0.19674014206960028,0.006285028421272124
Improved eLCS,0.427,0.1967082165857876,0.006341097147946499
Improved eLCS,0.428,0.1967456029714351,0.006325760403379903
Improved eLCS,0.429,0.19667465494707806,0.00635160725384613
Improved eLCS,0.43,0.19661352812915886,0.0064896053179135695
Improved eLCS,0.431,0.1964565421936126,0.006271390566369805
Improved eLCS,0.432,0.19653619075057133,0.006198491326895887
Improved eLCS,0.433,0.19651433843109256,0.006084555318728128
Improved eLCS,0.434,0.19648113997930294,0.006105643234889177
Improved eLCS,0.435,0.19641336308053367,0.006060561529641645
Improved eLCS,0.436,0.19604523546716485,0.005816694436157416
Improved eLCS,0.437,0.19579188200165457,0.005746026952548569
Improved eLCS,0.438,0.19550654168610634,0.005678944226871251
Improved eLCS,0.439,0.19552699432808576,0.005574596702866943
Improved eLCS,0.44,0.19540640068611656,0.005620558401158332
Improved eLCS,0.441,0.1951769633986665,0.005336808458276015
Improved eLCS,0.442,0.1947862861637488,0.00513943122611959
Improved eLCS,0.443,0.1945053374270705,0.005139354339593992
Improved eLCS,0.444,0.19437008401486278,0.005192186841270866
Improved eLCS,0.445,0.19435886872263142,0.005284879409972531
Improved eLCS,0.446,0.19420527337548862,0.00527421996774113
Improved eLCS,0.447,0.19397811869522036,0.0052477604652879485
Improved eLCS,0.448,0.19384170551167376,0.0051541132391144506
Improved eLCS,0.449,0.19387519284376303,0.0051760621073265066
Improved eLCS,0.45,0.19383251422812475,0.005159735147983938
Improved eLCS,0.451,0.19352218670560634,0.004722220234366049
Improved eLCS,0.452,0.1933959557072003,0.00465908405554764
Improved eLCS,0.453,0.19319923417540943,0.00464956383422786
Improved eLCS,0.454,0.19308099627470907,0.004721923009389803
Improved eLCS,0.455,0.19302254867578122,0.004716437162645723
Improved eLCS,0.456,0.19288702957604772,0.005007652115570916
Improved eLCS,0.457,0.1926903163049643,0.005279508217667597
Improved eLCS,0.458,0.19264442664288833,0.005375385042902964
Improved eLCS,0.459,0.19240551552615137,0.0053932594555469796
Improved eLCS,0.46,0.1923573114246667,0.005389385428311481
Improved eLCS,0.461,0.1921853016020294,0.005425069996080551
Improved eLCS,0.462,0.19218399265924335,0.0054332891354122335
Improved eLCS,0.463,0.19216790502665176,0.005415383775097942
Improved eLCS,0.464,0.19212517382337066,0.005442081876395645
Improved eLCS,0.465,0.1920437234241455,0.0055192804332746676
Improved eLCS,0.466,0.19193722473441371,0.005572232391048697
Improved eLCS,0.467,0.19188686555982568,0.0055348865938586065
Improved eLCS,0.468,0.1916291694432698,0.005672290781377848
Improved eLCS,0.46900000000000003,0.19147697882534137,0.005911546110757644
Improved eLCS,0.47000000000000003,0.19147827709297388,0.005990465880217144
Improved eLCS,0.47100000000000003,0.1915389095296325,0.005909152968833758
Improved eLCS,0.47200000000000003,0.19135510038665518,0.0057100885176276555
Improved eLCS,0.47300000000000003,0.19115237016257264,0.0053654519336804925
Improved eLCS,0.47400000000000003,0.19119489861593258,0.005305712000525814
Improved eLCS,0.47500000000000003,0.19120373766056947,0.005190449199011444
Improved eLCS,0.47600000000000003,0.19128225245484165,0.0052237236806105545
Improved eLCS,0.47700000000000004,0.1910535211598135,0.005145869963422689
Improved eLCS,0.47800000000000004,0.19079669901128266,0.005275705224588626
Improved eLCS,0.47900000000000004,0.19070718032525275,0.005197941450366873
Improved eLCS,0.48,0.19060093853223498,0.005142909284665027
Improved eLCS,0.481,0.1906012788144928,0.005076941768872694
Improved eLCS,0.482,0.19045179121376946,0.004964265478262111
Improved eLCS,0.483,0.1902835573300505,0.004877841656987653
Improved eLCS,0.484,0.18999642867136032,0.00475552143048742
Improved eLCS,0.485,0.18999744311348787,0.004704503903377183
Improved eLCS,0.486,0.19004124914452664,0.004748679897341159
Improved eLCS,0.487,0.1899079947910955,0.004699006143013645
Improved eLCS,0.488,0.1897960272691347,0.004768257705333856
Improved eLCS,0.489,0.18973485077228408,0.0047537015894136645
Improved eLCS,0.49,0.1897379241200252,0.004725605653896806
Improved eLCS,0.491,0.18963719738075172,0.004682110741047954
Improved eLCS,0.492,0.18949902823501502,0.004659381624876375
Improved eLCS,0.493,0.18954860248803918,0.004695954589206514
Improved eLCS,0.494,0.18914140331055454,0.004846176283721946
Improved eLCS,0.495,0.18903967583674008,0.004756843398585591
Improved eLCS,0.496,0.1887841897751183,0.004740174417639653
Improved eLCS,0.497,0.18843845965049213,0.00457055882281889
Improved eLCS,0.498,0.18808758872712752,0.004645195171610787
Improved eLCS,0.499,0.1878463223887635,0.0045418089936996794
Improved eLCS,0.5,0.1878651986212653,0.0045664650487918824
Improved eLCS,0.501,0.18781238621102214,0.004412134521566568
Improved eLCS,0.502,0.18774375063863627,0.004460529295132192
Improved eLCS,0.503,0.1876633243644526,0.004472236219507456
Improved eLCS,0.504,0.18759852321871479,0.004339051570757157
Improved eLCS,0.505,0.1876529710162734,0.004277572666654133
Improved eLCS,0.506,0.1877403209728669,0.0042570196487664875
Improved eLCS,0.507,0.1878028009940267,0.004146022970203103
Improved eLCS,0.508,0.18766813086144857,0.00412726798162687
Improved eLCS,0.509,0.187631317984312,0.00419093826155056
Improved eLCS,0.51,0.18755857487244826,0.004405957378061318
Improved eLCS,0.511,0.18738907360536614,0.00463921479197889
Improved eLCS,0.512,0.1873543729475684,0.004733206657640944
Improved eLCS,0.513,0.1874453761894018,0.004796015386326542
Improved eLCS,0.514,0.1874268003548622,0.004850365809629343
Improved eLCS,0.515,0.18745315948872004,0.004862184808944915
Improved eLCS,0.516,0.18748009920265493,0.004924228779203147
Improved eLCS,0.517,0.18723344209082565,0.004698178421616056
Improved eLCS,0.518,0.18713274133896163,0.004772176251312337
Improved eLCS,0.519,0.18694139707737983,0.0048061617630063246
Improved eLCS,0.52,0.1867767770088128,0.0047200949110784264
Improved eLCS,0.521,0.18660553226980184,0.004718228459366704
Improved eLCS,0.522,0.1863626388217,0.004734631765627682
Improved eLCS,0.523,0.18617861863665025,0.004637868462832217
Improved eLCS,0.524,0.18606546932572945,0.004618442899205054
Improved eLCS,0.525,0.18591309749963064,0.004540708205618223
Improved eLCS,0.526,0.1857468254728794,0.004391471042189055
Improved eLCS,0.527,0.1857363299207355,0.004229318865025695
Improved eLCS,0.528,0.18565259955835306,0.004223049407953925
Improved eLCS,0.529,0.18576456138882014,0.0041655940452353345
Improved eLCS,0.53,0.18572151142525323,0.0039895130611970865
Improved eLCS,0.531,0.18562976838712938,0.003895640967845933
Improved eLCS,0.532,0.18539053079288004,0.0039044943100077227
Improved eLCS,0.533,0.18520784862214307,0.003937650763278868
Improved eLCS,0.534,0.18508259177919645,0.003949422170177824
Improved eLCS,0.535,0.18501797558582433,0.004046971021066945
Improved eLCS,0.536,0.18501591539072523,0.004008167105602755
Improved eLCS,0.537,0.18499478579199646,0.004000724770483384
Improved eLCS,0.538,0.18480338147798356,0.004125341712728231
Improved eLCS,0.539,0.1846273333764328,0.004255470420436423
Improved eLCS,0.54,0.18447611763320745,0.004326158246699656
Improved eLCS,0.541,0.1844192497455918,0.004438105938893105
Improved eLCS,0.542,0.18432790961366374,0.004552148595945411
Improved eLCS,0.543,0.18419103364804307,0.004603970266140746
Improved eLCS,0.544,0.18399979985240947,0.0046128059275520475
Improved eLCS,0.545,0.18382844015761862,0.004532006816459322
Improved eLCS,0.546,0.1837700727257656,0.004454450576992953
Improved eLCS,0.547,0.18371400344528696,0.004467526706016309
Improved eLCS,0.548,0.1835220196663409,0.004644038272381617
Improved eLCS,0.549,0.18346762559040722,0.004640321344406044
Improved eLCS,0.55,0.1833852748707669,0.0045356301121888655
Improved eLCS,0.551,0.18333333542828167,0.004505245435365757
Improved eLCS,0.552,0.18325542313276558,0.004434980784706972
Improved eLCS,0.553,0.18305843285242823,0.004306906508277898
Improved eLCS,0.554,0.18286506807876407,0.004055900764102307
Improved eLCS,0.555,0.18279282376968653,0.003949641089335881
Improved eLCS,0.556,0.18281735763677684,0.004071157174899045
Improved eLCS,0.557,0.18262917634432654,0.003991985323768193
Improved eLCS,0.558,0.1824308697549477,0.0040251184244035785
Improved eLCS,0.559,0.18231842842532409,0.0041123478827527005
Improved eLCS,0.56,0.18226500980307023,0.0039445109818279644
Improved eLCS,0.561,0.18231343974555383,0.0038175705074536197
Improved eLCS,0.562,0.18201012856899507,0.004014329290432948
Improved eLCS,0.5630000000000001,0.1818701082929563,0.0043480515723407
Improved eLCS,0.5640000000000001,0.18165543260298206,0.004549525571690912
Improved eLCS,0.5650000000000001,0.1815972615959851,0.00449259313260567
Improved eLCS,0.5660000000000001,0.1814636205178904,0.004428120567060151
Improved eLCS,0.5670000000000001,0.18141466258974628,0.004312376620607462
Improved eLCS,0.5680000000000001,0.1813299384411396,0.004399476946632803
Improved eLCS,0.5690000000000001,0.18115457912884259,0.00440520941674667
Improved eLCS,0.5700000000000001,0.1809201480527693,0.00426613550950002
Improved eLCS,0.5710000000000001,0.18073287871853874,0.004188592277912464
Improved eLCS,0.5720000000000001,0.18057460565307046,0.004236552118153416
Improved eLCS,0.5730000000000001,0.18043081435210434,0.00432107760219617
Improved eLCS,0.5740000000000001,0.18025249518924905,0.0042840505770388995
Improved eLCS,0.5750000000000001,0.18017084688829188,0.004408450666163515
Improved eLCS,0.5760000000000001,0.18007974509289856,0.004517874892539682
Improved eLCS,0.577,0.17996826290167584,0.004641471564732561
Improved eLCS,0.578,0.17980869205480524,0.004642039767138857
Improved eLCS,0.579,0.17979068586320163,0.004639846513602114
Improved eLCS,0.58,0.17957173701926596,0.004543487393546137
Improved eLCS,0.581,0.17941799485611667,0.004476980811233707
Improved eLCS,0.582,0.17937505196583806,0.004456416875877761
Improved eLCS,0.583,0.17933026651075615,0.004459496513856829
Improved eLCS,0.584,0.17934144678615882,0.004528039389002905
Improved eLCS,0.585,0.17917628359207377,0.004635698556369219
Improved eLCS,0.586,0.17913572543375103,0.004733996900165792
Improved eLCS,0.587,0.17894312058447087,0.004590117156371606
Improved eLCS,0.588,0.17861204367815856,0.004505131199975339
Improved eLCS,0.589,0.1785154536337705,0.004468352114040716
Improved eLCS,0.59,0.17845850964504653,0.004379219882174502
Improved eLCS,0.591,0.1783571865191708,0.004224315869041057
Improved eLCS,0.592,0.1782474650968623,0.004258845859048335
Improved eLCS,0.593,0.17820504305050425,0.004254670105030298
Improved eLCS,0.594,0.17809299659694217,0.004225608881135452
Improved eLCS,0.595,0.1778165357453596,0.0040255757880721535
Improved eLCS,0.596,0.1776856111450019,0.003915406924824157
Improved eLCS,0.597,0.17763263388583428,0.0039652195099132755
Improved eLCS,0.598,0.17741086884260965,0.003910207950662634
Improved eLCS,0.599,0.17722510694192678,0.004060129080219978
Improved eLCS,0.6,0.17720673892341884,0.004048340652987389
Improved eLCS,0.601,0.1770084756241368,0.004169756694976468
Improved eLCS,0.602,0.17699092146466416,0.004181621098898538
Improved eLCS,0.603,0.17682544380729032,0.004168667610249738
Improved eLCS,0.604,0.17677347015405465,0.004116648061630831
Improved eLCS,0.605,0.1767571590966608,0.004002549013404108
Improved eLCS,0.606,0.17666721457031143,0.004052086275107198
Improved eLCS,0.607,0.17662248471621445,0.004192731264875215
Improved eLCS,0.608,0.17656615704049936,0.00427629767047312
Improved eLCS,0.609,0.17630052191266823,0.004352079688471056
Improved eLCS,0.61,0.17594192620408428,0.0042969506607646495
Improved eLCS,0.611,0.175716610952452,0.0040805359560513125
Improved eLCS,0.612,0.17567692614314293,0.004062680913237986
Improved eLCS,0.613,0.17563709929030374,0.004030165356029062
Improved eLCS,0.614,0.17559417175143488,0.004094443118784662
Improved eLCS,0.615,0.17546235787467918,0.004212793315863046
Improved eLCS,0.616,0.1752747686326585,0.0042320962430112356
Improved eLCS,0.617,0.17520559176930728,0.0041512025908903676
Improved eLCS,0.618,0.17498177948956087,0.004221403550728
Improved eLCS,0.619,0.17496025790142145,0.004250684221232929
Improved eLCS,0.62,0.1748408490065459,0.004340629609421842
Improved eLCS,0.621,0.17463834828428632,0.004389840750892827
Improved eLCS,0.622,0.17450075784105928,0.004323591262479525
Improved eLCS,0.623,0.17443371162493662,0.004291931972022688
Improved eLCS,0.624,0.17453399490928634,0.004252002791253261
Improved eLCS,0.625,0.1744560395307357,0.004407843164215733
Improved eLCS,0.626,0.17418721400773846,0.004507435581223048
Improved eLCS,0.627,0.1740279388438507,0.004436038711657776
Improved eLCS,0.628,0.17399499912981625,0.004422700811806527
Improved eLCS,0.629,0.1738603369815642,0.004374300190259285
Improved eLCS,0.63,0.17367670281072284,0.0043115048331789875
Improved eLCS,0.631,0.17357157609167786,0.0042398967406836385
Improved eLCS,0.632,0.17335041985252206,0.004253683329173636
Improved eLCS,0.633,0.17311340275202855,0.004228078098598239
Improved eLCS,0.634,0.17292565219008119,0.004323673580857064
Improved eLCS,0.635,0.17236330454564017,0.004133721031369674
Improved eLCS,0.636,0.17230356379443096,0.004056246422767394
Improved eLCS,0.637,0.17209052479150144,0.004202339589270364
Improved eLCS,0.638,0.17190523376131037,0.004114052274516451
Improved eLCS,0.639,0.17168667230123327,0.003971973600522567
Improved eLCS,0.64,0.17161808244648416,0.0038261954345918184
Improved eLCS,0.641,0.1715751738870026,0.0038625087254070154
Improved eLCS,0.642,0.17125459179810482,0.00373153971308942
Improved eLCS,0.643,0.17104761013067002,0.0037182690769441908
Improved eLCS,0.644,0.17100208402149364,0.00366695400511261
Improved eLCS,0.645,0.17091352775951066,0.0036902250136408477
Improved eLCS,0.646,0.17060407164565677,0.0034351789757004697
Improved eLCS,0.647,0.1703564155262715,0.0036409398779809823
Improved eLCS,0.648,0.17013551799654572,0.003612730327084529
Improved eLCS,0.649,0.17002689190361348,0.003607174072656623
Improved eLCS,0.65,0.16992190663099654,0.0035786046432148308
Improved eLCS,0.651,0.16976598573741078,0.003602618940388314
Improved eLCS,0.652,0.1696429640577388,0.0036533543579260097
Improved eLCS,0.653,0.16945479083931583,0.0038414831862409525
Improved eLCS,0.654,0.16943306992765067,0.0039054540904369293
Improved eLCS,0.655,0.169326942661357,0.0038922026473633734
Improved eLCS,0.656,0.16924078595124153,0.0038170260079209623
Improved eLCS,0.657,0.16904273228599961,0.0037328870061004095
Improved eLCS,0.658,0.1689529445145581,0.0037137193147133295
Improved eLCS,0.659,0.16872447671940397,0.003699278773878177
Improved eLCS,0.66,0.16859435854116298,0.0036798461275402614
Improved eLCS,0.661,0.16839305664034207,0.0038809736991436456
Improved eLCS,0.662,0.16831294601161412,0.003918582023614181
Improved eLCS,0.663,0.16823156642109893,0.0039033077212513095
Improved eLCS,0.664,0.16786882591002,0.004274728513564909
Improved eLCS,0.665,0.1676693205880086,0.0043557212946821475
Improved eLCS,0.666,0.16761460361916508,0.004354747911345489
Improved eLCS,0.667,0.16749999380116382,0.004186566122070765
Improved eLCS,0.668,0.16751368671508776,0.004111313945022466
Improved eLCS,0.669,0.16733129184493994,0.003989421928461035
Improved eLCS,0.67,0.1672757515196153,0.0039634106640695655
Improved eLCS,0.671,0.16710466151259135,0.003898804621023575
Improved eLCS,0.672,0.16701828285317827,0.0038600208658549615
Improved eLCS,0.673,0.16693812959786536,0.003757750574120029
Improved eLCS,0.674,0.16689902185190508,0.003703036039103108
Improved eLCS,0.675,0.16676363793718613,0.003685220631925124
Improved eLCS,0.676,0.16669469266051423,0.0036384591267304396
Improved eLCS,0.677,0.166605126855209,0.0036281820492701333
Improved eLCS,0.678,0.16653544003853288,0.0036141590782483926
Improved eLCS,0.679,0.1664876841044192,0.003629793911338195
Improved eLCS,0.68,0.16637748385188747,0.003645223987132862
Improved eLCS,0.681,0.16621728616095485,0.0036855853919710085
Improved eLCS,0.682,0.16605320386114736,0.0037428156204871643
Improved eLCS,0.683,0.16589423217114338,0.0038290272730055097
Improved eLCS,0.684,0.16579858775127956,0.003882389607230005
Improved eLCS,0.685,0.16561298640428437,0.0038118749554596396
Improved eLCS,0.686,0.16551420619198964,0.0038379714719299386
Improved eLCS,0.687,0.16532687593748696,0.003892539190804863
Improved eLCS,0.6880000000000001,0.16513499976229012,0.004003846205648882
Improved eLCS,0.6890000000000001,0.16496604560732256,0.003953131585140283
Improved eLCS,0.6900000000000001,0.16480982190267196,0.003857033957230333
Improved eLCS,0.6910000000000001,0.1646490953590439,0.00400089388548971
Improved eLCS,0.6920000000000001,0.16457417312152514,0.004016166778315776
Improved eLCS,0.6930000000000001,0.16433133711986458,0.004028192702240292
Improved eLCS,0.6940000000000001,0.1641247306799984,0.0039048921352329937
Improved eLCS,0.6950000000000001,0.16406595214223005,0.003935634635046011
Improved eLCS,0.6960000000000001,0.16403745522344026,0.004026898081507134
Improved eLCS,0.6970000000000001,0.1638393487858532,0.004097029248661373
Improved eLCS,0.6980000000000001,0.163747709479164,0.004130582995837853
Improved eLCS,0.6990000000000001,0.16347045505279778,0.004284381366502052
Improved eLCS,0.7000000000000001,0.1631744950410508,0.004195684891858732
Improved eLCS,0.7010000000000001,0.1630574252705065,0.004206605165181561
Improved eLCS,0.7020000000000001,0.16285609201532042,0.004330813766314319
Improved eLCS,0.7030000000000001,0.16257124599570433,0.004274110727541366
Improved eLCS,0.704,0.16239075829609242,0.004242439216572235
Improved eLCS,0.705,0.1621831906205316,0.0042099671137516385
Improved eLCS,0.706,0.161886444258257,0.0040424563167953415
Improved eLCS,0.707,0.16161348987076313,0.003875713961846805
Improved eLCS,0.708,0.16134899501503025,0.0040120081439462925
Improved eLCS,0.709,0.16121081851972868,0.0039591582745355436
Improved eLCS,0.71,0.16114235810554384,0.003992448891635403
Improved eLCS,0.711,0.1609807989201348,0.00396295417996007
Improved eLCS,0.712,0.16085113307354834,0.003918822347028111
Improved eLCS,0.713,0.16071646441050977,0.004070325996051047
Improved eLCS,0.714,0.1605045081379719,0.004260910560482785
Improved eLCS,0.715,0.1602595443233396,0.00457002104334828
Improved eLCS,0.716,0.16014038480267773,0.004478869145530071
Improved eLCS,0.717,0.16000679230988185,0.004492326038537458
Improved eLCS,0.718,0.15965564178588748,0.0046441969102732576
Improved eLCS,0.719,0.15941361235202461,0.004671429345883577
Improved eLCS,0.72,0.15923761434941414,0.004490309497684445
Improved eLCS,0.721,0.15877487746118465,0.004161153486895511
Improved eLCS,0.722,0.15853754072752774,0.00410212819068987
Improved eLCS,0.723,0.158388955755347,0.0040825560932872314
Improved eLCS,0.724,0.1582337048526016,0.0039715285616115275
Improved eLCS,0.725,0.15799380344694383,0.0040357143088384315
Improved eLCS,0.726,0.15769192837595944,0.004056515820774202
Improved eLCS,0.727,0.15749629338620058,0.004101442780098668
Improved eLCS,0.728,0.15731804534170057,0.004049351125800037
Improved eLCS,0.729,0.1571809158347148,0.00401639647297549
Improved eLCS,0.73,0.15703206132183747,0.0039764922796573475
Improved eLCS,0.731,0.15680027644040623,0.003858498734821048
Improved eLCS,0.732,0.15678994051244827,0.003878105541827356
Improved eLCS,0.733,0.156741485921717,0.003878538599559281
Improved eLCS,0.734,0.15643230799718205,0.003936270925817058
Improved eLCS,0.735,0.1561970434886109,0.003984096319592286
Improved eLCS,0.736,0.15596202696784633,0.00395841713716763
Improved eLCS,0.737,0.15562007816864,0.004115034333137993
Improved eLCS,0.738,0.1554076107779821,0.0039531651261542
Improved eLCS,0.739,0.15516985328420965,0.0038832053988194257
Improved eLCS,0.74,0.154991653875716,0.004004635236673229
Improved eLCS,0.741,0.1548451774036924,0.004143752574723167
Improved eLCS,0.742,0.1547345698463662,0.004278244053267135
Improved eLCS,0.743,0.1544055249733655,0.004181567990554412
Improved eLCS,0.744,0.1542155666198775,0.004230701528490665
Improved eLCS,0.745,0.15410823969913043,0.004250451780500985
Improved eLCS,0.746,0.1539580869783546,0.004244329465404631
Improved eLCS,0.747,0.15385386343220026,0.0042763424722344874
Improved eLCS,0.748,0.15381071544273378,0.0042484309794247116
Improved eLCS,0.749,0.1537519620470868,0.004182325309963288
Improved eLCS,0.75,0.15366910137958156,0.004179916410500661
Improved eLCS,0.751,0.15339889524491945,0.00418170400399711
Improved eLCS,0.752,0.15328042793346175,0.004127481470630382
Improved eLCS,0.753,0.15321235096636804,0.004114833959514423
Improved eLCS,0.754,0.15304260499412978,0.004033835047964797
Improved eLCS,0.755,0.15282450454094493,0.004012069082163045
Improved eLCS,0.756,0.15260460865733946,0.003962284076463477
Improved eLCS,0.757,0.15240375024856656,0.003915908334629211
Improved eLCS,0.758,0.15221237499534815,0.004008837219776473
Improved eLCS,0.759,0.1520982965916074,0.003875594393467507
Improved eLCS,0.76,0.15192053834649802,0.003864885128497149
Improved eLCS,0.761,0.15171993651743276,0.0038149324392246415
Improved eLCS,0.762,0.15143580060780337,0.0037791990800191168
Improved eLCS,0.763,0.15117974885097268,0.0038686701905896468
Improved eLCS,0.764,0.15075412731511478,0.004219745848576021
Improved eLCS,0.765,0.15049397173888,0.004162712113857333
Improved eLCS,0.766,0.15014889116211366,0.004125816939318284
Improved eLCS,0.767,0.14986442134249556,0.004128063821576199
Improved eLCS,0.768,0.14980843629053403,0.004148833083655469
Improved eLCS,0.769,0.14954951148180123,0.004124815633526556
Improved eLCS,0.77,0.14942389294794373,0.004049521521402996
Improved eLCS,0.771,0.1493482878214082,0.0040794083523123395
Improved eLCS,0.772,0.14923554789774904,0.004095757719338609
Improved eLCS,0.773,0.14918681530871697,0.004102694406251937
Improved eLCS,0.774,0.14911598655709865,0.004130942407820492
Improved eLCS,0.775,0.14867984143370844,0.004200769783298724
Improved eLCS,0.776,0.14831996334522443,0.004204948216583748
Improved eLCS,0.777,0.14802708291247088,0.00429938220429547
Improved eLCS,0.778,0.14775088883856394,0.004217266838208407
Improved eLCS,0.779,0.14739793579150093,0.003936318097775178
Improved eLCS,0.78,0.14708475890541975,0.003830315589971318
Improved eLCS,0.781,0.14683541973836023,0.003832114305682038
Improved eLCS,0.782,0.14640845201846503,0.0037931440878313846
Improved eLCS,0.783,0.1461313718318521,0.0038349350922168984
Improved eLCS,0.784,0.1458931037273295,0.003945497492858303
Improved eLCS,0.785,0.14556507643101255,0.0039011615551036625
Improved eLCS,0.786,0.1451619326194417,0.003800313770230898
Improved eLCS,0.787,0.14504819092433777,0.00373686177561424
Improved eLCS,0.788,0.14489673601668526,0.0037858835783817764
Improved eLCS,0.789,0.14464143584536865,0.0038244969100175623
Improved eLCS,0.79,0.14443196615205825,0.003743358722032383
Improved eLCS,0.791,0.14435175631233077,0.0036827130275019796
Improved eLCS,0.792,0.14412074572085554,0.0036223372432825367
Improved eLCS,0.793,0.14387533714546222,0.003626854444177814
Improved eLCS,0.794,0.14353637364811853,0.003610481809074398
Improved eLCS,0.795,0.14316184204079424,0.0035485237759211377
Improved eLCS,0.796,0.1428767881398271,0.003473785128340929
Improved eLCS,0.797,0.1427777591985135,0.003480486435365001
Improved eLCS,0.798,0.1423176237230674,0.003522000862754361
Improved eLCS,0.799,0.14226410167179662,0.003523646254411783
Improved eLCS,0.8,0.1420957419682159,0.003507273039740574
Improved eLCS,0.801,0.1420268813778568,0.0033962197601582985
Improved eLCS,0.802,0.14198385283553994,0.003400371000675307
Improved eLCS,0.803,0.14183995669682564,0.0035319420017797492
Improved eLCS,0.804,0.14162498187504852,0.0035340836508334296
Improved eLCS,0.805,0.141395459602153,0.0035994815293323356
Improved eLCS,0.806,0.14111715130836106,0.0035104235817597167
Improved eLCS,0.807,0.1408292763386489,0.0034275583665412234
Improved eLCS,0.808,0.14066030280013792,0.0034044511922762736
Improved eLCS,0.809,0.14053793313460933,0.003422450405604611
Improved eLCS,0.81,0.14047325707678143,0.0034026730638420546
Improved eLCS,0.811,0.14034118320689565,0.0034537725153429392
Improved eLCS,0.812,0.14025306690019787,0.0035216552451009502
Improved eLCS,0.8130000000000001,0.14013389900784393,0.003583635904044545
Improved eLCS,0.8140000000000001,0.13994583019086412,0.0036750486549791263
Improved eLCS,0.8150000000000001,0.13981974177324122,0.003731024380871347
Improved eLCS,0.8160000000000001,0.1396900858226656,0.0037647490845214345
Improved eLCS,0.8170000000000001,0.1394560425347016,0.003765982322676577
Improved eLCS,0.8180000000000001,0.13913803292246424,0.0038330682774099503
Improved eLCS,0.8190000000000001,0.1389541157305443,0.0038878827929886197
Improved eLCS,0.8200000000000001,0.13891800087256073,0.003933846961100391
Improved eLCS,0.8210000000000001,0.13872668658673715,0.00390517435953079
Improved eLCS,0.8220000000000001,0.13824523612256973,0.004126874755446841
Improved eLCS,0.8230000000000001,0.1379416059695891,0.004293491500590316
Improved eLCS,0.8240000000000001,0.13767648548061198,0.0042945410557022525
Improved eLCS,0.8250000000000001,0.13745643537557933,0.004314345341074665
Improved eLCS,0.8260000000000001,0.13723730532647163,0.0042451094578066515
Improved eLCS,0.8270000000000001,0.13711344369130937,0.004083774834154589
Improved eLCS,0.8280000000000001,0.1369841822983139,0.003956970950540661
Improved eLCS,0.8290000000000001,0.13686257373424107,0.0038073277944162777
Improved eLCS,0.8300000000000001,0.13676160948574098,0.003681752213159733
Improved eLCS,0.8310000000000001,0.13652351400674761,0.003246810766120645
Improved eLCS,0.8320000000000001,0.13599188652604238,0.003179583281105245
Improved eLCS,0.833,0.13583015075938826,0.003212369484811631
Improved eLCS,0.834,0.13558375367522005,0.003121744113312504
Improved eLCS,0.835,0.1352635910210311,0.002857773200280757
Improved eLCS,0.836,0.13496267571002765,0.0029729355182107156
Improved eLCS,0.837,0.1347535523230448,0.0030213111196665614
Improved eLCS,0.838,0.13467916317663214,0.0031156722569532086
Improved eLCS,0.839,0.13455319702333246,0.003225494964394269
Improved eLCS,0.84,0.13442097181902535,0.0032691153473566404
Improved eLCS,0.841,0.134208192579304,0.0032908670352704518
Improved eLCS,0.842,0.1339487018832946,0.00332246943837213
Improved eLCS,0.843,0.13359397583026747,0.0038015186507457176
Improved eLCS,0.844,0.1334159125975627,0.003979301404342468
Improved eLCS,0.845,0.133258669625228,0.00390060139484382
Improved eLCS,0.846,0.133012614359003,0.003774113143820355
Improved eLCS,0.847,0.13272188496985238,0.0038105209171416287
Improved eLCS,0.848,0.13234961167292086,0.003967976362938719
Improved eLCS,0.849,0.13212741249366514,0.004045837223193424
Improved eLCS,0.85,0.13178208309632897,0.004329713422079702
Improved eLCS,0.851,0.13157666612231475,0.0042952090372205725
Improved eLCS,0.852,0.13130936039981939,0.004342474441622096
Improved eLCS,0.853,0.13108926106803848,0.004512709801875682
Improved eLCS,0.854,0.13081258963417636,0.004517625627919564
Improved eLCS,0.855,0.13062599982738848,0.004554464498994231
Improved eLCS,0.856,0.13043742805533104,0.004523247007193575
Improved eLCS,0.857,0.1303087163377725,0.004529413184838378
Improved eLCS,0.858,0.13005360480036582,0.004536794866792844
Improved eLCS,0.859,0.12974319658910766,0.004713049219983265
Improved eLCS,0.86,0.1295017719987481,0.005007607363100463
Improved eLCS,0.861,0.12922057708439483,0.004867948586749502
Improved eLCS,0.862,0.12892562069795294,0.004789550590759908
Improved eLCS,0.863,0.12872150734387738,0.004811006794276752
Improved eLCS,0.864,0.1283879156035896,0.004826689751858183
Improved eLCS,0.865,0.12801031575517913,0.004836742423817453
Improved eLCS,0.866,0.12772786981104392,0.004750052930285418
Improved eLCS,0.867,0.12737428232369558,0.0047093673330656
Improved eLCS,0.868,0.12715984883903172,0.004785718587114009
Improved eLCS,0.869,0.12675966686743034,0.005070867542000378
Improved eLCS,0.87,0.1263535092958928,0.005358839835105885
Improved eLCS,0.871,0.1260083614738045,0.0053316090862845986
Improved eLCS,0.872,0.12572442444347387,0.005262679926162837
Improved eLCS,0.873,0.12542749352668028,0.0052040120542855275
Improved eLCS,0.874,0.12525419870081217,0.005199270136989983
Improved eLCS,0.875,0.1250452421103941,0.005188659202837513
Improved eLCS,0.876,0.12448910414903054,0.005053891847255714
Improved eLCS,0.877,0.12429043179125901,0.005024439985747529
Improved eLCS,0.878,0.12394964054165984,0.005026721044026991
Improved eLCS,0.879,0.12303689640633193,0.005082931541663052
Improved eLCS,0.88,0.12199064688289016,0.005685579992193942
Improved eLCS,0.881,0.12135305230183632,0.006196555404630028
Improved eLCS,0.882,0.1207431042116984,0.006557635490114056
Improved eLCS,0.883,0.12008497299632344,0.006475942678657911
Improved eLCS,0.884,0.11983483012112923,0.006559276276737182
Improved eLCS,0.885,0.119530201603902,0.006510634787755053
Improved eLCS,0.886,0.1189837676268372,0.00672618417615583
Improved eLCS,0.887,0.11861336205612864,0.006821005504292992
Improved eLCS,0.888,0.11779331505997641,0.007024680025623044
Improved eLCS,0.889,0.11730391066938503,0.006886830170880363
Improved eLCS,0.89,0.11675190160060245,0.006805625831953212
Improved eLCS,0.891,0.11631342676860497,0.006567555959477761
Improved eLCS,0.892,0.11606863141359418,0.006452046048357453
Improved eLCS,0.893,0.11567215227561937,0.006534393101526229
Improved eLCS,0.894,0.11540598435233666,0.0064180445074235115
Improved eLCS,0.895,0.11504297375404074,0.0063727587816395015
Improved eLCS,0.896,0.11469947540982892,0.006463260271872908
Improved eLCS,0.897,0.11440506504572537,0.006518226889533252
Improved eLCS,0.898,0.11394746771894645,0.006363421043302698
Improved eLCS,0.899,0.1136131708348704,0.006438298179855835
Improved eLCS,0.9,0.11346976867849339,0.006394067761003019
Improved eLCS,0.901,0.1132940168300465,0.00631557623674399
Improved eLCS,0.902,0.11310828481178999,0.006280521083162992
Improved eLCS,0.903,0.11293631147479513,0.006268711406984499
Improved eLCS,0.904,0.1127066392932721,0.006137174079634625
Improved eLCS,0.905,0.11239541781111731,0.006355795920168104
Improved eLCS,0.906,0.11205715065913606,0.006150679641886639
Improved eLCS,0.907,0.11167231493445721,0.006019166090983828
Improved eLCS,0.908,0.11134905370544382,0.005924040587579915
Improved eLCS,0.909,0.1110237452588039,0.006097008399227987
Improved eLCS,0.91,0.11034710757012711,0.006241442582273994
Improved eLCS,0.911,0.11003756681562922,0.006372286023817373
Improved eLCS,0.912,0.10966074168370536,0.006431842379611257
Improved eLCS,0.913,0.1092031675138451,0.006428571476804659
Improved eLCS,0.914,0.10882637070109684,0.006500507841400394
Improved eLCS,0.915,0.10838019174596927,0.006475817438901479
Improved eLCS,0.916,0.10796097910635447,0.006331606500978123
Improved eLCS,0.917,0.10734187381938695,0.006576440061899025
Improved eLCS,0.918,0.10645804686746292,0.00746676096445475
Improved eLCS,0.919,0.10601865694750698,0.0073166512181732915
Improved eLCS,0.92,0.1053330107161202,0.007146069612234858
Improved eLCS,0.921,0.10456465271285628,0.007580326434270361
Improved eLCS,0.922,0.10385366708510627,0.007770820916922627
Improved eLCS,0.923,0.10245333269626011,0.009736298201897007
Improved eLCS,0.924,0.10152206404381348,0.010571851346258362
Improved eLCS,0.925,0.10093851438299595,0.010434931291965096
Improved eLCS,0.926,0.10053378161616063,0.010332278082227907
Improved eLCS,0.927,0.100178180123767,0.01020364092195183
Improved eLCS,0.928,0.09979837081643558,0.010129983529736854
Improved eLCS,0.929,0.09904948543803026,0.009973146701949017
Improved eLCS,0.93,0.09846476469739965,0.009951673550267501
Improved eLCS,0.931,0.09786822790205146,0.009674515581253694
Improved eLCS,0.932,0.09741942964356512,0.009447828454006702
Improved eLCS,0.933,0.09699424846197693,0.009157780142268064
Improved eLCS,0.934,0.0963669659550475,0.008881745534293058
Improved eLCS,0.935,0.09588367742799422,0.008703966083167486
Improved eLCS,0.936,0.09527010392131989,0.008537764843779773
Improved eLCS,0.937,0.09395452598670229,0.00827793723240978
Improved eLCS,0.9380000000000001,0.09324014275246192,0.008440761448466361
Improved eLCS,0.9390000000000001,0.0922132646550766,0.008949699709370925
Improved eLCS,0.9400000000000001,0.09130183844548825,0.00928455279671188
Improved eLCS,0.9410000000000001,0.09065369223509703,0.009742667261756205
Improved eLCS,0.9420000000000001,0.09016972403019521,0.01017556888803276
Improved eLCS,0.9430000000000001,0.08974075838828251,0.010368110225868948
Improved eLCS,0.9440000000000001,0.08906637375772095,0.010193893753826108
Improved eLCS,0.9450000000000001,0.08815935248019907,0.010303084769550459
Improved eLCS,0.9460000000000001,0.08703487224539565,0.01072165177343063
Improved eLCS,0.9470000000000001,0.0862423378356647,0.010854684059670347
Improved eLCS,0.9480000000000001,0.08526549256870733,0.01089990596805788
Improved eLCS,0.9490000000000001,0.08459436411839096,0.010798882657780584
Improved eLCS,0.9500000000000001,0.08399065067888081,0.010803239356775032
Improved eLCS,0.9510000000000001,0.0825510932128242,0.011021554915731745
Improved eLCS,0.9520000000000001,0.08021800943290562,0.01228354921740969
Improved eLCS,0.9530000000000001,0.07920613530066926,0.012451041243830757
Improved eLCS,0.9540000000000001,0.07798810008708587,0.012833977726640204
Improved eLCS,0.9550000000000001,0.07719986999336327,0.012870180912571553
Improved eLCS,0.9560000000000001,0.07672526618668353,0.012854599095790788
Improved eLCS,0.9570000000000001,0.0761622167197667,0.012898821007348554
Improved eLCS,0.9580000000000001,0.07552339325764475,0.01286975276234068
Improved eLCS,0.9590000000000001,0.07459634181777124,0.012588321585898714
Improved eLCS,0.96,0.07355232259100047,0.012014311992727976
Improved eLCS,0.961,0.07299759148122449,0.011716294182668749
Improved eLCS,0.962,0.07253818504329514,0.011521050638266406
Improved eLCS,0.963,0.07172632539303495,0.011059778930903659
Improved eLCS,0.964,0.07078318879487569,0.010521247286619158
Improved eLCS,0.965,0.06935419013420825,0.009740788103533978
Improved eLCS,0.966,0.06827126485340336,0.009522370957000833
Improved eLCS,0.967,0.06731695025152912,0.009622071843464645
Improved eLCS,0.968,0.06660389673370544,0.009564095045306064
Improved eLCS,0.969,0.06512031633149205,0.009747408250616022
Improved eLCS,0.97,0.0638577091871883,0.010018602662237499
Improved eLCS,0.971,0.06297919768846214,0.010150710922559026
Improved eLCS,0.972,0.06211678029268206,0.010323789688113991
Improved eLCS,0.973,0.06141887498640847,0.010437651083648062
Improved eLCS,0.974,0.06038483022863681,0.01041440367476736
Improved eLCS,0.975,0.05937307713975931,0.01016532499890133
Improved eLCS,0.976,0.05858592382348867,0.00986713738021967
Improved eLCS,0.977,0.057895560938482846,0.009707959556567575
Improved eLCS,0.978,0.05701223513083975,0.00962024032709284
Improved eLCS,0.979,0.05579828278462203,0.009302802704495934
Improved eLCS,0.98,0.05444347686954504,0.008741643553383829
Improved eLCS,0.981,0.05351337119509445,0.008740117552209308
Improved eLCS,0.982,0.05271293837469935,0.009020842067155907
Improved eLCS,0.983,0.05188073293690393,0.009340964003994997
Improved eLCS,0.984,0.05109229463896829,0.009524119471344655
Improved eLCS,0.985,0.05013411387852427,0.009574201214604007
Improved eLCS,0.986,0.0491507764914477,0.009732233892089544
Improved eLCS,0.987,0.04810685858995621,0.009852181507156877
Improved eLCS,0.988,0.047043675998586026,0.010009368795537522
Improved eLCS,0.989,0.045651216112165785,0.010007060219721772
Improved eLCS,0.99,0.04465974561244464,0.010246211293791444
Improved eLCS,0.991,0.0433905897158453,0.010480511440642472
Improved eLCS,0.992,0.0419701742448223,0.01081004971392186
Improved eLCS,0.993,0.04041533898529613,0.010980203674888571
Improved eLCS,0.994,0.03890938854198594,0.011294705526119102
Improved eLCS,0.995,0.03744494727494384,0.011773518653652356
Improved eLCS,0.996,0.03535031454604866,0.011505234693502078
Improved eLCS,0.997,0.03264240541679429,0.01024570966014238
Improved eLCS,0.998,0.02982197232379048,0.009292027681963631
Improved eLCS,0.999,0.02574895523875297,0.005384890141752182
Improved eLCS,1.0,0.021133456522129137,3.657118196434064e-18
Logistic Regression,0.0,1.0,0.0
Logistic Regression,0.001,0.08545238095238095,0.0
Logistic Regression,0.002,0.10776811594202898,0.0
Logistic Regression,0.003,0.13706832298136648,2.925694557147251e-17
Logistic Regression,0.004,0.15239285714285716,2.925694557147251e-17
Logistic Regression,0.005,0.15068750000000003,2.925694557147251e-17
Logistic Regression,0.006,0.15274920634920636,2.925694557147251e-17
Logistic Regression,0.007,0.11735452716297787,0.0
Logistic Regression,0.008,0.12954741784037554,2.925694557147251e-17
Logistic Regression,0.009000000000000001,0.13688945147679327,2.925694557147251e-17
Logistic Regression,0.01,0.14763291139240506,0.0
Logistic Regression,0.011,0.14623258426966296,2.925694557147251e-17
Logistic Regression,0.012,0.15439676113360326,0.0
Logistic Regression,0.013000000000000001,0.15571201588877856,2.925694557147251e-17
Logistic Regression,0.014,0.15004766633565045,0.0
Logistic Regression,0.015,0.15141391614629796,0.0
Logistic Regression,0.016,0.15858139866115942,2.925694557147251e-17
Logistic Regression,0.017,0.15283865371269953,0.0
Logistic Regression,0.018000000000000002,0.1596363636363636,2.925694557147251e-17
Logistic Regression,0.019,0.1597392957182873,2.925694557147251e-17
Logistic Regression,0.02,0.15555321483432083,0.0
Logistic Regression,0.021,0.1588369727047147,2.925694557147251e-17
Logistic Regression,0.022,0.1578009324009324,0.0
Logistic Regression,0.023,0.1613490984133428,0.0
Logistic Regression,0.024,0.15947844854948265,0.0
Logistic Regression,0.025,0.16502573598644155,0.0
Logistic Regression,0.026000000000000002,0.16931340168211675,2.925694557147251e-17
Logistic Regression,0.027,0.1739838467543386,2.925694557147251e-17
Logistic Regression,0.028,0.17927607507721552,2.925694557147251e-17
Logistic Regression,0.029,0.1813952967525196,0.0
Logistic Regression,0.03,0.185328947368421,2.925694557147251e-17
Logistic Regression,0.031,0.1891688144329897,0.0
Logistic Regression,0.032,0.18574749738532795,0.0
Logistic Regression,0.033,0.1839134536505332,2.925694557147251e-17
Logistic Regression,0.034,0.18037134892740275,2.925694557147251e-17
Logistic Regression,0.035,0.18375291283999448,2.925694557147251e-17
Logistic Regression,0.036000000000000004,0.18419710886914625,2.925694557147251e-17
Logistic Regression,0.037,0.18598699590882523,2.925694557147251e-17
Logistic Regression,0.038,0.17935433070866139,2.925694557147251e-17
Logistic Regression,0.039,0.17888259444223167,0.0
Logistic Regression,0.04,0.17566169154228858,2.925694557147251e-17
Logistic Regression,0.041,0.17868191881918818,0.0
Logistic Regression,0.042,0.1819248746333617,0.0
Logistic Regression,0.043000000000000003,0.18465723609723608,2.925694557147251e-17
Logistic Regression,0.044,0.1868858568408336,0.0
Logistic Regression,0.045,0.18891240108728483,2.925694557147251e-17
Logistic Regression,0.046,0.19093894533373604,0.0
Logistic Regression,0.047,0.19296548958018728,2.925694557147251e-17
Logistic Regression,0.048,0.19499203382663846,0.0
Logistic Regression,0.049,0.19701857807308973,2.925694557147251e-17
Logistic Regression,0.05,0.19904512231954088,2.925694557147251e-17
Logistic Regression,0.051000000000000004,0.20107166656599212,2.925694557147251e-17
Logistic Regression,0.052000000000000005,0.2023778405660605,0.0
Logistic Regression,0.053,0.20108955610064067,2.925694557147251e-17
Logistic Regression,0.054,0.1998012716352208,2.925694557147251e-17
Logistic Regression,0.055,0.20134120856794563,2.925694557147251e-17
Logistic Regression,0.056,0.20425529296386746,0.0
Logistic Regression,0.057,0.19975160731948563,2.925694557147251e-17
Logistic Regression,0.058,0.2019107780516019,2.925694557147251e-17
Logistic Regression,0.059000000000000004,0.20238475079213397,2.925694557147251e-17
Logistic Regression,0.06,0.20285872353266615,5.851389114294502e-17
Logistic Regression,0.061,0.20333269627319822,0.0
Logistic Regression,0.062,0.20118094027184935,0.0
Logistic Regression,0.063,0.2034053392259914,0.0
Logistic Regression,0.064,0.20293691615730597,0.0
Logistic Regression,0.065,0.20068435013262603,2.925694557147251e-17
Logistic Regression,0.066,0.20115968992248062,0.0
Logistic Regression,0.067,0.20297128395209346,2.925694557147251e-17
Logistic Regression,0.068,0.2052846677132391,2.925694557147251e-17
Logistic Regression,0.069,0.20705260022790845,0.0
Logistic Regression,0.07,0.2064251956690255,0.0
Logistic Regression,0.07100000000000001,0.20568060178405007,0.0
Logistic Regression,0.07200000000000001,0.20797542997543,0.0
Logistic Regression,0.073,0.2097475609756097,5.851389114294502e-17
Logistic Regression,0.074,0.21098169397948324,2.925694557147251e-17
Logistic Regression,0.075,0.21304405890003714,2.925694557147251e-17
Logistic Regression,0.076,0.21200880661394678,2.925694557147251e-17
Logistic Regression,0.077,0.21054002249913467,2.925694557147251e-17
Logistic Regression,0.078,0.21146734275575135,0.0
Logistic Regression,0.079,0.2125589844387339,0.0
Logistic Regression,0.08,0.21365062612171642,0.0
Logistic Regression,0.081,0.21474226780469902,5.851389114294502e-17
Logistic Regression,0.082,0.2158339094876815,2.925694557147251e-17
Logistic Regression,0.083,0.2169255511706641,2.925694557147251e-17
Logistic Regression,0.084,0.21801719285364657,2.925694557147251e-17
Logistic Regression,0.085,0.21890533598143452,4.684247896011755e-05
Logistic Regression,0.08600000000000001,0.21978483492280704,9.567472693801322e-05
Logistic Regression,0.08700000000000001,0.22066433386417966,0.00014450697491589452
Logistic Regression,0.088,0.22154383280555226,0.0001933392228937902
Logistic Regression,0.089,0.22242333174692477,0.00024217147087168584
Logistic Regression,0.09,0.22330283068829737,0.00029100371884958155
Logistic Regression,0.091,0.22418232962966994,0.00033983596682747716
Logistic Regression,0.092,0.22506182857104248,0.0003886682148053585
Logistic Regression,0.093,0.226234842823572,0.00018488270456825474
Logistic Regression,0.094,0.22660391331790447,0.0
Logistic Regression,0.095,0.2262867450010307,2.925694557147251e-17
Logistic Regression,0.096,0.22750071513417852,2.925694557147251e-17
Logistic Regression,0.097,0.22847864184008765,5.851389114294502e-17
Logistic Regression,0.098,0.22731102294290148,0.0
Logistic Regression,0.099,0.22741262722097635,0.0
Logistic Regression,0.1,0.2275142314990512,2.925694557147251e-17
Logistic Regression,0.101,0.22761583577712613,2.925694557147251e-17
Logistic Regression,0.10200000000000001,0.22793216318785575,2.925694557147251e-17
Logistic Regression,0.10300000000000001,0.22950801886792455,0.0
Logistic Regression,0.10400000000000001,0.23017677878042114,2.925694557147251e-17
Logistic Regression,0.105,0.23014939841400056,0.0
Logistic Regression,0.106,0.23012201804757998,0.0
Logistic Regression,0.107,0.2300946376811594,2.925694557147251e-17
Logistic Regression,0.108,0.23038433314988077,2.925694557147251e-17
Logistic Regression,0.109,0.2320224113956692,2.925694557147251e-17
Logistic Regression,0.11,0.23365368979087392,2.925694557147251e-17
Logistic Regression,0.111,0.23527820986454082,0.0
Logistic Regression,0.112,0.23570770811921887,2.925694557147251e-17
Logistic Regression,0.113,0.22605881307746983,5.851389114294502e-17
Logistic Regression,0.114,0.22469829424307036,0.0
Logistic Regression,0.115,0.22378829536527883,2.925694557147251e-17
Logistic Regression,0.116,0.2233231613235042,0.0
Logistic Regression,0.117,0.22386955877998224,0.0
Logistic Regression,0.11800000000000001,0.22491973901913648,2.925694557147251e-17
Logistic Regression,0.11900000000000001,0.22510936585065183,0.0
Logistic Regression,0.12,0.22516818373621078,2.925694557147251e-17
Logistic Regression,0.121,0.22493443948801412,2.925694557147251e-17
Logistic Regression,0.122,0.2207868527612647,5.851389114294502e-17
Logistic Regression,0.123,0.22023895573968438,0.0
Logistic Regression,0.124,0.2205327185349923,2.925694557147251e-17
Logistic Regression,0.125,0.22051623442010332,5.851389114294502e-17
Logistic Regression,0.126,0.22072867696151283,5.851389114294502e-17
Logistic Regression,0.127,0.22026946221274585,5.851389114294502e-17
Logistic Regression,0.128,0.21981024746397887,5.851389114294502e-17
Logistic Regression,0.129,0.21935103271521178,2.925694557147251e-17
Logistic Regression,0.13,0.21956217017970475,2.925694557147251e-17
Logistic Regression,0.131,0.21628902191542537,2.925694557147251e-17
Logistic Regression,0.132,0.21740123954962504,2.925694557147251e-17
Logistic Regression,0.133,0.21861231231933181,2.925694557147251e-17
Logistic Regression,0.134,0.2189851078299157,2.925694557147251e-17
Logistic Regression,0.135,0.2190314231223322,0.0
Logistic Regression,0.136,0.22000283392875986,0.0
Logistic Regression,0.137,0.2209118810083895,2.925694557147251e-17
Logistic Regression,0.138,0.22042494103871285,2.925694557147251e-17
Logistic Regression,0.139,0.21901519685501375,0.0
Logistic Regression,0.14,0.21749457255178078,2.925694557147251e-17
Logistic Regression,0.14100000000000001,0.2170657838450461,2.925694557147251e-17
Logistic Regression,0.14200000000000002,0.21670506481535307,2.925694557147251e-17
Logistic Regression,0.14300000000000002,0.2143426962018145,2.925694557147251e-17
Logistic Regression,0.14400000000000002,0.21450964042102832,0.0
Logistic Regression,0.145,0.21517724357650853,0.0
Logistic Regression,0.146,0.21634035771430377,5.851389114294502e-17
Logistic Regression,0.147,0.21633830206818988,0.0
Logistic Regression,0.148,0.21632425983368447,0.0
Logistic Regression,0.149,0.21654211548649127,0.0
Logistic Regression,0.15,0.21742315452711175,2.925694557147251e-17
Logistic Regression,0.151,0.2183203948113101,5.851389114294502e-17
Logistic Regression,0.152,0.2184732402714798,0.0
Logistic Regression,0.153,0.21854946701836536,2.925694557147251e-17
Logistic Regression,0.154,0.21830672728994976,2.925694557147251e-17
Logistic Regression,0.155,0.21747095765842567,2.925694557147251e-17
Logistic Regression,0.156,0.21663518802690157,0.0
Logistic Regression,0.157,0.21614034634414514,0.0
Logistic Regression,0.158,0.2158899430842069,0.0
Logistic Regression,0.159,0.21598569599564504,5.851389114294502e-17
Logistic Regression,0.16,0.21479666392209934,2.925694557147251e-17
Logistic Regression,0.161,0.21393384362480788,2.925694557147251e-17
Logistic Regression,0.162,0.21018746364233137,0.0011576924440234997
Logistic Regression,0.163,0.2091338601532567,2.925694557147251e-17
Logistic Regression,0.164,0.20733424268878214,0.0
Logistic Regression,0.165,0.20392405063291136,2.925694557147251e-17
Logistic Regression,0.166,0.2031564087451938,0.0
Logistic Regression,0.167,0.2039767199866565,5.851389114294502e-17
Logistic Regression,0.168,0.20317946592267838,2.925694557147251e-17
Logistic Regression,0.169,0.19719425953817218,2.925694557147251e-17
Logistic Regression,0.17,0.19660496385320256,0.0
Logistic Regression,0.171,0.19420207680163645,2.925694557147251e-17
Logistic Regression,0.17200000000000001,0.18973384030418242,2.925694557147251e-17
Logistic Regression,0.17300000000000001,0.18766720779220775,2.925694557147251e-17
Logistic Regression,0.17400000000000002,0.1880573394495413,0.0
Logistic Regression,0.17500000000000002,0.18082600435954108,2.925694557147251e-17
Logistic Regression,0.176,0.18055585359208018,0.0
Logistic Regression,0.177,0.18028570282461934,2.925694557147251e-17
Logistic Regression,0.178,0.18044265128828532,2.925694557147251e-17
Logistic Regression,0.179,0.18063829589287625,2.925694557147251e-17
Logistic Regression,0.18,0.18073504774212495,2.925694557147251e-17
Logistic Regression,0.181,0.1808317995913736,2.925694557147251e-17
Logistic Regression,0.182,0.18074734643384133,2.925694557147251e-17
Logistic Regression,0.183,0.1806536191298514,2.925694557147251e-17
Logistic Regression,0.184,0.18092666922967576,2.925694557147251e-17
Logistic Regression,0.185,0.1799461184650575,2.925694557147251e-17
Logistic Regression,0.186,0.1795489484337091,2.925694557147251e-17
Logistic Regression,0.187,0.17996326647396896,1.0827051777473891e-05
Logistic Regression,0.188,0.180283464512291,5.542239091686799e-05
Logistic Regression,0.189,0.18070556046807926,2.710548626807247e-05
Logistic Regression,0.19,0.1792640097012663,2.925694557147251e-17
Logistic Regression,0.191,0.17847522658385276,0.0
Logistic Regression,0.192,0.17795762490970155,2.925694557147251e-17
Logistic Regression,0.193,0.1774400232355504,0.0
Logistic Regression,0.194,0.17691217732884398,0.0
Logistic Regression,0.195,0.1769854546946401,0.0
Logistic Regression,0.196,0.17746316493726175,0.0
Logistic Regression,0.197,0.17773763505076273,2.925694557147251e-17
Logistic Regression,0.198,0.17458781692817196,2.925694557147251e-17
Logistic Regression,0.199,0.17253785358004822,2.925694557147251e-17
Logistic Regression,0.2,0.17245824617860014,0.0
Logistic Regression,0.201,0.172378638777152,2.925694557147251e-17
Logistic Regression,0.202,0.17257892385786805,2.925694557147251e-17
Logistic Regression,0.203,0.17282584949812566,0.0
Logistic Regression,0.20400000000000001,0.17294099977036276,2.925694557147251e-17
Logistic Regression,0.20500000000000002,0.17317672068899556,2.925694557147251e-17
Logistic Regression,0.20600000000000002,0.1725948229120764,0.0
Logistic Regression,0.20700000000000002,0.17261078784978803,2.925694557147251e-17
Logistic Regression,0.20800000000000002,0.1721795548982495,2.925694557147251e-17
Logistic Regression,0.209,0.17257645108606495,2.925694557147251e-17
Logistic Regression,0.21,0.17297334727388033,0.0
Logistic Regression,0.211,0.17337024346169572,0.0
Logistic Regression,0.212,0.17338152425273637,2.925694557147251e-17
Logistic Regression,0.213,0.17316122623212699,2.925694557147251e-17
Logistic Regression,0.214,0.17298281532646495,0.0
Logistic Regression,0.215,0.1732988544950722,0.0
Logistic Regression,0.216,0.17361489366367946,0.0
Logistic Regression,0.217,0.1739309328322867,0.0
Logistic Regression,0.218,0.1716787043968568,2.925694557147251e-17
Logistic Regression,0.219,0.17131096917257735,2.925694557147251e-17
Logistic Regression,0.22,0.1708618286523614,2.925694557147251e-17
Logistic Regression,0.221,0.17040188831808795,2.925694557147251e-17
Logistic Regression,0.222,0.1703650382985658,2.925694557147251e-17
Logistic Regression,0.223,0.1702561145698577,2.925694557147251e-17
Logistic Regression,0.224,0.17018791817359039,0.0
Logistic Regression,0.225,0.1702844934749932,0.0
Logistic Regression,0.226,0.170381068776396,0.0
Logistic Regression,0.227,0.1704776440777988,2.925694557147251e-17
Logistic Regression,0.228,0.1705742193792016,2.925694557147251e-17
Logistic Regression,0.229,0.17067079468060437,2.925694557147251e-17
Logistic Regression,0.23,0.17076736998200717,2.925694557147251e-17
Logistic Regression,0.231,0.17087761934673365,2.925694557147251e-17
Logistic Regression,0.232,0.17111070351758792,2.925694557147251e-17
Logistic Regression,0.233,0.17144405666251555,2.925694557147251e-17
Logistic Regression,0.234,0.17192633250311332,2.925694557147251e-17
Logistic Regression,0.23500000000000001,0.17240860834371108,0.0
Logistic Regression,0.23600000000000002,0.17171502299087224,2.925694557147251e-17
Logistic Regression,0.23700000000000002,0.17229739690368542,2.925694557147251e-17
Logistic Regression,0.23800000000000002,0.17238768946568525,0.0
Logistic Regression,0.23900000000000002,0.1706159112842482,2.925694557147251e-17
Logistic Regression,0.24,0.16859342129333216,2.925694557147251e-17
Logistic Regression,0.241,0.16826922477430514,0.0
Logistic Regression,0.242,0.16829171423490402,2.925694557147251e-17
Logistic Regression,0.243,0.16831420369550282,2.925694557147251e-17
Logistic Regression,0.244,0.16807709682437985,2.925694557147251e-17
Logistic Regression,0.245,0.167391705547089,2.925694557147251e-17
Logistic Regression,0.246,0.16670631426979804,2.925694557147251e-17
Logistic Regression,0.247,0.16602092299250717,2.925694557147251e-17
Logistic Regression,0.248,0.16560732083773194,2.925694557147251e-17
Logistic Regression,0.249,0.16544819505108888,0.0
Logistic Regression,0.25,0.16528906926444584,2.925694557147251e-17
Logistic Regression,0.251,0.16512994347780283,0.0
Logistic Regression,0.252,0.16454321253008652,0.0
Logistic Regression,0.253,0.16455482066249602,2.925694557147251e-17
Logistic Regression,0.254,0.16472279901214196,2.925694557147251e-17
Logistic Regression,0.255,0.1648727382206834,2.925694557147251e-17
Logistic Regression,0.256,0.1648346308391051,0.0
Logistic Regression,0.257,0.164633715451733,0.0
Logistic Regression,0.258,0.1644328000643609,0.0
Logistic Regression,0.259,0.1642318846769888,0.0
Logistic Regression,0.26,0.1640309692896167,0.0
Logistic Regression,0.261,0.1635939243159494,2.925694557147251e-17
Logistic Regression,0.262,0.16301008341902629,2.925694557147251e-17
Logistic Regression,0.263,0.16255098030764675,2.925694557147251e-17
Logistic Regression,0.264,0.16131638786676758,2.925694557147251e-17
Logistic Regression,0.265,0.1615210142447705,0.0
Logistic Regression,0.266,0.16173643752406214,2.925694557147251e-17
Logistic Regression,0.267,0.16155433179829112,4.304398663121986e-06
Logistic Regression,0.268,0.16087947148829812,1.3944287684347424e-05
Logistic Regression,0.269,0.1602046111783051,2.3584176705587195e-05
Logistic Regression,0.27,0.1595297508683121,3.32240657267983e-05
Logistic Regression,0.271,0.1590607306770386,3.117824887169614e-05
Logistic Regression,0.272,0.15917795561001133,2.925694557147251e-17
Logistic Regression,0.273,0.15887985966503787,2.925694557147251e-17
Logistic Regression,0.274,0.15891575036108652,0.0
Logistic Regression,0.275,0.1592752682739879,2.925694557147251e-17
Logistic Regression,0.276,0.15897682400151053,2.925694557147251e-17
Logistic Regression,0.277,0.1591760674947314,2.925694557147251e-17
Logistic Regression,0.278,0.1586745524251626,6.67436434267661e-05
Logistic Regression,0.279,0.15833281975418037,0.00022918994912249992
Logistic Regression,0.28,0.15839485515491214,4.4128028711900934e-05
Logistic Regression,0.281,0.15850234177479391,2.925694557147251e-17
Logistic Regression,0.28200000000000003,0.15722597082574397,0.0
Logistic Regression,0.28300000000000003,0.15695271982439404,2.925694557147251e-17
Logistic Regression,0.28400000000000003,0.15601970959958883,2.925694557147251e-17
Logistic Regression,0.28500000000000003,0.1551936873968928,2.925694557147251e-17
Logistic Regression,0.28600000000000003,0.15502399804284833,2.925694557147251e-17
Logistic Regression,0.28700000000000003,0.15515438570008927,2.925694557147251e-17
Logistic Regression,0.28800000000000003,0.15467320652410474,2.925694557147251e-17
Logistic Regression,0.289,0.15407294135753077,0.0
Logistic Regression,0.29,0.1538925105832554,0.0
Logistic Regression,0.291,0.1539567927979779,2.925694557147251e-17
Logistic Regression,0.292,0.154050368995828,2.925694557147251e-17
Logistic Regression,0.293,0.15393327154772934,2.925694557147251e-17
Logistic Regression,0.294,0.1537751513923595,2.925694557147251e-17
Logistic Regression,0.295,0.15352322099907706,2.925694557147251e-17
Logistic Regression,0.296,0.1532712906057946,2.925694557147251e-17
Logistic Regression,0.297,0.15310886197579185,0.0
Logistic Regression,0.298,0.15297867878475363,2.925694557147251e-17
Logistic Regression,0.299,0.15284849559371547,0.0
Logistic Regression,0.3,0.15271831240267725,2.925694557147251e-17
Logistic Regression,0.301,0.1527869325747421,2.925694557147251e-17
Logistic Regression,0.302,0.15302650581258195,0.0
Logistic Regression,0.303,0.15324630912780488,0.0
Logistic Regression,0.304,0.15346611244302782,2.925694557147251e-17
Logistic Regression,0.305,0.1536859157582507,2.925694557147251e-17
Logistic Regression,0.306,0.15390571907347364,0.0
Logistic Regression,0.307,0.15412552238869656,0.0
Logistic Regression,0.308,0.1543453257039195,2.925694557147251e-17
Logistic Regression,0.309,0.15456081027345214,0.0
Logistic Regression,0.31,0.1524728651336751,2.925694557147251e-17
Logistic Regression,0.311,0.15185340730837285,0.0
Logistic Regression,0.312,0.15160824935167388,9.500667489584871e-05
Logistic Regression,0.313,0.1516664441527792,5.069386011233976e-05
Logistic Regression,0.314,0.1519265542256565,2.925694557147251e-17
Logistic Regression,0.315,0.15030145867098862,2.925694557147251e-17
Logistic Regression,0.316,0.1499652522017614,0.0
Logistic Regression,0.317,0.14980020016012813,2.925694557147251e-17
Logistic Regression,0.318,0.14975443130238045,0.0
Logistic Regression,0.319,0.14982202096706715,2.925694557147251e-17
Logistic Regression,0.32,0.14988961063175396,2.925694557147251e-17
Logistic Regression,0.321,0.14995720029644066,0.0
Logistic Regression,0.322,0.1500247899611274,2.925694557147251e-17
Logistic Regression,0.323,0.15009237962581418,2.925694557147251e-17
Logistic Regression,0.324,0.15015996929050088,0.0
Logistic Regression,0.325,0.1502275589551876,2.925694557147251e-17
Logistic Regression,0.326,0.15029955276336546,0.0
Logistic Regression,0.327,0.15028787764589358,0.0
Logistic Regression,0.328,0.14943182513072722,2.925694557147251e-17
Logistic Regression,0.329,0.14941092755555974,0.0
Logistic Regression,0.33,0.1492205878184125,2.925694557147251e-17
Logistic Regression,0.331,0.14903674235698697,2.925694557147251e-17
Logistic Regression,0.332,0.14890283036400806,0.0
Logistic Regression,0.333,0.14899083147181116,0.0
Logistic Regression,0.334,0.1490788325796142,2.925694557147251e-17
Logistic Regression,0.335,0.1491668336874173,2.925694557147251e-17
Logistic Regression,0.336,0.14925483479522045,2.925694557147251e-17
Logistic Regression,0.337,0.14934283590302352,2.925694557147251e-17
Logistic Regression,0.338,0.1494308370108266,0.0
Logistic Regression,0.339,0.14951883811862968,0.0
Logistic Regression,0.34,0.14960683922643273,2.925694557147251e-17
Logistic Regression,0.341,0.14969484033423583,2.925694557147251e-17
Logistic Regression,0.342,0.14978284144203896,2.925694557147251e-17
Logistic Regression,0.343,0.14987084254984204,0.0
Logistic Regression,0.34400000000000003,0.1499588436576451,0.0
Logistic Regression,0.34500000000000003,0.1500468447654482,0.0
Logistic Regression,0.34600000000000003,0.15013484587325127,2.925694557147251e-17
Logistic Regression,0.34700000000000003,0.14995632874622314,2.925694557147251e-17
Logistic Regression,0.34800000000000003,0.14963446238583938,2.925694557147251e-17
Logistic Regression,0.34900000000000003,0.14933732094708455,2.925694557147251e-17
Logistic Regression,0.35000000000000003,0.1490610989469294,0.0
Logistic Regression,0.35100000000000003,0.14767365509435101,2.925694557147251e-17
Logistic Regression,0.352,0.14646069418302093,2.925694557147251e-17
Logistic Regression,0.353,0.14636866556359426,2.925694557147251e-17
Logistic Regression,0.354,0.1459943482590542,0.0
Logistic Regression,0.355,0.14485992866674685,2.925694557147251e-17
Logistic Regression,0.356,0.1450011884102793,0.0
Logistic Regression,0.357,0.14514244815381175,2.925694557147251e-17
Logistic Regression,0.358,0.1452837078973443,2.925694557147251e-17
Logistic Regression,0.359,0.14484323320744957,2.925694557147251e-17
Logistic Regression,0.36,0.14428611045005676,2.925694557147251e-17
Logistic Regression,0.361,0.14445542652479074,2.925694557147251e-17
Logistic Regression,0.362,0.14421232022002736,0.0
Logistic Regression,0.363,0.143969213915264,2.925694557147251e-17
Logistic Regression,0.364,0.14372610761050073,2.925694557147251e-17
Logistic Regression,0.365,0.14348300130573735,0.0
Logistic Regression,0.366,0.14342078801592392,0.0
Logistic Regression,0.367,0.14336330189549074,0.0
Logistic Regression,0.368,0.14330581577505755,0.0
Logistic Regression,0.369,0.1433131404658863,0.0
Logistic Regression,0.37,0.14311292301619985,2.925694557147251e-17
Logistic Regression,0.371,0.14281853420167492,2.925694557147251e-17
Logistic Regression,0.372,0.14244877910737389,0.0
Logistic Regression,0.373,0.14208859988899522,2.925694557147251e-17
Logistic Regression,0.374,0.14221399823732267,2.925694557147251e-17
Logistic Regression,0.375,0.14212603858423153,0.0
Logistic Regression,0.376,0.14203807893114043,0.0
Logistic Regression,0.377,0.14190517718403498,0.0
Logistic Regression,0.378,0.14198082587407374,2.925694557147251e-17
Logistic Regression,0.379,0.14205647456411244,2.925694557147251e-17
Logistic Regression,0.38,0.14213212325415123,2.925694557147251e-17
Logistic Regression,0.381,0.1422077719441899,2.925694557147251e-17
Logistic Regression,0.382,0.1422834206342287,0.0
Logistic Regression,0.383,0.1423590693242674,2.925694557147251e-17
Logistic Regression,0.384,0.14243471801430616,0.0
Logistic Regression,0.385,0.1425103667043449,2.925694557147251e-17
Logistic Regression,0.386,0.14258601539438365,0.0
Logistic Regression,0.387,0.1426616640844224,2.925694557147251e-17
Logistic Regression,0.388,0.14273731277446114,0.0
Logistic Regression,0.389,0.1428129614644999,2.925694557147251e-17
Logistic Regression,0.39,0.1428886101545386,0.0
Logistic Regression,0.391,0.1429642588445774,2.925694557147251e-17
Logistic Regression,0.392,0.14305857816146633,2.925694557147251e-17
Logistic Regression,0.393,0.14186552457936472,0.0
Logistic Regression,0.394,0.14170997031835794,0.0
Logistic Regression,0.395,0.14121026959813784,0.0
Logistic Regression,0.396,0.14071056887791775,0.0
Logistic Regression,0.397,0.1401608049652398,2.925694557147251e-17
Logistic Regression,0.398,0.1400696521306848,0.0
Logistic Regression,0.399,0.14008947296599114,0.0
Logistic Regression,0.4,0.14009620548597065,0.0
Logistic Regression,0.401,0.14010293800595017,0.0
Logistic Regression,0.402,0.14010967052592968,2.925694557147251e-17
Logistic Regression,0.403,0.1401164030459092,2.925694557147251e-17
Logistic Regression,0.404,0.1401231355658887,2.925694557147251e-17
Logistic Regression,0.405,0.14008499856088874,0.0
Logistic Regression,0.406,0.1400352152578887,2.925694557147251e-17
Logistic Regression,0.40700000000000003,0.13995818694795317,2.925694557147251e-17
Logistic Regression,0.40800000000000003,0.13988115863801773,0.0
Logistic Regression,0.40900000000000003,0.1398041303280823,2.925694557147251e-17
Logistic Regression,0.41000000000000003,0.13966596952169316,2.925694557147251e-17
Logistic Regression,0.41100000000000003,0.13951545745581656,2.925694557147251e-17
Logistic Regression,0.41200000000000003,0.13928348025019627,2.925694557147251e-17
Logistic Regression,0.41300000000000003,0.13884735528367073,2.925694557147251e-17
Logistic Regression,0.41400000000000003,0.13864593083454133,2.925694557147251e-17
Logistic Regression,0.41500000000000004,0.13867786056824633,2.925694557147251e-17
Logistic Regression,0.41600000000000004,0.13892957763562677,0.0
Logistic Regression,0.417,0.13896172687700228,2.925694557147251e-17
Logistic Regression,0.418,0.13899387611837782,2.925694557147251e-17
Logistic Regression,0.419,0.13902602535975345,2.925694557147251e-17
Logistic Regression,0.42,0.13883576276293838,2.925694557147251e-17
Logistic Regression,0.421,0.1388889430062137,2.925694557147251e-17
Logistic Regression,0.422,0.13884048761436654,2.925694557147251e-17
Logistic Regression,0.423,0.13873055268160053,0.0
Logistic Regression,0.424,0.13846837179086166,2.925694557147251e-17
Logistic Regression,0.425,0.13835652018822134,2.925694557147251e-17
Logistic Regression,0.426,0.13680926514851516,2.925694557147251e-17
Logistic Regression,0.427,0.1362728888077501,2.925694557147251e-17
Logistic Regression,0.428,0.13550065601864297,2.925694557147251e-17
Logistic Regression,0.429,0.13537488443129872,0.0
Logistic Regression,0.43,0.1352491128439545,2.925694557147251e-17
Logistic Regression,0.431,0.1352360911608094,2.925694557147251e-17
Logistic Regression,0.432,0.13465407634053808,2.925694557147251e-17
Logistic Regression,0.433,0.1346211348840403,0.0
Logistic Regression,0.434,0.13438940678177275,2.925694557147251e-17
Logistic Regression,0.435,0.13418867947808383,2.925694557147251e-17
Logistic Regression,0.436,0.1339150858927642,2.925694557147251e-17
Logistic Regression,0.437,0.13374283794402395,0.0
Logistic Regression,0.438,0.13394829032552938,0.0
Logistic Regression,0.439,0.1335418781969924,2.925694557147251e-17
Logistic Regression,0.44,0.13285624980366287,2.925694557147251e-17
Logistic Regression,0.441,0.1319372420398804,2.925694557147251e-17
Logistic Regression,0.442,0.13187076863839822,0.0
Logistic Regression,0.443,0.13184913114959282,2.925694557147251e-17
Logistic Regression,0.444,0.13178070917472254,2.925694557147251e-17
Logistic Regression,0.445,0.1317494347994836,2.925694557147251e-17
Logistic Regression,0.446,0.1315828595262221,2.925694557147251e-17
Logistic Regression,0.447,0.1310544238310784,2.925694557147251e-17
Logistic Regression,0.448,0.13095541039477424,2.925694557147251e-17
Logistic Regression,0.449,0.13083734073160705,2.925694557147251e-17
Logistic Regression,0.45,0.13065683496514538,0.0
Logistic Regression,0.451,0.1301780375858564,2.925694557147251e-17
Logistic Regression,0.452,0.1300632083180596,2.925694557147251e-17
Logistic Regression,0.453,0.13006035819656225,0.0
Logistic Regression,0.454,0.12996270128684834,2.925694557147251e-17
Logistic Regression,0.455,0.12985452512214832,0.0
Logistic Regression,0.456,0.129742119098111,2.925694557147251e-17
Logistic Regression,0.457,0.12962971307407375,2.925694557147251e-17
Logistic Regression,0.458,0.12928694168734492,2.925694557147251e-17
Logistic Regression,0.459,0.12825582193609406,0.0
Logistic Regression,0.46,0.1281076480252584,2.925694557147251e-17
Logistic Regression,0.461,0.12752958975981185,0.0
Logistic Regression,0.462,0.12758748702075068,2.925694557147251e-17
Logistic Regression,0.463,0.12747678729232656,0.0
Logistic Regression,0.464,0.12736608756390247,0.0
Logistic Regression,0.465,0.12660087990544705,2.925694557147251e-17
Logistic Regression,0.466,0.12646414645901816,0.0
Logistic Regression,0.467,0.12669139472860483,0.0
Logistic Regression,0.468,0.12687603252627017,2.925694557147251e-17
Logistic Regression,0.46900000000000003,0.12700937863923192,2.925694557147251e-17
Logistic Regression,0.47000000000000003,0.12720036828049625,2.925694557147251e-17
Logistic Regression,0.47100000000000003,0.12737096705363635,2.925694557147251e-17
Logistic Regression,0.47200000000000003,0.12751493696836239,0.0
Logistic Regression,0.47300000000000003,0.12761162879936724,2.925694557147251e-17
Logistic Regression,0.47400000000000003,0.1275878635162448,2.925694557147251e-17
Logistic Regression,0.47500000000000003,0.12740729189427766,2.925694557147251e-17
Logistic Regression,0.47600000000000003,0.12711233969036678,2.925694557147251e-17
Logistic Regression,0.47700000000000004,0.12705091042173172,2.925694557147251e-17
Logistic Regression,0.47800000000000004,0.1269927977420769,2.925694557147251e-17
Logistic Regression,0.47900000000000004,0.12693468506242206,2.925694557147251e-17
Logistic Regression,0.48,0.12687657238276726,2.925694557147251e-17
Logistic Regression,0.481,0.1269287076557437,0.0
Logistic Regression,0.482,0.12708074398612063,2.925694557147251e-17
Logistic Regression,0.483,0.12723278031649762,2.925694557147251e-17
Logistic Regression,0.484,0.1265673851936013,2.925694557147251e-17
Logistic Regression,0.485,0.1263912053484917,0.0
Logistic Regression,0.486,0.12636359368468436,2.925694557147251e-17
Logistic Regression,0.487,0.1261909592368173,0.0
Logistic Regression,0.488,0.12610806307921926,0.0
Logistic Regression,0.489,0.12505086029268828,0.0
Logistic Regression,0.49,0.12497888239116309,0.0
Logistic Regression,0.491,0.1242906469461588,1.4628472785736255e-17
Logistic Regression,0.492,0.12309195334271042,2.925694557147251e-17
Logistic Regression,0.493,0.1228347719079094,0.0
Logistic Regression,0.494,0.12273058792244837,1.4628472785736255e-17
Logistic Regression,0.495,0.1226667873839162,1.4628472785736255e-17
Logistic Regression,0.496,0.12260298684538398,0.0
Logistic Regression,0.497,0.12247091051289627,0.0
Logistic Regression,0.498,0.12212092983938841,2.925694557147251e-17
Logistic Regression,0.499,0.12186613983758658,0.0
Logistic Regression,0.5,0.12197142265479395,0.0
Logistic Regression,0.501,0.12191352422303883,0.0
Logistic Regression,0.502,0.12183084219500076,1.4628472785736255e-17
Logistic Regression,0.503,0.1218687033142585,2.925694557147251e-17
Logistic Regression,0.504,0.1217272602089007,0.0
Logistic Regression,0.505,0.12137331694271955,0.0
Logistic Regression,0.506,0.12104274212510616,0.0
Logistic Regression,0.507,0.12109362286499578,0.0
Logistic Regression,0.508,0.12104589117039852,2.925694557147251e-17
Logistic Regression,0.509,0.1210288761971978,1.4628472785736255e-17
Logistic Regression,0.51,0.1212090401845127,1.4628472785736255e-17
Logistic Regression,0.511,0.12106162780730692,1.4628472785736255e-17
Logistic Regression,0.512,0.12010640926889396,0.0
Logistic Regression,0.513,0.1200058618655406,1.4628472785736255e-17
Logistic Regression,0.514,0.11971013052506038,0.0
Logistic Regression,0.515,0.11953938800532624,1.4628472785736255e-17
Logistic Regression,0.516,0.11946490644764388,2.925694557147251e-17
Logistic Regression,0.517,0.1182825451044677,1.155577788400261e-05
Logistic Regression,0.518,0.11804090546058241,0.0
Logistic Regression,0.519,0.11787244327893678,1.4628472785736255e-17
Logistic Regression,0.52,0.11760096424176728,2.925694557147251e-17
Logistic Regression,0.521,0.11762746841892815,2.925694557147251e-17
Logistic Regression,0.522,0.11777932971840069,2.925694557147251e-17
Logistic Regression,0.523,0.11785483004168182,1.4628472785736255e-17
Logistic Regression,0.524,0.11782309725497794,1.4628472785736255e-17
Logistic Regression,0.525,0.1173670891224314,0.0
Logistic Regression,0.526,0.11701777303531982,1.4628472785736255e-17
Logistic Regression,0.527,0.11668983258038798,0.0
Logistic Regression,0.528,0.11574346206269878,0.0
Logistic Regression,0.529,0.1148445588864079,0.0
Logistic Regression,0.53,0.11485834855107033,2.925694557147251e-17
Logistic Regression,0.531,0.11489966806845534,0.0
Logistic Regression,0.532,0.11492685772401143,1.4628472785736255e-17
Logistic Regression,0.533,0.11485745947874035,2.925694557147251e-17
Logistic Regression,0.534,0.1130270261984552,0.0
Logistic Regression,0.535,0.11190708229826615,2.925694557147251e-17
Logistic Regression,0.536,0.1119406268141536,1.4628472785736255e-17
Logistic Regression,0.537,0.11171392281189152,0.0
Logistic Regression,0.538,0.1114215576077097,0.0
Logistic Regression,0.539,0.11145766218637096,1.4628472785736255e-17
Logistic Regression,0.54,0.1114412422240397,2.925694557147251e-17
Logistic Regression,0.541,0.11141020712124614,2.925694557147251e-17
Logistic Regression,0.542,0.11088629914364181,1.4628472785736255e-17
Logistic Regression,0.543,0.11044606049999237,0.0
Logistic Regression,0.544,0.11019421196478132,1.4628472785736255e-17
Logistic Regression,0.545,0.11023196659535153,1.4628472785736255e-17
Logistic Regression,0.546,0.11004938976952253,1.4628472785736255e-17
Logistic Regression,0.547,0.10986681294369346,1.4628472785736255e-17
Logistic Regression,0.548,0.10978996790952042,1.4628472785736255e-17
Logistic Regression,0.549,0.10986321892159798,0.0
Logistic Regression,0.55,0.10950196460046999,1.4628472785736255e-17
Logistic Regression,0.551,0.10911254220591668,1.4628472785736255e-17
Logistic Regression,0.552,0.10908335992746274,0.0
Logistic Regression,0.553,0.10882636314523134,1.4628472785736255e-17
Logistic Regression,0.554,0.10850426607796512,2.925694557147251e-17
Logistic Regression,0.555,0.10833957338054603,0.0
Logistic Regression,0.556,0.10830070444504034,1.4628472785736255e-17
Logistic Regression,0.557,0.10787931886835692,1.4628472785736255e-17
Logistic Regression,0.558,0.10746386705031255,1.4628472785736255e-17
Logistic Regression,0.559,0.1072476589467509,1.4628472785736255e-17
Logistic Regression,0.56,0.10725668078385944,1.4628472785736255e-17
Logistic Regression,0.561,0.10674727321747565,0.0
Logistic Regression,0.562,0.10660014779095003,1.4628472785736255e-17
Logistic Regression,0.5630000000000001,0.10655631072540375,0.0
Logistic Regression,0.5640000000000001,0.10656109757984703,1.4628472785736255e-17
Logistic Regression,0.5650000000000001,0.10639825643073453,0.0
Logistic Regression,0.5660000000000001,0.10633125678534447,1.4628472785736255e-17
Logistic Regression,0.5670000000000001,0.10624910457096429,1.4628472785736255e-17
Logistic Regression,0.5680000000000001,0.10607589216323518,2.925694557147251e-17
Logistic Regression,0.5690000000000001,0.10533007888965598,1.4628472785736255e-17
Logistic Regression,0.5700000000000001,0.10511091251175916,0.0
Logistic Regression,0.5710000000000001,0.10496368782161233,1.4628472785736255e-17
Logistic Regression,0.5720000000000001,0.10499669981248025,1.4628472785736255e-17
Logistic Regression,0.5730000000000001,0.10507410055163058,0.0
Logistic Regression,0.5740000000000001,0.10515150129078091,1.4628472785736255e-17
Logistic Regression,0.5750000000000001,0.10508126760896844,0.0
Logistic Regression,0.5760000000000001,0.10466177306842125,1.4628472785736255e-17
Logistic Regression,0.577,0.1041727973544633,0.0
Logistic Regression,0.578,0.10314327870127418,1.4628472785736255e-17
Logistic Regression,0.579,0.10297902086973842,0.0
Logistic Regression,0.58,0.10302059238690983,1.4628472785736255e-17
Logistic Regression,0.581,0.10288765441481942,1.4628472785736255e-17
Logistic Regression,0.582,0.10285621482728372,0.0
Logistic Regression,0.583,0.10295963907203567,1.4628472785736255e-17
Logistic Regression,0.584,0.10308136949476562,1.4628472785736255e-17
Logistic Regression,0.585,0.10320301591771683,1.4628472785736255e-17
Logistic Regression,0.586,0.10332466234066803,1.4628472785736255e-17
Logistic Regression,0.587,0.10344630876361924,0.0
Logistic Regression,0.588,0.10356795518657044,0.0
Logistic Regression,0.589,0.10368960160952165,0.0
Logistic Regression,0.59,0.10366039970450329,7.235623835041046e-07
Logistic Regression,0.591,0.10360783109770137,1.5592059989772261e-06
Logistic Regression,0.592,0.10355526249089952,2.394849614436015e-06
Logistic Regression,0.593,0.10350269388409761,3.2304932298948036e-06
Logistic Regression,0.594,0.10345012527729569,4.0661368453679245e-06
Logistic Regression,0.595,0.10339755667049381,4.901780460826713e-06
Logistic Regression,0.596,0.10334498806369193,5.737424076292668e-06
Logistic Regression,0.597,0.10329241945689005,6.573067691758623e-06
Logistic Regression,0.598,0.10323985085008816,7.4087113072245784e-06
Logistic Regression,0.599,0.10263916194773777,2.949580775130378e-06
Logistic Regression,0.6,0.10215652384868734,0.0
Logistic Regression,0.601,0.10202038125285737,1.4628472785736255e-17
Logistic Regression,0.602,0.10189634715962267,0.0
Logistic Regression,0.603,0.10177231306638798,1.4628472785736255e-17
Logistic Regression,0.604,0.10172326588682654,1.4628472785736255e-17
Logistic Regression,0.605,0.10171165850509842,1.4628472785736255e-17
Logistic Regression,0.606,0.10165754436184501,1.4628472785736255e-17
Logistic Regression,0.607,0.10174207400328353,1.4628472785736255e-17
Logistic Regression,0.608,0.10184409980110762,1.4628472785736255e-17
Logistic Regression,0.609,0.10194612559893176,1.4628472785736255e-17
Logistic Regression,0.61,0.10204815139675585,0.0
Logistic Regression,0.611,0.10215017719457997,0.0
Logistic Regression,0.612,0.1019249598129871,0.0
Logistic Regression,0.613,0.10154299269029107,0.0
Logistic Regression,0.614,0.10121405954318544,1.4628472785736255e-17
Logistic Regression,0.615,0.10084741777562409,0.0
Logistic Regression,0.616,0.10035892551067213,0.0
Logistic Regression,0.617,0.09988462960543766,0.0
Logistic Regression,0.618,0.09942541538221407,0.0
Logistic Regression,0.619,0.09919369133624087,1.4628472785736255e-17
Logistic Regression,0.62,0.09927307220220848,0.0
Logistic Regression,0.621,0.09913233882843063,0.0
Logistic Regression,0.622,0.09891224575007108,0.0
Logistic Regression,0.623,0.09895461961083117,0.0
Logistic Regression,0.624,0.09898242274877944,0.0
Logistic Regression,0.625,0.09903405493150765,1.4628472785736255e-17
Logistic Regression,0.626,0.0989218219033612,1.4628472785736255e-17
Logistic Regression,0.627,0.09880958887521477,1.4628472785736255e-17
Logistic Regression,0.628,0.09869735584706833,1.4628472785736255e-17
Logistic Regression,0.629,0.09858512281892189,1.4628472785736255e-17
Logistic Regression,0.63,0.09847288979077548,1.4628472785736255e-17
Logistic Regression,0.631,0.09836065676262905,1.4628472785736255e-17
Logistic Regression,0.632,0.09813242710046953,1.4628472785736255e-17
Logistic Regression,0.633,0.09774470206654205,0.0
Logistic Regression,0.634,0.0973569770326146,0.0
Logistic Regression,0.635,0.096981505638132,1.4628472785736255e-17
Logistic Regression,0.636,0.09702011846545053,1.4628472785736255e-17
Logistic Regression,0.637,0.09681826858025842,1.4628472785736255e-17
Logistic Regression,0.638,0.09664759855228665,0.0
Logistic Regression,0.639,0.09647692852431489,0.0
Logistic Regression,0.64,0.09650052167153103,1.4628472785736255e-17
Logistic Regression,0.641,0.09646650122177247,0.0
Logistic Regression,0.642,0.09641740402929924,1.4628472785736255e-17
Logistic Regression,0.643,0.09647470541674061,1.4628472785736255e-17
Logistic Regression,0.644,0.09653200680418193,0.0
Logistic Regression,0.645,0.09658930819162327,0.0
Logistic Regression,0.646,0.0966466095790646,1.4628472785736255e-17
Logistic Regression,0.647,0.09635069321320876,0.0
Logistic Regression,0.648,0.09647087740224604,0.0
Logistic Regression,0.649,0.09630584320955357,1.4628472785736255e-17
Logistic Regression,0.65,0.09605471671892954,1.4628472785736255e-17
Logistic Regression,0.651,0.09600025445548158,1.4628472785736255e-17
Logistic Regression,0.652,0.09540332964922604,0.0
Logistic Regression,0.653,0.09518585238051362,1.4628472785736255e-17
Logistic Regression,0.654,0.09513058445543884,1.4628472785736255e-17
Logistic Regression,0.655,0.0951134709290835,1.4628472785736255e-17
Logistic Regression,0.656,0.09512536058798905,0.0
Logistic Regression,0.657,0.0950771468702175,1.4628472785736255e-17
Logistic Regression,0.658,0.09485651275253924,1.4628472785736255e-17
Logistic Regression,0.659,0.09438738094450495,0.0
Logistic Regression,0.66,0.09431586775150048,1.4628472785736255e-17
Logistic Regression,0.661,0.09436434060264455,0.0
Logistic Regression,0.662,0.09441281345378859,0.0
Logistic Regression,0.663,0.09439025467888743,1.4628472785736255e-17
Logistic Regression,0.664,0.09422448223978067,1.4628472785736255e-17
Logistic Regression,0.665,0.09406242816793287,0.0
Logistic Regression,0.666,0.09405311551234584,1.4628472785736255e-17
Logistic Regression,0.667,0.09404380285675877,1.4628472785736255e-17
Logistic Regression,0.668,0.09411152793535506,0.0
Logistic Regression,0.669,0.09420260294665735,1.4628472785736255e-17
Logistic Regression,0.67,0.0942936779579596,1.4628472785736255e-17
Logistic Regression,0.671,0.09434399345930092,1.4628472785736255e-17
Logistic Regression,0.672,0.09432544586162152,0.0
Logistic Regression,0.673,0.09433367453809215,0.0
Logistic Regression,0.674,0.09438752361858235,1.4628472785736255e-17
Logistic Regression,0.675,0.09435327968457652,2.4093712843443764e-07
Logistic Regression,0.676,0.09419668666310152,2.133096710378606e-06
Logistic Regression,0.677,0.0940400936416265,4.025256292329942e-06
Logistic Regression,0.678,0.0938835006201515,5.917415874274111e-06
Logistic Regression,0.679,0.0937269075986765,7.809575456232612e-06
Logistic Regression,0.68,0.09357031457720147,9.701735038176781e-06
Logistic Regression,0.681,0.09345100441841096,8.792598940230211e-06
Logistic Regression,0.682,0.09329108523974035,1.4628472785736255e-17
Logistic Regression,0.683,0.0927913513535099,1.4628472785736255e-17
Logistic Regression,0.684,0.09220391543480987,0.0
Logistic Regression,0.685,0.09211897506708497,1.4628472785736255e-17
Logistic Regression,0.686,0.09194184009733108,5.825617283909099e-07
Logistic Regression,0.687,0.09191355814594385,3.851380315487968e-06
Logistic Regression,0.6880000000000001,0.09182478277065419,0.0
Logistic Regression,0.6890000000000001,0.09163594191768168,1.4628472785736255e-17
Logistic Regression,0.6900000000000001,0.09159835178867523,1.4628472785736255e-17
Logistic Regression,0.6910000000000001,0.09160477327525811,1.4628472785736255e-17
Logistic Regression,0.6920000000000001,0.09153130040805864,1.4628472785736255e-17
Logistic Regression,0.6930000000000001,0.09144112833796236,0.0
Logistic Regression,0.6940000000000001,0.09131237263900219,1.4628472785736255e-17
Logistic Regression,0.6950000000000001,0.09118361694004205,0.0
Logistic Regression,0.6960000000000001,0.09123271592634362,0.0
Logistic Regression,0.6970000000000001,0.09128840448854682,0.0
Logistic Regression,0.6980000000000001,0.09134387194430085,1.4628472785736255e-17
Logistic Regression,0.6990000000000001,0.091014996783618,1.4628472785736255e-17
Logistic Regression,0.7000000000000001,0.09058359435592371,1.4628472785736255e-17
Logistic Regression,0.7010000000000001,0.09055573937230017,1.4628472785736255e-17
Logistic Regression,0.7020000000000001,0.0905843326350777,0.0
Logistic Regression,0.7030000000000001,0.09062397076393001,1.4628472785736255e-17
Logistic Regression,0.704,0.09073188606742603,1.4628472785736255e-17
Logistic Regression,0.705,0.09078962843388157,1.4628472785736255e-17
Logistic Regression,0.706,0.09039879434312438,1.4628472785736255e-17
Logistic Regression,0.707,0.0900929257435845,0.0
Logistic Regression,0.708,0.09012434887561936,0.0
Logistic Regression,0.709,0.09016707034366732,1.4628472785736255e-17
Logistic Regression,0.71,0.09015221439772093,1.4628472785736255e-17
Logistic Regression,0.711,0.08991215771963132,1.4628472785736255e-17
Logistic Regression,0.712,0.08955809378472304,1.4628472785736255e-17
Logistic Regression,0.713,0.08945655385481292,1.4628472785736255e-17
Logistic Regression,0.714,0.08939905232872779,1.4628472785736255e-17
Logistic Regression,0.715,0.08938040216780654,1.4628472785736255e-17
Logistic Regression,0.716,0.08937513672066637,1.4628472785736255e-17
Logistic Regression,0.717,0.0893039404073839,1.4628472785736255e-17
Logistic Regression,0.718,0.08921728588787178,1.4628472785736255e-17
Logistic Regression,0.719,0.08926943745852607,1.4628472785736255e-17
Logistic Regression,0.72,0.08919711821434548,1.4628472785736255e-17
Logistic Regression,0.721,0.08857645408093727,0.0
Logistic Regression,0.722,0.08848435691998871,1.4628472785736255e-17
Logistic Regression,0.723,0.0883956247359783,0.0
Logistic Regression,0.724,0.08839106789709106,0.0
Logistic Regression,0.725,0.08822468569269294,1.4628472785736255e-17
Logistic Regression,0.726,0.08808276179576428,1.4628472785736255e-17
Logistic Regression,0.727,0.0880261210756864,1.4628472785736255e-17
Logistic Regression,0.728,0.08788515200257382,1.4628472785736255e-17
Logistic Regression,0.729,0.08765768905770788,0.0
Logistic Regression,0.73,0.0873096474966657,0.0
Logistic Regression,0.731,0.08716234759931404,1.4628472785736255e-17
Logistic Regression,0.732,0.08707122407733181,0.0
Logistic Regression,0.733,0.08669369210549487,1.4628472785736255e-17
Logistic Regression,0.734,0.0865248796554147,1.4628472785736255e-17
Logistic Regression,0.735,0.0858977672336668,1.4628472785736255e-17
Logistic Regression,0.736,0.0858667934777345,1.4628472785736255e-17
Logistic Regression,0.737,0.0858012394283549,1.4628472785736255e-17
Logistic Regression,0.738,0.0854391652843617,1.4628472785736255e-17
Logistic Regression,0.739,0.0850127976967343,0.0
Logistic Regression,0.74,0.08502295476284764,1.4628472785736255e-17
Logistic Regression,0.741,0.0850187722699636,1.4628472785736255e-17
Logistic Regression,0.742,0.08499211891991397,1.4628472785736255e-17
Logistic Regression,0.743,0.08481869841359234,1.4628472785736255e-17
Logistic Regression,0.744,0.08465757151645681,1.8209046098567055e-06
Logistic Regression,0.745,0.08463437936835688,1.64387221722916e-06
Logistic Regression,0.746,0.08428563112589048,1.4628472785736255e-17
Logistic Regression,0.747,0.08399235614350821,0.0
Logistic Regression,0.748,0.0838759814498119,0.0
Logistic Regression,0.749,0.08351729601945322,1.4628472785736255e-17
Logistic Regression,0.75,0.08340044597403463,0.0
Logistic Regression,0.751,0.08303116994838841,1.4628472785736255e-17
Logistic Regression,0.752,0.08260165220474412,1.4628472785736255e-17
Logistic Regression,0.753,0.08245787687589187,1.4628472785736255e-17
Logistic Regression,0.754,0.08235389546167214,0.0
Logistic Regression,0.755,0.08214300504531404,0.0
Logistic Regression,0.756,0.08185447372705211,0.0
Logistic Regression,0.757,0.08181560998184136,0.0
Logistic Regression,0.758,0.08173835249914094,1.4628472785736255e-17
Logistic Regression,0.759,0.08174383550005525,1.4628472785736255e-17
Logistic Regression,0.76,0.08160963398033541,1.4628472785736255e-17
Logistic Regression,0.761,0.08137474462589857,0.0
Logistic Regression,0.762,0.08088364372083522,1.4628472785736255e-17
Logistic Regression,0.763,0.08061989844850503,0.0
Logistic Regression,0.764,0.0806323653834772,1.4628472785736255e-17
Logistic Regression,0.765,0.0806721194305612,0.0
Logistic Regression,0.766,0.08071187347764518,0.0
Logistic Regression,0.767,0.08075162752472917,1.4628472785736255e-17
Logistic Regression,0.768,0.08079138157181312,1.4628472785736255e-17
Logistic Regression,0.769,0.08083113561889711,0.0
Logistic Regression,0.77,0.08074427527145979,1.4628472785736255e-17
Logistic Regression,0.771,0.0806278491356636,1.4628472785736255e-17
Logistic Regression,0.772,0.08051752102962371,0.0
Logistic Regression,0.773,0.08024518847153224,1.4628472785736255e-17
Logistic Regression,0.774,0.08018656762376189,1.4628472785736255e-17
Logistic Regression,0.775,0.08019222237411902,7.070969540271374e-05
Logistic Regression,0.776,0.0799769712950712,0.0
Logistic Regression,0.777,0.07963485002851922,0.0
Logistic Regression,0.778,0.07929043376053771,1.4628472785736255e-17
Logistic Regression,0.779,0.07918397311318438,1.4628472785736255e-17
Logistic Regression,0.78,0.07910101220314683,1.4628472785736255e-17
Logistic Regression,0.781,0.07886282684194468,0.0
Logistic Regression,0.782,0.07891737080275427,1.4628472785736255e-17
Logistic Regression,0.783,0.07876626168142208,1.4628472785736255e-17
Logistic Regression,0.784,0.0785752426357909,1.4628472785736255e-17
Logistic Regression,0.785,0.07847724337022215,1.4628472785736255e-17
Logistic Regression,0.786,0.07832525684005621,1.4628472785736255e-17
Logistic Regression,0.787,0.07817327030989028,0.0
Logistic Regression,0.788,0.07799976479265788,1.4628472785736255e-17
Logistic Regression,0.789,0.07785301189361314,1.4628472785736255e-17
Logistic Regression,0.79,0.07772986251659816,1.4628472785736255e-17
Logistic Regression,0.791,0.07765773968377253,0.0
Logistic Regression,0.792,0.07737657376162345,0.0
Logistic Regression,0.793,0.07741244778696464,0.0
Logistic Regression,0.794,0.07744532384621218,0.0
Logistic Regression,0.795,0.07724960797809786,0.0
Logistic Regression,0.796,0.07702772891599385,0.0
Logistic Regression,0.797,0.07679786700091426,1.4628472785736255e-17
Logistic Regression,0.798,0.07650891134458805,0.0
Logistic Regression,0.799,0.07648381824227479,0.0
Logistic Regression,0.8,0.07641049716774653,1.4628472785736255e-17
Logistic Regression,0.801,0.07634638671604087,1.4628472785736255e-17
Logistic Regression,0.802,0.07638921124230812,0.0
Logistic Regression,0.803,0.0764320357685754,0.0
Logistic Regression,0.804,0.07647486029484264,1.4628472785736255e-17
Logistic Regression,0.805,0.07649923356130287,1.4628472785736255e-17
Logistic Regression,0.806,0.07646710779773323,0.0
Logistic Regression,0.807,0.07629066249117854,0.0
Logistic Regression,0.808,0.07587256242841477,0.0
Logistic Regression,0.809,0.07581366132879248,1.4628472785736255e-17
Logistic Regression,0.81,0.07490854580351772,1.4628472785736255e-17
Logistic Regression,0.811,0.07444183767303918,1.0524847687714483e-06
Logistic Regression,0.812,0.07351698057414971,1.3641143371847224e-06
Logistic Regression,0.8130000000000001,0.07330858877234582,1.4628472785736255e-17
Logistic Regression,0.8140000000000001,0.07333262762476946,1.4628472785736255e-17
Logistic Regression,0.8150000000000001,0.07335528982207376,1.4628472785736255e-17
Logistic Regression,0.8160000000000001,0.07335616153548909,1.4628472785736255e-17
Logistic Regression,0.8170000000000001,0.07336060346439599,0.0
Logistic Regression,0.8180000000000001,0.07336122534693908,1.4628472785736255e-17
Logistic Regression,0.8190000000000001,0.07335222759903115,0.0
Logistic Regression,0.8200000000000001,0.07315133150204142,1.4628472785736255e-17
Logistic Regression,0.8210000000000001,0.07282063409353677,0.0
Logistic Regression,0.8220000000000001,0.07273289276286041,1.4628472785736255e-17
Logistic Regression,0.8230000000000001,0.07274889567988062,1.4628472785736255e-17
Logistic Regression,0.8240000000000001,0.07267345577012595,1.4628472785736255e-17
Logistic Regression,0.8250000000000001,0.0726023514860592,0.0
Logistic Regression,0.8260000000000001,0.0725329202434344,1.4628472785736255e-17
Logistic Regression,0.8270000000000001,0.07224916462728334,1.4628472785736255e-17
Logistic Regression,0.8280000000000001,0.07139435338059474,0.0
Logistic Regression,0.8290000000000001,0.0710944746918941,1.4628472785736255e-17
Logistic Regression,0.8300000000000001,0.07082342669238305,1.4628472785736255e-17
Logistic Regression,0.8310000000000001,0.07052854236780451,1.4628472785736255e-17
Logistic Regression,0.8320000000000001,0.07029379480024055,1.4628472785736255e-17
Logistic Regression,0.833,0.0701095332236935,0.0
Logistic Regression,0.834,0.07010099240240648,1.4628472785736255e-17
Logistic Regression,0.835,0.07003254515690749,0.0
Logistic Regression,0.836,0.07001718622428597,1.4628472785736255e-17
Logistic Regression,0.837,0.069945122488808,0.0
Logistic Regression,0.838,0.0695760215893042,0.0
Logistic Regression,0.839,0.06955778511112386,1.4628472785736255e-17
Logistic Regression,0.84,0.06957435566616267,0.0
Logistic Regression,0.841,0.0689164031051098,1.4628472785736255e-17
Logistic Regression,0.842,0.0683290677765559,0.0
Logistic Regression,0.843,0.06758414518561132,1.4628472785736255e-17
Logistic Regression,0.844,0.06760043206204354,1.4628472785736255e-17
Logistic Regression,0.845,0.067559865648977,1.4628472785736255e-17
Logistic Regression,0.846,0.0674671385590797,0.0
Logistic Regression,0.847,0.067473168505964,1.4628472785736255e-17
Logistic Regression,0.848,0.06751625122834935,1.4628472785736255e-17
Logistic Regression,0.849,0.06751272167256982,0.0
Logistic Regression,0.85,0.06746768678804359,1.4628472785736255e-17
Logistic Regression,0.851,0.06742265190351734,1.4628472785736255e-17
Logistic Regression,0.852,0.06737761701899107,1.4628472785736255e-17
Logistic Regression,0.853,0.06727740162300852,1.4628472785736255e-17
Logistic Regression,0.854,0.06712046489846145,1.4628472785736255e-17
Logistic Regression,0.855,0.06697769170394348,1.4628472785736255e-17
Logistic Regression,0.856,0.06635103226610882,1.4628472785736255e-17
Logistic Regression,0.857,0.06619215675057209,0.0
Logistic Regression,0.858,0.06592294433464085,0.0
Logistic Regression,0.859,0.0658655821171342,1.4628472785736255e-17
Logistic Regression,0.86,0.06568190115492326,1.4628472785736255e-17
Logistic Regression,0.861,0.06556364981892769,0.0
Logistic Regression,0.862,0.06542322016775792,0.0
Logistic Regression,0.863,0.06535874428033103,1.4628472785736255e-17
Logistic Regression,0.864,0.06524239178037439,0.0
Logistic Regression,0.865,0.06514708130025226,0.0
Logistic Regression,0.866,0.06505175461145705,1.4628472785736255e-17
Logistic Regression,0.867,0.06467274812706801,1.4628472785736255e-17
Logistic Regression,0.868,0.06442680310584965,1.4628472785736255e-17
Logistic Regression,0.869,0.0639503705912781,1.4628472785736255e-17
Logistic Regression,0.87,0.06366881195124695,1.4628472785736255e-17
Logistic Regression,0.871,0.06358583771510885,1.4628472785736255e-17
Logistic Regression,0.872,0.06362319796187878,0.0
Logistic Regression,0.873,0.06364660490094919,0.0
Logistic Regression,0.874,0.06367001184001961,1.4628472785736255e-17
Logistic Regression,0.875,0.06367469328643603,0.0
Logistic Regression,0.876,0.06360315874874041,1.4628472785736255e-17
Logistic Regression,0.877,0.06359916224834118,0.0
Logistic Regression,0.878,0.06305922556367485,1.4628472785736255e-17
Logistic Regression,0.879,0.06257264046843965,1.4628472785736255e-17
Logistic Regression,0.88,0.06259646092113381,0.0
Logistic Regression,0.881,0.06236202610097717,7.314236392868128e-18
Logistic Regression,0.882,0.061722681244112496,0.0
Logistic Regression,0.883,0.06169668577287213,0.0
Logistic Regression,0.884,0.06162270125929149,0.0
Logistic Regression,0.885,0.06139886712392405,1.4628472785736255e-17
Logistic Regression,0.886,0.06114075262611762,0.0
Logistic Regression,0.887,0.06110372125026239,0.0
Logistic Regression,0.888,0.06110961185500737,0.0
Logistic Regression,0.889,0.060904758830650385,0.0
Logistic Regression,0.89,0.06073388741549142,0.0
Logistic Regression,0.891,0.06068486835033805,7.314236392868128e-18
Logistic Regression,0.892,0.06066877859638091,1.4628472785736255e-17
Logistic Regression,0.893,0.06068941302171453,0.0
Logistic Regression,0.894,0.060692643039648705,0.0
Logistic Regression,0.895,0.060259373864850176,0.0
Logistic Regression,0.896,0.05994238072843604,0.0
Logistic Regression,0.897,0.05990171808927418,0.0
Logistic Regression,0.898,0.0596898125252074,1.4628472785736255e-17
Logistic Regression,0.899,0.059378231125016404,0.0
Logistic Regression,0.9,0.05895372238870154,7.314236392868128e-18
Logistic Regression,0.901,0.05891982447299837,0.0
Logistic Regression,0.902,0.05887894401338971,1.4628472785736255e-17
Logistic Regression,0.903,0.05886716114704117,7.314236392868128e-18
Logistic Regression,0.904,0.05889903468475851,0.0
Logistic Regression,0.905,0.05864997675771057,0.0
Logistic Regression,0.906,0.05839366424440394,7.314236392868128e-18
Logistic Regression,0.907,0.058188418914568815,7.314236392868128e-18
Logistic Regression,0.908,0.05737735547961435,7.314236392868128e-18
Logistic Regression,0.909,0.05679706637699718,1.4628472785736255e-17
Logistic Regression,0.91,0.05602906344530338,7.314236392868128e-18
Logistic Regression,0.911,0.05597439499619124,7.314236392868128e-18
Logistic Regression,0.912,0.05581150617226806,7.314236392868128e-18
Logistic Regression,0.913,0.05573593566782657,7.314236392868128e-18
Logistic Regression,0.914,0.055681397413583286,1.4628472785736255e-17
Logistic Regression,0.915,0.055525562459971714,0.0
Logistic Regression,0.916,0.05551415633717814,1.4628472785736255e-17
Logistic Regression,0.917,0.05538457014239513,7.314236392868128e-18
Logistic Regression,0.918,0.05514726909459079,7.314236392868128e-18
Logistic Regression,0.919,0.05492090166176171,0.0
Logistic Regression,0.92,0.05470573085182824,0.0
Logistic Regression,0.921,0.05459239412263156,5.866277572291796e-06
Logistic Regression,0.922,0.05451524982139581,4.509153656315261e-06
Logistic Regression,0.923,0.0544386686756949,2.667342627486635e-06
Logistic Regression,0.924,0.05436208752999398,8.255315986580095e-07
Logistic Regression,0.925,0.05434608875156316,0.0
Logistic Regression,0.926,0.05364184529530695,7.314236392868128e-18
Logistic Regression,0.927,0.05350248902356068,7.314236392868128e-18
Logistic Regression,0.928,0.05336590192319583,0.0
Logistic Regression,0.929,0.053229314822830984,0.0
Logistic Regression,0.93,0.05308841377910754,1.4628472785736255e-17
Logistic Regression,0.931,0.05291369894033966,7.314236392868128e-18
Logistic Regression,0.932,0.05288096502525054,7.314236392868128e-18
Logistic Regression,0.933,0.052891844905913185,0.0
Logistic Regression,0.934,0.05272199247056729,7.314236392868128e-18
Logistic Regression,0.935,0.05189046240237881,1.4628472785736255e-17
Logistic Regression,0.936,0.05149749642343088,0.0
Logistic Regression,0.937,0.051421405598222836,0.0
Logistic Regression,0.9380000000000001,0.05125760109477427,0.0
Logistic Regression,0.9390000000000001,0.05125032019569807,7.314236392868128e-18
Logistic Regression,0.9400000000000001,0.051221409755959554,1.4628472785736255e-17
Logistic Regression,0.9410000000000001,0.05109049807011935,0.0
Logistic Regression,0.9420000000000001,0.05078856391703125,7.314236392868128e-18
Logistic Regression,0.9430000000000001,0.05036845881893294,7.314236392868128e-18
Logistic Regression,0.9440000000000001,0.050258500778480306,7.314236392868128e-18
Logistic Regression,0.9450000000000001,0.05018005011276977,0.0
Logistic Regression,0.9460000000000001,0.05002437767081108,0.0
Logistic Regression,0.9470000000000001,0.05001962507528074,0.0
Logistic Regression,0.9480000000000001,0.04999643990710912,0.0
Logistic Regression,0.9490000000000001,0.04947073352745114,7.314236392868128e-18
Logistic Regression,0.9500000000000001,0.04902038175493361,7.314236392868128e-18
Logistic Regression,0.9510000000000001,0.04886512397225246,7.314236392868128e-18
Logistic Regression,0.9520000000000001,0.04868514706089876,7.314236392868128e-18
Logistic Regression,0.9530000000000001,0.04847891720974051,0.0
Logistic Regression,0.9540000000000001,0.048318229420895024,0.0
Logistic Regression,0.9550000000000001,0.0478564004420257,7.314236392868128e-18
Logistic Regression,0.9560000000000001,0.047617581227799737,7.314236392868128e-18
Logistic Regression,0.9570000000000001,0.047426581917751974,7.314236392868128e-18
Logistic Regression,0.9580000000000001,0.0474398491479477,7.314236392868128e-18
Logistic Regression,0.9590000000000001,0.04701446067395219,7.314236392868128e-18
Logistic Regression,0.96,0.04627761861012442,7.314236392868128e-18
Logistic Regression,0.961,0.04589227723032829,0.0
Logistic Regression,0.962,0.045846776087025344,7.314236392868128e-18
Logistic Regression,0.963,0.04547012207770007,0.0
Logistic Regression,0.964,0.04487120369455095,7.314236392868128e-18
Logistic Regression,0.965,0.04454654959478711,7.314236392868128e-18
Logistic Regression,0.966,0.044417528673586434,7.314236392868128e-18
Logistic Regression,0.967,0.04441977908253479,7.314236392868128e-18
Logistic Regression,0.968,0.044188263413171884,7.314236392868128e-18
Logistic Regression,0.969,0.044096352134679065,7.314236392868128e-18
Logistic Regression,0.97,0.04384930390585423,0.0
Logistic Regression,0.971,0.04375669783768556,7.314236392868128e-18
Logistic Regression,0.972,0.04360536379252069,7.314236392868128e-18
Logistic Regression,0.973,0.04326174493127205,0.0
Logistic Regression,0.974,0.043101732103640523,7.314236392868128e-18
Logistic Regression,0.975,0.04286644312479438,0.0
Logistic Regression,0.976,0.04274679470477261,7.314236392868128e-18
Logistic Regression,0.977,0.04240062773366275,7.314236392868128e-18
Logistic Regression,0.978,0.04225990232705629,0.0
Logistic Regression,0.979,0.04200736308784008,7.314236392868128e-18
Logistic Regression,0.98,0.04148495322815909,7.314236392868128e-18
Logistic Regression,0.981,0.04106389558019518,0.0
Logistic Regression,0.982,0.04078046091674674,7.314236392868128e-18
Logistic Regression,0.983,0.04002500397084141,6.95119966863417e-07
Logistic Regression,0.984,0.039101944135344124,0.0
Logistic Regression,0.985,0.03880126013411255,0.0
Logistic Regression,0.986,0.0386827927465681,0.0
Logistic Regression,0.987,0.0386183923584243,0.0
Logistic Regression,0.988,0.03861811094159622,0.0
Logistic Regression,0.989,0.03816448103814397,0.0
Logistic Regression,0.99,0.03678940447550114,7.314236392868128e-18
Logistic Regression,0.991,0.03646411550151551,7.314236392868128e-18
Logistic Regression,0.992,0.03591004625160477,7.314236392868128e-18
Logistic Regression,0.993,0.03566862914233387,0.0
Logistic Regression,0.994,0.03542046313392378,7.314236392868128e-18
Logistic Regression,0.995,0.03529554196782928,1.4658234639906517e-06
Logistic Regression,0.996,0.0351335688782808,7.314236392868128e-18
Logistic Regression,0.997,0.03473825068865155,0.0
Logistic Regression,0.998,0.03452071375225219,7.314236392868128e-18
Logistic Regression,0.999,0.03397335821533854,0.0
Logistic Regression,1.0,0.03266777592900721,0.0
Decision Tree,0.0,1.0,0.0
Decision Tree,0.001,0.99680797064341,7.319371246043813e-05
Decision Tree,0.002,0.9936159412868198,0.0001463874249208864
Decision Tree,0.003,0.9904239119302298,0.00021958113738134187
Decision Tree,0.004,0.9872318825736397,0.0002927748498417521
Decision Tree,0.005,0.9840398532170497,0.00036596856230219807
Decision Tree,0.006,0.9808478238604594,0.000439162274762644
Decision Tree,0.007,0.9776557945038695,0.0005123559872230971
Decision Tree,0.008,0.9744637651472793,0.0005855496996835287
Decision Tree,0.009000000000000001,0.9712717357906893,0.0006587434121439501
Decision Tree,0.01,0.9680797064340991,0.0007319371246044026
Decision Tree,0.011,0.9648876770775091,0.0008051308370648516
Decision Tree,0.012,0.9616956477209191,0.000878324549525292
Decision Tree,0.013000000000000001,0.958503618364329,0.0009515182619857288
Decision Tree,0.014,0.9553115890077389,0.0010247119744461824
Decision Tree,0.015,0.9521195596511488,0.0010979056869066357
Decision Tree,0.016,0.9489275302945586,0.001171099399367055
Decision Tree,0.017,0.9457355009379687,0.0012442931118274842
Decision Tree,0.018000000000000002,0.9425434715813784,0.0013174868242879366
Decision Tree,0.019,0.9393514422247884,0.0013906805367483877
Decision Tree,0.02,0.9361594128681983,0.0014638742492088259
Decision Tree,0.021,0.9329673835116082,0.001537067961669264
Decision Tree,0.022,0.9297753541550181,0.0016102616741296935
Decision Tree,0.023,0.9265833247984281,0.0016834553865901522
Decision Tree,0.024,0.923391295441838,0.0017566490990505812
Decision Tree,0.025,0.920199266085248,0.0018298428115110239
Decision Tree,0.026000000000000002,0.9170072367286577,0.0019030365239714703
Decision Tree,0.027,0.9138152073720678,0.001976230236431906
Decision Tree,0.028,0.9106231780154775,0.002049423948892336
Decision Tree,0.029,0.9074311486588875,0.002122617661352776
Decision Tree,0.03,0.9042391193022974,0.002195811373813229
Decision Tree,0.031,0.9010470899457074,0.0022690050862736602
Decision Tree,0.032,0.8978550605891172,0.002342198798734121
Decision Tree,0.033,0.8946630312325272,0.0024153925111945525
Decision Tree,0.034,0.8914710018759372,0.002488586223654984
Decision Tree,0.035,0.8882789725193472,0.002561779936115402
Decision Tree,0.036000000000000004,0.885086943162757,0.002634973648575857
Decision Tree,0.037,0.881894913806167,0.0027081673610363046
Decision Tree,0.038,0.8787028844495769,0.002781361073496762
Decision Tree,0.039,0.8755108550929869,0.002854554785957198
Decision Tree,0.04,0.8723188257363965,0.0029277484984176123
Decision Tree,0.041,0.8691267963798065,0.003000942210878056
Decision Tree,0.042,0.8659347670232164,0.0030741359233385037
Decision Tree,0.043000000000000003,0.8627427376666266,0.003147329635798942
Decision Tree,0.044,0.8595507083100363,0.00322052334825939
Decision Tree,0.045,0.8563586789534463,0.0032937170607198504
Decision Tree,0.046,0.8531666495968562,0.0033669107731802584
Decision Tree,0.047,0.8499746202402662,0.0034401044856406946
Decision Tree,0.048,0.846782590883676,0.003513298198101154
Decision Tree,0.049,0.843590561527086,0.003586491910561587
Decision Tree,0.05,0.8403985321704959,0.00365968562302204
Decision Tree,0.051000000000000004,0.8372065028139059,0.0037328793354824714
Decision Tree,0.052000000000000005,0.8340144734573155,0.0038060730479429097
Decision Tree,0.053,0.8308224441007255,0.0038792667604033416
Decision Tree,0.054,0.8276304147441355,0.003952460472863791
Decision Tree,0.055,0.8244383853875453,0.004025654185324228
Decision Tree,0.056,0.8212463560309553,0.004098847897784665
Decision Tree,0.057,0.8180543266743653,0.004172041610245119
Decision Tree,0.058,0.8148622973177752,0.004245235322705554
Decision Tree,0.059000000000000004,0.8116702679611849,0.004318429035165992
Decision Tree,0.06,0.8084782386045951,0.004391622747626421
Decision Tree,0.061,0.8052862092480048,0.004464816460086882
Decision Tree,0.062,0.8020941798914147,0.004538010172547325
Decision Tree,0.063,0.7989021505348248,0.004611203885007763
Decision Tree,0.064,0.7957101211782346,0.004684397597468173
Decision Tree,0.065,0.7925180918216446,0.004757591309928633
Decision Tree,0.066,0.7893260624650544,0.004830785022389086
Decision Tree,0.067,0.7861340331084643,0.004903978734849523
Decision Tree,0.068,0.7829420037518743,0.004977172447309967
Decision Tree,0.069,0.7797499743952843,0.005050366159770429
Decision Tree,0.07,0.7765579450386941,0.005123559872230846
Decision Tree,0.07100000000000001,0.7733659156821041,0.005196753584691278
Decision Tree,0.07200000000000001,0.7701738863255141,0.005269947297151729
Decision Tree,0.073,0.7669818569689241,0.005343141009612145
Decision Tree,0.074,0.7637898276123338,0.005416334722072621
Decision Tree,0.075,0.7605977982557437,0.005489528434533054
Decision Tree,0.076,0.7574057688991537,0.005562722146993492
Decision Tree,0.077,0.7542137395425635,0.005635915859453905
Decision Tree,0.078,0.7510217101859735,0.00570910957191438
Decision Tree,0.079,0.7478296808293834,0.005782303284374815
Decision Tree,0.08,0.7446376514727934,0.005855496996835247
Decision Tree,0.081,0.7414456221162034,0.005928690709295708
Decision Tree,0.082,0.7382535927596131,0.006001884421756132
Decision Tree,0.083,0.7350615634030231,0.0060750781342165695
Decision Tree,0.084,0.731869534046433,0.006148271846677012
Decision Tree,0.085,0.7286775046898429,0.00622146555913747
Decision Tree,0.08600000000000001,0.7254854753332528,0.006294659271597908
Decision Tree,0.08700000000000001,0.7222934459766627,0.006367852984058337
Decision Tree,0.088,0.7191014166200727,0.006441046696518781
Decision Tree,0.089,0.7159093872634826,0.006514240408979216
Decision Tree,0.09,0.7127173579068924,0.006587434121439668
Decision Tree,0.091,0.7095253285503024,0.006660627833900104
Decision Tree,0.092,0.7063332991937123,0.006733821546360539
Decision Tree,0.093,0.7031412698371223,0.006807015258820971
Decision Tree,0.094,0.6999492404805322,0.006880208971281446
Decision Tree,0.095,0.6967572111239421,0.006953402683741858
Decision Tree,0.096,0.693565181767352,0.007026596396202302
Decision Tree,0.097,0.6903731524107618,0.007099790108662752
Decision Tree,0.098,0.6871811230541718,0.007172983821123207
Decision Tree,0.099,0.6839890936975817,0.007246177533583637
Decision Tree,0.1,0.6807970643409916,0.007319371246044047
Decision Tree,0.101,0.6776050349844015,0.007392564958504505
Decision Tree,0.10200000000000001,0.6744130056278115,0.00746575867096496
Decision Tree,0.10300000000000001,0.6712209762712215,0.007538952383425393
Decision Tree,0.10400000000000001,0.6680289469146313,0.0076121460958858125
Decision Tree,0.105,0.6648369175580413,0.007685339808346271
Decision Tree,0.106,0.6616448882014512,0.007758533520806717
Decision Tree,0.107,0.6584528588448612,0.007831727233267175
Decision Tree,0.108,0.6552608294882711,0.007904920945727593
Decision Tree,0.109,0.652068800131681,0.007978114658188023
Decision Tree,0.11,0.6488767707750908,0.008051308370648476
Decision Tree,0.111,0.6456847414185007,0.00812450208310893
Decision Tree,0.112,0.6424927120619106,0.00819769579556936
Decision Tree,0.113,0.6393006827053206,0.008270889508029788
Decision Tree,0.114,0.6361086533487306,0.00834408322049023
Decision Tree,0.115,0.6329166239921404,0.008417276932950666
Decision Tree,0.116,0.6297245946355503,0.008490470645411098
Decision Tree,0.117,0.6265325652789602,0.008563664357871547
Decision Tree,0.11800000000000001,0.6233405359223702,0.008636858070331982
Decision Tree,0.11900000000000001,0.6201485065657801,0.00871005178279243
Decision Tree,0.12,0.61695647720919,0.008783245495252879
Decision Tree,0.121,0.6137644478525999,0.008856439207713316
Decision Tree,0.122,0.6105724184960097,0.008929632920173763
Decision Tree,0.123,0.6073803891394196,0.009002826632634202
Decision Tree,0.124,0.6041883597828297,0.009076020345094653
Decision Tree,0.125,0.6009963304262396,0.009149214057555066
Decision Tree,0.126,0.5978043010696494,0.009222407770015506
Decision Tree,0.127,0.5946122717130595,0.009295601482475957
Decision Tree,0.128,0.5914202423564693,0.009368795194936394
Decision Tree,0.129,0.5882282129998793,0.009441988907396844
Decision Tree,0.13,0.5850361836432892,0.009515182619857279
Decision Tree,0.131,0.581844154286699,0.009588376332317714
Decision Tree,0.132,0.578652124930109,0.00966157004477815
Decision Tree,0.133,0.5754600955735187,0.009734763757238602
Decision Tree,0.134,0.5722680662169288,0.00980795746969904
Decision Tree,0.135,0.5690760368603388,0.009881151182159492
Decision Tree,0.136,0.5658840075037487,0.009954344894619922
Decision Tree,0.137,0.5626919781471587,0.01002753860708036
Decision Tree,0.138,0.5594999487905684,0.0101007323195408
Decision Tree,0.139,0.5563079194339784,0.010173926032001249
Decision Tree,0.14,0.5531158900773884,0.0102471197444617
Decision Tree,0.14100000000000001,0.5499238607207982,0.010320313456922112
Decision Tree,0.14200000000000002,0.5467318313642081,0.010393507169382577
Decision Tree,0.14300000000000002,0.543539802007618,0.010466700881843021
Decision Tree,0.14400000000000002,0.540347772651028,0.010539894594303463
Decision Tree,0.145,0.537155743294438,0.010613088306763899
Decision Tree,0.146,0.533963713937848,0.010686282019224346
Decision Tree,0.147,0.5307716845812578,0.010759475731684766
Decision Tree,0.148,0.5275796552246678,0.010832669444145198
Decision Tree,0.149,0.5243876258680776,0.010905863156605656
Decision Tree,0.15,0.5211955965114875,0.010979056869066112
Decision Tree,0.151,0.5180035671548974,0.011052250581526523
Decision Tree,0.152,0.5148115377983074,0.011125444293986961
Decision Tree,0.153,0.5116195084417172,0.011198638006447405
Decision Tree,0.154,0.5084274790851271,0.01127183171890785
Decision Tree,0.155,0.5052354497285372,0.011345025431368297
Decision Tree,0.156,0.502043420371947,0.011418219143828727
Decision Tree,0.157,0.49885139101535697,0.011491412856289166
Decision Tree,0.158,0.4956593616587668,0.011564606568749618
Decision Tree,0.159,0.49246733230217676,0.011637800281210062
Decision Tree,0.16,0.4892753029455867,0.011710993993670512
Decision Tree,0.161,0.4860832735889966,0.011784187706130935
Decision Tree,0.162,0.4828912442324064,0.011857381418591377
Decision Tree,0.163,0.47969921487581635,0.01193057513105183
Decision Tree,0.164,0.4765071855192263,0.012003768843512265
Decision Tree,0.165,0.4733151561626362,0.01207696255597271
Decision Tree,0.166,0.47012312680604607,0.012150156268433144
Decision Tree,0.167,0.4669310974494561,0.012223349980893592
Decision Tree,0.168,0.463739068092866,0.012296543693354018
Decision Tree,0.169,0.4605470387362759,0.012369737405814468
Decision Tree,0.17,0.4573550093796858,0.012442931118274905
Decision Tree,0.171,0.45416298002309574,0.012516124830735349
Decision Tree,0.17200000000000001,0.45097095066650567,0.012589318543195793
Decision Tree,0.17300000000000001,0.4477789213099156,0.012662512255656228
Decision Tree,0.17400000000000002,0.4445868919533254,0.01273570596811667
Decision Tree,0.17500000000000002,0.4413948625967353,0.012808899680577116
Decision Tree,0.176,0.4382028332401454,0.01288209339303755
Decision Tree,0.177,0.4350108038835553,0.012955287105497983
Decision Tree,0.178,0.4318187745269652,0.013028480817958429
Decision Tree,0.179,0.42862674517037513,0.01310167453041887
Decision Tree,0.18,0.42543471581378495,0.013174868242879308
Decision Tree,0.181,0.422242686457195,0.013248061955339757
Decision Tree,0.182,0.4190506571006048,0.0133212556678002
Decision Tree,0.183,0.4158586277440148,0.01339444938026064
Decision Tree,0.184,0.4126665983874247,0.013467643092721084
Decision Tree,0.185,0.4094745690308346,0.01354083680518152
Decision Tree,0.186,0.40628253967424455,0.013614030517641961
Decision Tree,0.187,0.4030905103176544,0.013687224230102407
Decision Tree,0.188,0.3998984809610643,0.013760417942562832
Decision Tree,0.189,0.3967064516044742,0.013833611655023276
Decision Tree,0.19,0.3935144222478842,0.013906805367483718
Decision Tree,0.191,0.3903223928912941,0.013979999079944154
Decision Tree,0.192,0.387130363534704,0.0140531927924046
Decision Tree,0.193,0.38393833417811385,0.01412638650486504
Decision Tree,0.194,0.3807463048215237,0.01419958021732548
Decision Tree,0.195,0.3775542754649337,0.01427277392978593
Decision Tree,0.196,0.3743622461083437,0.014345967642246368
Decision Tree,0.197,0.3711702167517536,0.01441916135470681
Decision Tree,0.198,0.36797818739516347,0.014492355067167255
Decision Tree,0.199,0.3647861580385734,0.014565548779627685
Decision Tree,0.2,0.36159412868198326,0.014638742492088132
Decision Tree,0.201,0.35840209932539324,0.014711936204548571
Decision Tree,0.202,0.3552100699688031,0.014785129917009011
Decision Tree,0.203,0.3520180406122131,0.014858323629469448
Decision Tree,0.20400000000000001,0.3488260112556229,0.014931517341929892
Decision Tree,0.20500000000000002,0.3456339818990329,0.015004711054390324
Decision Tree,0.20600000000000002,0.34244195254244275,0.015077904766850775
Decision Tree,0.20700000000000002,0.3392499231858528,0.015151098479311205
Decision Tree,0.20800000000000002,0.3360578938292626,0.015224292191771658
Decision Tree,0.209,0.33286586447267263,0.015297485904232092
Decision Tree,0.21,0.3296738351160825,0.015370679616692529
Decision Tree,0.211,0.3264818057594924,0.015443873329152974
Decision Tree,0.212,0.32328977640290235,0.015517067041613408
Decision Tree,0.213,0.3200977470463123,0.01559026075407385
Decision Tree,0.214,0.3169057176897222,0.015663454466534294
Decision Tree,0.215,0.31371368833313207,0.015736648178994735
Decision Tree,0.216,0.31052165897654194,0.015809841891455175
Decision Tree,0.217,0.3073296296199519,0.015883035603915616
Decision Tree,0.218,0.30413760026336184,0.015956229316376074
Decision Tree,0.219,0.30094557090677176,0.016029423028836497
Decision Tree,0.22,0.2977535415501817,0.01610261674129695
Decision Tree,0.221,0.29456151219359156,0.01617581045375738
Decision Tree,0.222,0.2913694828370015,0.01624900416621783
Decision Tree,0.223,0.2881774534804114,0.01632219787867826
Decision Tree,0.224,0.28498542412382133,0.016395391591138696
Decision Tree,0.225,0.2817933947672312,0.016468585303599143
Decision Tree,0.226,0.2786013654106411,0.016541779016059587
Decision Tree,0.227,0.27540933605405105,0.01661497272852002
Decision Tree,0.228,0.272217306697461,0.016688166440980465
Decision Tree,0.229,0.2690252773408709,0.016761360153440902
Decision Tree,0.23,0.2658332479842808,0.01683455386590135
Decision Tree,0.231,0.2626412186276907,0.016907747578361793
Decision Tree,0.232,0.2594491892711006,0.016980941290822223
Decision Tree,0.233,0.25625715991451053,0.017054135003282667
Decision Tree,0.234,0.25306513055792046,0.0171273287157431
Decision Tree,0.23500000000000001,0.24987310120133038,0.017200522428203555
Decision Tree,0.23600000000000002,0.24668107184474025,0.01727371614066399
Decision Tree,0.23700000000000002,0.24348904248815018,0.017346909853124422
Decision Tree,0.23800000000000002,0.2402970131315601,0.01742010356558487
Decision Tree,0.23900000000000002,0.23710498377497005,0.017493297278045317
Decision Tree,0.24,0.23391295441838006,0.017566490990505758
Decision Tree,0.241,0.23072092506178993,0.01763968470296619
Decision Tree,0.242,0.22752889570519988,0.017712878415426635
Decision Tree,0.243,0.22433686634860983,0.017786072127887083
Decision Tree,0.244,0.2211448369920197,0.017859265840347516
Decision Tree,0.245,0.21795280763542962,0.017932459552807957
Decision Tree,0.246,0.2147607782788395,0.0180056532652684
Decision Tree,0.247,0.21156874892224944,0.018078846977728835
Decision Tree,0.248,0.20837671956565934,0.018152040690189282
Decision Tree,0.249,0.20518469020906926,0.01822523440264972
Decision Tree,0.25,0.2019926608524792,0.01829842811511016
Decision Tree,0.251,0.19880063149588909,0.0183716218275706
Decision Tree,0.252,0.195608602139299,0.018444815540031037
Decision Tree,0.253,0.1924165727827089,0.018518009252491485
Decision Tree,0.254,0.18928878093938412,0.018491608105173092
Decision Tree,0.255,0.1865712283510725,0.017885141424674223
Decision Tree,0.256,0.18403803840446048,0.01709772985163943
Decision Tree,0.257,0.1814497874528371,0.016440365397389443
Decision Tree,0.258,0.1789544704593336,0.015756351476129443
Decision Tree,0.259,0.17720866452675227,0.01456980108220434
Decision Tree,0.26,0.17609882436958976,0.013070465213724588
Decision Tree,0.261,0.17481878460465533,0.011741260608047274
Decision Tree,0.262,0.1736723225866744,0.010394096043415419
Decision Tree,0.263,0.1728877569795336,0.009004699806443668
Decision Tree,0.264,0.17252011070849146,0.007572966536800432
Decision Tree,0.265,0.17207161639212168,0.0061982462269750795
Decision Tree,0.266,0.1716402213904665,0.004826195317893456
Decision Tree,0.267,0.17128821288929882,0.003499920627698131
Decision Tree,0.268,0.17094229227738933,0.002325425252128886
Decision Tree,0.269,0.17106705525942206,0.0021402236410248783
Decision Tree,0.27,0.17129629653283762,0.002181918475032924
Decision Tree,0.271,0.17135191616961257,0.001984999466215818
Decision Tree,0.272,0.17160587671230812,0.0019903383007746104
Decision Tree,0.273,0.17185934652752446,0.0020108806866699185
Decision Tree,0.274,0.17209756125243553,0.0020304060977704933
Decision Tree,0.275,0.172360069720527,0.0020155624505901653
Decision Tree,0.276,0.1726692566551534,0.002000266858107811
Decision Tree,0.277,0.17298017157749035,0.0019912418576347297
Decision Tree,0.278,0.17328993045997915,0.001990554792103869
Decision Tree,0.279,0.17358493289965177,0.0019615428027840924
Decision Tree,0.28,0.17388682828815494,0.0019166906384329053
Decision Tree,0.281,0.17417800349582907,0.0018532091577425378
Decision Tree,0.28200000000000003,0.17446546180496725,0.0017903620415381661
Decision Tree,0.28300000000000003,0.17474631542280764,0.001734072287173908
Decision Tree,0.28400000000000003,0.17502320673252864,0.001680352584047322
Decision Tree,0.28500000000000003,0.1752864060653925,0.0017550875259192684
Decision Tree,0.28600000000000003,0.17548452559156563,0.0019811852093111946
Decision Tree,0.28700000000000003,0.17566292499321698,0.0022404823928704265
Decision Tree,0.28800000000000003,0.17585108250761347,0.0024806263534699466
Decision Tree,0.289,0.17604892546339407,0.002611607570354035
Decision Tree,0.29,0.17611016363797954,0.002686254184029082
Decision Tree,0.291,0.17609971252588974,0.0027658216238223635
Decision Tree,0.292,0.1760892614137999,0.0028904419592419026
Decision Tree,0.293,0.17619218818479787,0.0029481092595979833
Decision Tree,0.294,0.17631304178553742,0.002943175341410268
Decision Tree,0.295,0.17637916844792895,0.002895801198836651
Decision Tree,0.296,0.1764533243793575,0.0028612097396301726
Decision Tree,0.297,0.17658670195714793,0.0028339692397255072
Decision Tree,0.298,0.17679209907779084,0.002843224570787187
Decision Tree,0.299,0.17697541241580467,0.002807954762843661
Decision Tree,0.3,0.177038755192943,0.00256177013652456
Decision Tree,0.301,0.1771167940153769,0.0023366699430080315
Decision Tree,0.302,0.17720144340391242,0.002138948744819158
Decision Tree,0.303,0.17738095881224925,0.002092035139290799
Decision Tree,0.304,0.1775835994649561,0.0020853805429352818
Decision Tree,0.305,0.17776606997240949,0.0020984941928404314
Decision Tree,0.306,0.17793509187853068,0.002112205702721947
Decision Tree,0.307,0.17810411378465185,0.0021277892185065945
Decision Tree,0.308,0.17827313569077297,0.002145203943854844
Decision Tree,0.309,0.1783477921744501,0.0023210645347889686
Decision Tree,0.31,0.17830165057124742,0.0026426466195143537
Decision Tree,0.311,0.17828019346253102,0.0030088385890251206
Decision Tree,0.312,0.17825873635381462,0.0033854958156360887
Decision Tree,0.313,0.17812399458316364,0.0037919285847258784
Decision Tree,0.314,0.1777941838371005,0.004121446228879843
Decision Tree,0.315,0.17742651495477998,0.0043672260487139765
Decision Tree,0.316,0.17711768986615886,0.004532239411546518
Decision Tree,0.317,0.17679260148513404,0.004690414315304636
Decision Tree,0.318,0.1763528674038648,0.00480406634621804
Decision Tree,0.319,0.1758993184722088,0.0049042275696154665
Decision Tree,0.32,0.17556539237258567,0.004958349413504161
Decision Tree,0.321,0.1753259056112035,0.005020226265147536
Decision Tree,0.322,0.17504467620803799,0.005121209450260276
Decision Tree,0.323,0.1746671061149397,0.005119430079276625
Decision Tree,0.324,0.17422017684389385,0.004902251912882377
Decision Tree,0.325,0.17387242498117975,0.004655878943590621
Decision Tree,0.326,0.17352612226689343,0.00440053364453166
Decision Tree,0.327,0.17315280059168245,0.0041398237059922845
Decision Tree,0.328,0.17280812590101108,0.003886410410791398
Decision Tree,0.329,0.17259582219644004,0.003658351668982871
Decision Tree,0.33,0.1725006942451957,0.0035537702350602485
Decision Tree,0.331,0.17241344996702862,0.003468158429778935
Decision Tree,0.332,0.1723153228383305,0.0033641746990751022
Decision Tree,0.333,0.17222277685822335,0.003204588499297337
Decision Tree,0.334,0.17216142308226876,0.0030611497942370203
Decision Tree,0.335,0.17210006930631414,0.0029209778104411313
Decision Tree,0.336,0.1720387155303596,0.0027845659210773035
Decision Tree,0.337,0.17197736175440498,0.0026524943095064734
Decision Tree,0.338,0.17192729960676578,0.002542404022719406
Decision Tree,0.339,0.17194705277078398,0.0025395618693462674
Decision Tree,0.34,0.17196680593480218,0.0025367572069136166
Decision Tree,0.341,0.1719865590988204,0.0025339901599082467
Decision Tree,0.342,0.1720044825589683,0.002534591067982076
Decision Tree,0.343,0.17201956730660828,0.0025392023068385563
Decision Tree,0.34400000000000003,0.17203439229846154,0.0025442179386520993
Decision Tree,0.34500000000000003,0.1720492172903148,0.0025493083418802313
Decision Tree,0.34600000000000003,0.17206592615592603,0.002544702100878819
Decision Tree,0.34700000000000003,0.1720887241525597,0.002519467737707157
Decision Tree,0.34800000000000003,0.17211378053823606,0.002488943632912019
Decision Tree,0.34900000000000003,0.17213883692391235,0.0024592561465913098
Decision Tree,0.35000000000000003,0.17216782198892375,0.002430188949340622
Decision Tree,0.35100000000000003,0.17221361976164112,0.0024042112179781887
Decision Tree,0.352,0.17226720067451856,0.0023835656401055565
Decision Tree,0.353,0.172320781587396,0.00236422511737184
Decision Tree,0.354,0.17238646033022,0.0023244741015785047
Decision Tree,0.355,0.1724641228201416,0.0022771622771079365
Decision Tree,0.356,0.1725362373167017,0.0022339620394484644
Decision Tree,0.357,0.17260261175172567,0.0021833511130473267
Decision Tree,0.358,0.17268691435946676,0.0021231743226945597
Decision Tree,0.359,0.17279486579378983,0.0020557784797547627
Decision Tree,0.36,0.17289825338491155,0.001983306198674
Decision Tree,0.361,0.17302612183467317,0.0019489294764484613
Decision Tree,0.362,0.17315955910133746,0.0019165341008229814
Decision Tree,0.363,0.17331040262332648,0.0018916706211377595
Decision Tree,0.364,0.17346852950589797,0.0018721539722231194
Decision Tree,0.365,0.17361106135046755,0.001829894504563342
Decision Tree,0.366,0.17360036955994204,0.002075489052080417
Decision Tree,0.367,0.17362049809706995,0.0021932689071605385
Decision Tree,0.368,0.17376068720860374,0.002189195428516543
Decision Tree,0.369,0.1739173586855295,0.0022053421895212593
Decision Tree,0.37,0.17384544465915372,0.0023239103247706403
Decision Tree,0.371,0.1736872610673926,0.0023319183637023236
Decision Tree,0.372,0.1738221239497021,0.0023531410710284453
Decision Tree,0.373,0.17395698683201166,0.002374485726110251
Decision Tree,0.374,0.17401491640643468,0.0023594705722153283
Decision Tree,0.375,0.17398626410963863,0.0022683017633367214
Decision Tree,0.376,0.17407926187663836,0.0022527432193407177
Decision Tree,0.377,0.1742100368406098,0.0022537952149410336
Decision Tree,0.378,0.17434108683598842,0.0022548175539449343
Decision Tree,0.379,0.1744562489152864,0.0022825959203535795
Decision Tree,0.38,0.17435599778083666,0.0021040275663660518
Decision Tree,0.381,0.1743478509130076,0.0020164091170159497
Decision Tree,0.382,0.17449022408507925,0.0019860074127554988
Decision Tree,0.383,0.1745795435605369,0.002041984343320848
Decision Tree,0.384,0.17453843664991486,0.0021730304800040654
Decision Tree,0.385,0.17448637023153585,0.0022808629840151743
Decision Tree,0.386,0.174560436675772,0.0023512722274925874
Decision Tree,0.387,0.17463622172234122,0.0024077058552155785
Decision Tree,0.388,0.17457869778969526,0.0024403065726111544
Decision Tree,0.389,0.17447861832730738,0.0024439935814096346
Decision Tree,0.39,0.17445446968332484,0.002482039921358632
Decision Tree,0.391,0.1745027089743058,0.002530921850027804
Decision Tree,0.392,0.17452562446845205,0.0025442317558550024
Decision Tree,0.393,0.1745336486328291,0.0025498770860707437
Decision Tree,0.394,0.17446314131865565,0.0024301973450059616
Decision Tree,0.395,0.17444360351032465,0.0023567484563657977
Decision Tree,0.396,0.17451370764884017,0.0024102389005928736
Decision Tree,0.397,0.17453432684990283,0.002384355127581104
Decision Tree,0.398,0.17451690357652724,0.002298460886427419
Decision Tree,0.399,0.1744994803031517,0.0022148013546040915
Decision Tree,0.4,0.17448773878726337,0.0021517240754859454
Decision Tree,0.401,0.1744981500619198,0.0021857326452838044
Decision Tree,0.402,0.17449664386870756,0.002235598619484472
Decision Tree,0.403,0.1745050491801146,0.002267619003636984
Decision Tree,0.404,0.1745319071971218,0.0022720047379989595
Decision Tree,0.405,0.17452691063160225,0.0022865694872417916
Decision Tree,0.406,0.17448626034338596,0.002302400787613126
Decision Tree,0.40700000000000003,0.17445792256905374,0.002314418662710758
Decision Tree,0.40800000000000003,0.1744672045192616,0.0023160330538461956
Decision Tree,0.40900000000000003,0.1744797934503237,0.0023121297827156154
Decision Tree,0.41000000000000003,0.17447170573919524,0.0022937425268395296
Decision Tree,0.41100000000000003,0.17446279499648173,0.002275272930266038
Decision Tree,0.41200000000000003,0.1744728418151209,0.0022654554500879617
Decision Tree,0.41300000000000003,0.1744947483247305,0.002264763010180435
Decision Tree,0.41400000000000003,0.17451665483434012,0.0022640782275880227
Decision Tree,0.41500000000000004,0.17451190811852274,0.0022219070380400737
Decision Tree,0.41600000000000004,0.17449772554818638,0.00216594060345972
Decision Tree,0.417,0.17448589382251067,0.002127902601426867
Decision Tree,0.418,0.1744757109344616,0.002172285297828921
Decision Tree,0.419,0.17444971500521508,0.002238050160617082
Decision Tree,0.42,0.1744237190759686,0.002305595831344115
Decision Tree,0.421,0.1743977231467221,0.002374770360136596
Decision Tree,0.422,0.17431950367807875,0.002463619782497524
Decision Tree,0.423,0.17419358494182138,0.0025509782744527663
Decision Tree,0.424,0.17406766620556396,0.002641049044804845
Decision Tree,0.425,0.1739417474693066,0.0027335639984673644
Decision Tree,0.426,0.17379775786943452,0.0028186735250349
Decision Tree,0.427,0.17362513708065178,0.002882005701318091
Decision Tree,0.428,0.17344892711027937,0.0029441367480880424
Decision Tree,0.429,0.173272717139907,0.00300834868945382
Decision Tree,0.43,0.17309650716953465,0.0030745111481531736
Decision Tree,0.431,0.17292029719916224,0.003142500927570477
Decision Tree,0.432,0.17270676774360577,0.0031511434912136565
Decision Tree,0.433,0.17248149264650703,0.0031408116780328073
Decision Tree,0.434,0.17225621754940826,0.0031305296226593515
Decision Tree,0.435,0.17203094245230946,0.003120297816981497
Decision Tree,0.436,0.17180566735521066,0.003110116756940586
Decision Tree,0.437,0.1715803922581119,0.0030999869425172096
Decision Tree,0.438,0.17135511716101312,0.0030899088777151854
Decision Tree,0.439,0.17112984206391438,0.003079883070543486
Decision Tree,0.44,0.1709045669668156,0.003069910032995918
Decision Tree,0.441,0.17067929186971678,0.0030599902810285206
Decision Tree,0.442,0.170454016772618,0.00305012433453464
Decision Tree,0.443,0.1702287416755192,0.003040312717317603
Decision Tree,0.444,0.17000346657842047,0.003030555957060886
Decision Tree,0.445,0.1697781914813217,0.003020854585295812
Decision Tree,0.446,0.16955291638422287,0.003011209137366511
Decision Tree,0.447,0.16932764128712413,0.00300162015239233
Decision Tree,0.448,0.16910236619002536,0.002992088173227408
Decision Tree,0.449,0.16887709109292656,0.0029826137464174346
Decision Tree,0.45,0.16867382290275698,0.002944530916204873
Decision Tree,0.451,0.16848910961448552,0.002882217391049953
Decision Tree,0.452,0.16831339279414134,0.002813083873560955
Decision Tree,0.453,0.16817667242392823,0.002719927951427394
Decision Tree,0.454,0.16807655022432594,0.0026175057314919642
Decision Tree,0.455,0.16797708010314402,0.0025238383010925047
Decision Tree,0.456,0.16787244032301304,0.002443540938805187
Decision Tree,0.457,0.1677858435113368,0.002367858642629849
Decision Tree,0.458,0.16769711049927377,0.0023076066319919217
Decision Tree,0.459,0.16760752184237354,0.0022593945281061956
Decision Tree,0.46,0.16751469899364524,0.0022127024822076336
Decision Tree,0.461,0.16741266180893116,0.0021796930792714864
Decision Tree,0.462,0.16727976444625092,0.002181890051857897
Decision Tree,0.463,0.16715153581802394,0.002217057360673339
Decision Tree,0.464,0.16700265269369247,0.0023321229134564943
Decision Tree,0.465,0.16680844304419054,0.002467994915480547
Decision Tree,0.466,0.16667977813454804,0.00249449942692823
Decision Tree,0.467,0.16656407781504762,0.0025034079928381026
Decision Tree,0.468,0.16646844122863852,0.0024632158370705673
Decision Tree,0.46900000000000003,0.16642347910360897,0.002379576739339898
Decision Tree,0.47000000000000003,0.1664148602296544,0.0022828957679373535
Decision Tree,0.47100000000000003,0.1663847926277477,0.0021961671155694405
Decision Tree,0.47200000000000003,0.16633303311769318,0.0021218739728287965
Decision Tree,0.47300000000000003,0.16631984645104964,0.002059196701790707
Decision Tree,0.47400000000000003,0.1663379229297764,0.001996747144220183
Decision Tree,0.47500000000000003,0.1663326125649486,0.0018991133766962552
Decision Tree,0.47600000000000003,0.1663220257949578,0.001806496702109966
Decision Tree,0.47700000000000004,0.1662892920442703,0.0017217567893449979
Decision Tree,0.47800000000000004,0.1662208480261095,0.0016282593219122034
Decision Tree,0.47900000000000004,0.16619410455400624,0.0016242487267014202
Decision Tree,0.48,0.16615868659900515,0.0017394880181291657
Decision Tree,0.481,0.16605410401441548,0.0019386658783578342
Decision Tree,0.482,0.1659350019143224,0.0021179230972322525
Decision Tree,0.483,0.16579648215110637,0.0022409610461970996
Decision Tree,0.484,0.1655727095454102,0.0023102944450102544
Decision Tree,0.485,0.16546621825463473,0.002376164403201598
Decision Tree,0.486,0.16535972696385923,0.002442667328551646
Decision Tree,0.487,0.16520545225800728,0.002487412443783198
Decision Tree,0.488,0.1650108922443056,0.0024959749015057075
Decision Tree,0.489,0.16488002062030938,0.002551178300629447
Decision Tree,0.49,0.16474411138199857,0.002591687462132415
Decision Tree,0.491,0.16460088433492942,0.0026103718134741355
Decision Tree,0.492,0.1644659349652125,0.0026190850763570224
Decision Tree,0.493,0.16428646942915662,0.0025420260048439015
Decision Tree,0.494,0.16407893997360448,0.0023681075414376867
Decision Tree,0.495,0.1639586452646255,0.0023199252473094767
Decision Tree,0.496,0.16384634069317355,0.00227691882144517
Decision Tree,0.497,0.163727115227504,0.0022433522312925833
Decision Tree,0.498,0.16358806486124158,0.0022465508166040903
Decision Tree,0.499,0.16345367709289454,0.0022589592664355768
Decision Tree,0.5,0.1633315118829412,0.0022407496230412304
Decision Tree,0.501,0.16320069517554772,0.002184684513640052
Decision Tree,0.502,0.1631211948503932,0.002114908015436878
Decision Tree,0.503,0.16309083382202463,0.0020387111312272495
Decision Tree,0.504,0.1630500750525713,0.001964851345445048
Decision Tree,0.505,0.16298945578720064,0.0018937473507693093
Decision Tree,0.506,0.16295722877685606,0.001831965633462608
Decision Tree,0.507,0.16295839901960146,0.0017891544605064596
Decision Tree,0.508,0.16296658714716214,0.0017457133663806492
Decision Tree,0.509,0.16298392675110554,0.0016962765370046333
Decision Tree,0.51,0.1629910397655822,0.0016172241462079219
Decision Tree,0.511,0.1629888446441759,0.0014707458033315854
Decision Tree,0.512,0.16302518974489147,0.001361496461023995
Decision Tree,0.513,0.1631097354154547,0.0013148116054875702
Decision Tree,0.514,0.163194281086018,0.001269068774401392
Decision Tree,0.515,0.16327882675658123,0.0012243735549612338
Decision Tree,0.516,0.16337960678049618,0.0011859846901603093
Decision Tree,0.517,0.1634818884109575,0.0011564741953332242
Decision Tree,0.518,0.16340222617279307,0.001467950159866771
Decision Tree,0.519,0.1633752040425279,0.001668490044353958
Decision Tree,0.52,0.16306921890099516,0.002070933996729249
Decision Tree,0.521,0.16285331840093176,0.0023692462519370808
Decision Tree,0.522,0.1623555512108704,0.0025177540017609474
Decision Tree,0.523,0.1622767601266408,0.0026158465122655783
Decision Tree,0.524,0.16213126938832248,0.002735774979649011
Decision Tree,0.525,0.1619760539762221,0.0026608994005318572
Decision Tree,0.526,0.1617313382976234,0.002592384233725737
Decision Tree,0.527,0.16154144326831202,0.0026171959511517543
Decision Tree,0.528,0.1614547298094544,0.0027136548386597157
Decision Tree,0.529,0.16135547962893723,0.0028494701352644782
Decision Tree,0.53,0.16127008535351273,0.0029674194220531626
Decision Tree,0.531,0.16095822323632877,0.002728410088168496
Decision Tree,0.532,0.16062751457291713,0.002441373904358216
Decision Tree,0.533,0.16033086693743934,0.0022072385895747257
Decision Tree,0.534,0.1601281050148639,0.0021766383262096798
Decision Tree,0.535,0.15999234249743527,0.002196748366063266
Decision Tree,0.536,0.15985153140068098,0.0022162271319079627
Decision Tree,0.537,0.15970119234784633,0.00223531409645416
Decision Tree,0.538,0.159563762952802,0.0022616125055029096
Decision Tree,0.539,0.15943332910530372,0.0022914210076137777
Decision Tree,0.54,0.15925281360658233,0.002234181734444528
Decision Tree,0.541,0.1591007078268946,0.0022263255803308245
Decision Tree,0.542,0.15894091146579212,0.0022052096862431193
Decision Tree,0.543,0.15876977311277124,0.0021646951851802924
Decision Tree,0.544,0.1586120995913134,0.002147320221038315
Decision Tree,0.545,0.15846002562721226,0.002139515287146996
Decision Tree,0.546,0.15830795166311115,0.002131731946667298
Decision Tree,0.547,0.15815587769901004,0.002123970436987962
Decision Tree,0.548,0.15800380373490897,0.0021162309983095754
Decision Tree,0.549,0.15785172977080786,0.0021085138736713404
Decision Tree,0.55,0.15769965580670675,0.002100819308977632
Decision Tree,0.551,0.15754758184260564,0.002093147553024543
Decision Tree,0.552,0.15739550787850448,0.0020854988575260865
Decision Tree,0.553,0.15724343391440343,0.0020778734771403325
Decision Tree,0.554,0.15709135995030235,0.0020702716694952134
Decision Tree,0.555,0.1569392859862012,0.0020626936952141887
Decision Tree,0.556,0.15678721202210008,0.0020551398179415596
Decision Tree,0.557,0.15663513805799895,0.002047610304367493
Decision Tree,0.558,0.1564830640938979,0.0020401054242527978
Decision Tree,0.559,0.1563309901297968,0.0020326254504531914
Decision Tree,0.56,0.15617891616569568,0.0020251706589433423
Decision Tree,0.561,0.15602684220159455,0.0020177413288403937
Decision Tree,0.562,0.1558747682374935,0.002010337742427088
Decision Tree,0.5630000000000001,0.15572269427339236,0.002002960185174348
Decision Tree,0.5640000000000001,0.15557062030929128,0.001995608945763453
Decision Tree,0.5650000000000001,0.15541854634519012,0.0019882843161075324
Decision Tree,0.5660000000000001,0.155266472381089,0.001980986591372568
Decision Tree,0.5670000000000001,0.15511439841698796,0.0019737160699977207
Decision Tree,0.5680000000000001,0.15496232445288682,0.0019664730537149993
Decision Tree,0.5690000000000001,0.15481025048878572,0.0019592578475682463
Decision Tree,0.5700000000000001,0.1546581765246846,0.0019520707599313429
Decision Tree,0.5710000000000001,0.1545061025605835,0.0019449121025256547
Decision Tree,0.5720000000000001,0.1543540285964824,0.0019377821904365813
Decision Tree,0.5730000000000001,0.15420195463238132,0.0019306813421293093
Decision Tree,0.5740000000000001,0.1540498806682802,0.0019236098794635887
Decision Tree,0.5750000000000001,0.15389780670417907,0.0019165681277074971
Decision Tree,0.5760000000000001,0.15374573274007797,0.0019095564155502606
Decision Tree,0.577,0.15359365877597692,0.001902575075113909
Decision Tree,0.578,0.15344158481187578,0.0018956244419638777
Decision Tree,0.579,0.15328951084777467,0.0018887048551183496
Decision Tree,0.58,0.15313743688367357,0.0018818166570564298
Decision Tree,0.581,0.15298536291957246,0.0018749601937249356
Decision Tree,0.582,0.15283328895547138,0.0018681358145439303
Decision Tree,0.583,0.15268121499137025,0.001861343872410737
Decision Tree,0.584,0.15252914102726914,0.001854584723702557
Decision Tree,0.585,0.15237706706316806,0.001847858728277518
Decision Tree,0.586,0.15222499309906695,0.0018411662494740965
Decision Tree,0.587,0.15207291913496582,0.0018345076541089408
Decision Tree,0.588,0.1519208451708647,0.0018278833124728345
Decision Tree,0.589,0.1517687712067636,0.0018212935983250146
Decision Tree,0.59,0.15163600106446984,0.0017836794193595222
Decision Tree,0.591,0.15150981356487436,0.0017384660465489816
Decision Tree,0.592,0.15140140684301973,0.0016730308064457473
Decision Tree,0.593,0.15131371140808275,0.0015999989501382947
Decision Tree,0.594,0.15127598730003974,0.0015052171099292487
Decision Tree,0.595,0.1512544965503343,0.0014049277270800355
Decision Tree,0.596,0.15123632581999114,0.0013083627896757941
Decision Tree,0.597,0.1512546549064055,0.001229463651285039
Decision Tree,0.598,0.15125713319164352,0.0011796128121825413
Decision Tree,0.599,0.15124876631100972,0.001150539515497631
Decision Tree,0.6,0.15123070503773167,0.001143189883568314
Decision Tree,0.601,0.1511615602534958,0.0011889810071764055
Decision Tree,0.602,0.15104859234833745,0.0012657769628017911
Decision Tree,0.603,0.15096201716475796,0.0014077851066580686
Decision Tree,0.604,0.1508404547560198,0.0015344541236377344
Decision Tree,0.605,0.15064465827555898,0.001647387782247734
Decision Tree,0.606,0.15044448475114755,0.0017613531929842317
Decision Tree,0.607,0.15026246603063392,0.0018731987302534282
Decision Tree,0.608,0.15004693202762467,0.001955070332542748
Decision Tree,0.609,0.14984341886417388,0.002046374576635746
Decision Tree,0.61,0.1496430439426165,0.0020959184953115674
Decision Tree,0.611,0.14944044922059682,0.0020975748955500352
Decision Tree,0.612,0.1492586386099261,0.0020820801719571725
Decision Tree,0.613,0.14908098638663458,0.0020544295159536734
Decision Tree,0.614,0.14891056713622614,0.0019210015568484817
Decision Tree,0.615,0.14878060908802584,0.0017828099680909462
Decision Tree,0.616,0.1486590847654902,0.0016622845528507877
Decision Tree,0.617,0.14857891419022487,0.0015639025991683192
Decision Tree,0.618,0.14851636651936537,0.001475556916389222
Decision Tree,0.619,0.1484538188485059,0.0013889785862382642
Decision Tree,0.62,0.1483882852989403,0.001309061555968407
Decision Tree,0.621,0.14831235294872402,0.0012478005646805457
Decision Tree,0.622,0.14823212115380668,0.0011974741836121466
Decision Tree,0.623,0.14814483302146453,0.0012639991634857968
Decision Tree,0.624,0.14800355904274937,0.0014250840032622497
Decision Tree,0.625,0.1478402233515465,0.0015998158146919585
Decision Tree,0.626,0.14759555818862166,0.0017686696403458524
Decision Tree,0.627,0.1473326051928311,0.0018733279373119532
Decision Tree,0.628,0.14708287210475518,0.0019661047817421677
Decision Tree,0.629,0.1468625087177338,0.0020167428186029907
Decision Tree,0.63,0.1466860146762207,0.001989950996018027
Decision Tree,0.631,0.14651296356434648,0.001973146267052325
Decision Tree,0.632,0.14635106619699323,0.0019599407738640027
Decision Tree,0.633,0.1462286136324864,0.001947529733434448
Decision Tree,0.634,0.14612263191529876,0.0019444749649221926
Decision Tree,0.635,0.14594383924242055,0.0018144272584107377
Decision Tree,0.636,0.14575744838366173,0.0016695910789474185
Decision Tree,0.637,0.14556795744352663,0.0015327972925674473
Decision Tree,0.638,0.1454132292105486,0.001462775619214492
Decision Tree,0.639,0.14529978966051277,0.0014588989900220937
Decision Tree,0.64,0.14518508561530746,0.0014542537414229241
Decision Tree,0.641,0.1450691107997197,0.0014490270024591586
Decision Tree,0.642,0.1449600610891769,0.0014516897398083996
Decision Tree,0.643,0.1448515885584719,0.0014548382181437745
Decision Tree,0.644,0.14474311602776688,0.0014580190244936203
Decision Tree,0.645,0.1446291225544945,0.0014698744993763637
Decision Tree,0.646,0.14449933528692965,0.0014946767554208573
Decision Tree,0.647,0.1443641676334162,0.0015233805790582108
Decision Tree,0.648,0.14420390731058963,0.0015639622022284648
Decision Tree,0.649,0.1440245729768556,0.0016110472912329373
Decision Tree,0.65,0.14384523864312157,0.0016592146401653107
Decision Tree,0.651,0.14366590430938753,0.0017083727089394515
Decision Tree,0.652,0.14346592781619155,0.001739239330758296
Decision Tree,0.653,0.1432965371769952,0.001723231349822992
Decision Tree,0.654,0.14313413081329457,0.0017063831033967284
Decision Tree,0.655,0.1430271200852997,0.0016522224953714408
Decision Tree,0.656,0.1429623759015129,0.0015695240138123637
Decision Tree,0.657,0.14288766958065827,0.0014444429048293423
Decision Tree,0.658,0.142837603871085,0.0013095668106091823
Decision Tree,0.659,0.14271939273697593,0.0013157941351144588
Decision Tree,0.66,0.14269464908569313,0.001194365881556915
Decision Tree,0.661,0.14255177346538922,0.0011159996474630737
Decision Tree,0.662,0.1425221332553412,0.0010171245596789476
Decision Tree,0.663,0.14256329127819173,0.0009002225278265537
Decision Tree,0.664,0.1426264266665848,0.000847874572215765
Decision Tree,0.665,0.14259229937312115,0.0008058510506546709
Decision Tree,0.666,0.14259836825789882,0.0008274832189597144
Decision Tree,0.667,0.14260984000235083,0.0009042463453852338
Decision Tree,0.668,0.14259684898033523,0.0009868074969542476
Decision Tree,0.669,0.14257343611085516,0.001058046159980996
Decision Tree,0.67,0.1424398035933109,0.0009911187952213268
Decision Tree,0.671,0.14240089575774637,0.0010540422627590446
Decision Tree,0.672,0.14234857273196483,0.0011078118108054865
Decision Tree,0.673,0.14229624970618332,0.0011659005570673548
Decision Tree,0.674,0.142235134869509,0.0012408473043147984
Decision Tree,0.675,0.14216582457427818,0.0013131020958642736
Decision Tree,0.676,0.14204978005265703,0.0013325223766893085
Decision Tree,0.677,0.14192508592468245,0.001355808011571473
Decision Tree,0.678,0.14180039179670784,0.001379320356057869
Decision Tree,0.679,0.1416756976687333,0.001403048012564188
Decision Tree,0.68,0.1415447194182304,0.0014223801270109545
Decision Tree,0.681,0.1414092105436514,0.0014387060902406343
Decision Tree,0.682,0.1412490553449699,0.0014948309029424053
Decision Tree,0.683,0.14100296424482514,0.0016904775874577423
Decision Tree,0.684,0.14072822601817242,0.0018711346277523171
Decision Tree,0.685,0.14051583981533017,0.0019060244200615668
Decision Tree,0.686,0.14025050542605058,0.0019321068760247701
Decision Tree,0.687,0.14005242592536132,0.0018704205130579965
Decision Tree,0.6880000000000001,0.1399197374802657,0.0017955898988716845
Decision Tree,0.6890000000000001,0.13978997604072202,0.0017579212560771705
Decision Tree,0.6900000000000001,0.13961733092810094,0.0017222605510081035
Decision Tree,0.6910000000000001,0.13939532666556093,0.001746679276754142
Decision Tree,0.6920000000000001,0.13922545574469783,0.0018239261406424961
Decision Tree,0.6930000000000001,0.13903879228686472,0.0018885605898379737
Decision Tree,0.6940000000000001,0.13880681419709553,0.0018118218742756986
Decision Tree,0.6950000000000001,0.1384858304722582,0.001590078197226239
Decision Tree,0.6960000000000001,0.13830490162899872,0.0015291774255300618
Decision Tree,0.6970000000000001,0.13819436322660866,0.001524433522456288
Decision Tree,0.6980000000000001,0.13808118100273553,0.0015560851721875978
Decision Tree,0.6990000000000001,0.13795536724320606,0.0016178315072665535
Decision Tree,0.7000000000000001,0.13779154607897431,0.0016434649185811303
Decision Tree,0.7010000000000001,0.13758587361172697,0.0016375391823194368
Decision Tree,0.7020000000000001,0.13736431040859978,0.0016398384693777867
Decision Tree,0.7030000000000001,0.13713915443556243,0.0016466701218133463
Decision Tree,0.704,0.1369125679005436,0.0016592282617618485
Decision Tree,0.705,0.13668898613793007,0.0016922198492477383
Decision Tree,0.706,0.13647519854524398,0.0017474447908790462
Decision Tree,0.707,0.1362614109525579,0.0018043749832449486
Decision Tree,0.708,0.1360476233598718,0.0018628540917521388
Decision Tree,0.709,0.1358275802413533,0.0019125142302805131
Decision Tree,0.71,0.1355773124039617,0.001913319844871389
Decision Tree,0.711,0.13532704456657002,0.0019141374614644012
Decision Tree,0.712,0.13507677672917842,0.0019149670646863874
Decision Tree,0.713,0.13482650889178677,0.0019158086389656154
Decision Tree,0.714,0.13457624105439508,0.0019166621685332236
Decision Tree,0.715,0.13432597321700343,0.0019175276374246027
Decision Tree,0.716,0.13406282759757582,0.0019374822929305703
Decision Tree,0.717,0.13376104186439988,0.0020142705279926954
Decision Tree,0.718,0.1334436870613062,0.0021158682424067695
Decision Tree,0.719,0.13306971418025046,0.0022528973660812545
Decision Tree,0.72,0.13270776367902692,0.002307853623624574
Decision Tree,0.721,0.13236428719374224,0.002309955990331174
Decision Tree,0.722,0.13206939758023623,0.0022917370587580877
Decision Tree,0.723,0.13184921967487215,0.0022043306687255303
Decision Tree,0.724,0.13164932280364652,0.0020739398286058514
Decision Tree,0.725,0.13144887955245066,0.0019522891266812621
Decision Tree,0.726,0.13125850070268757,0.0018508712923674812
Decision Tree,0.727,0.13112352637665897,0.0017768248157392487
Decision Tree,0.728,0.13100375252056023,0.001683975684980685
Decision Tree,0.729,0.13084340055731825,0.001518738654513293
Decision Tree,0.73,0.13067217440154533,0.0013368479574041253
Decision Tree,0.731,0.13049560935844318,0.0011816528383320607
Decision Tree,0.732,0.13031448889179936,0.0012318527391858365
Decision Tree,0.733,0.13013644409530536,0.00142621641224399
Decision Tree,0.734,0.1298993019052666,0.0016533713142596242
Decision Tree,0.735,0.12957413876755855,0.0019029328512648485
Decision Tree,0.736,0.12922209127893905,0.0020697987717537398
Decision Tree,0.737,0.12890927785201572,0.002170341083694227
Decision Tree,0.738,0.12860953676740441,0.0022598644002844895
Decision Tree,0.739,0.1283280217599026,0.0022528809194869337
Decision Tree,0.74,0.12806020364413434,0.002226956365546563
Decision Tree,0.741,0.12780887960492865,0.002215776164017919
Decision Tree,0.742,0.12754539620633262,0.0022328544312192108
Decision Tree,0.743,0.12731353791222172,0.002258449641648269
Decision Tree,0.744,0.1270525141386091,0.0021833484117478198
Decision Tree,0.745,0.12675915230396206,0.0020439386024672184
Decision Tree,0.746,0.12646030852739434,0.0019075463147454294
Decision Tree,0.747,0.12615050830747604,0.0017705357181228027
Decision Tree,0.748,0.12589359699777353,0.0017141861080146638
Decision Tree,0.749,0.1256825331846047,0.001732087211872182
Decision Tree,0.75,0.1254802224051763,0.0017382036123101392
Decision Tree,0.751,0.12527688722527347,0.001730853293860096
Decision Tree,0.752,0.12508513617773184,0.0016818370156628656
Decision Tree,0.753,0.12492276459488869,0.0016034861311970874
Decision Tree,0.754,0.12477943035681849,0.001521887640356261
Decision Tree,0.755,0.12466666366768034,0.0014208659591531665
Decision Tree,0.756,0.1244922654295417,0.0014331451770533833
Decision Tree,0.757,0.12414083678301195,0.0017834392146010168
Decision Tree,0.758,0.12373063962239254,0.002309878305739249
Decision Tree,0.759,0.12299848442184472,0.0026114409454394707
Decision Tree,0.76,0.12223972860234467,0.0028174774095062103
Decision Tree,0.761,0.12165478760281172,0.0030751557431241356
Decision Tree,0.762,0.12142584813715254,0.0031655519223851626
Decision Tree,0.763,0.12103592518331978,0.002986019182219469
Decision Tree,0.764,0.12055306769706162,0.0028114732674629794
Decision Tree,0.765,0.12012247200479005,0.002821244252657358
Decision Tree,0.766,0.11994266892378018,0.0029096486226760756
Decision Tree,0.767,0.11970204186511184,0.00284680247032544
Decision Tree,0.768,0.119364139527427,0.0026632560119942686
Decision Tree,0.769,0.11893690586188813,0.0021913173642895073
Decision Tree,0.77,0.11862847918931181,0.0017550989360487236
Decision Tree,0.771,0.11836341883128827,0.0014388825694059005
Decision Tree,0.772,0.11820469080675391,0.001376167164432465
Decision Tree,0.773,0.11806515989973436,0.0013237110964352244
Decision Tree,0.774,0.11794450292643317,0.0012798960398413147
Decision Tree,0.775,0.11782384595313196,0.0012366297548786396
Decision Tree,0.776,0.11769643217882145,0.0011844019315583086
Decision Tree,0.777,0.11757173688353698,0.0011360016044384288
Decision Tree,0.778,0.11745564185244177,0.0010970486028266942
Decision Tree,0.779,0.1173500731726775,0.001079568907522803
Decision Tree,0.78,0.1172527093226516,0.0010777603486370544
Decision Tree,0.781,0.11700679145585495,0.001291414622105969
Decision Tree,0.782,0.11673586595380692,0.0014326337383725831
Decision Tree,0.783,0.11652985875024795,0.0014931515390574257
Decision Tree,0.784,0.11627296493247292,0.0015709646988177196
Decision Tree,0.785,0.11604842196188825,0.0016934258362313677
Decision Tree,0.786,0.11574018481932284,0.0018977295482794142
Decision Tree,0.787,0.1152612860365646,0.002001682397065197
Decision Tree,0.788,0.11483562543119832,0.002210009578689416
Decision Tree,0.789,0.11440996482583206,0.002421571976649296
Decision Tree,0.79,0.11399766596922982,0.0026191537067393484
Decision Tree,0.791,0.11350977310197105,0.002664314171674892
Decision Tree,0.792,0.11306187731299318,0.002714330811546466
Decision Tree,0.793,0.11260406732978445,0.0026106688310789305
Decision Tree,0.794,0.11221164431949242,0.002628241535129353
Decision Tree,0.795,0.11181118462912469,0.0026229305256972066
Decision Tree,0.796,0.111402377128483,0.0025942549942110913
Decision Tree,0.797,0.11095093323512348,0.0025383260662700706
Decision Tree,0.798,0.11048828038693563,0.0024891887026986777
Decision Tree,0.799,0.11001936231603326,0.00244735351507824
Decision Tree,0.8,0.10954332013697618,0.002416210835107916
Decision Tree,0.801,0.10907550481052655,0.0023991860639848033
Decision Tree,0.802,0.10861647525651781,0.0024050508474351318
Decision Tree,0.803,0.1079773450598945,0.0026064637504632174
Decision Tree,0.804,0.10721255287375371,0.002925995215945371
Decision Tree,0.805,0.10642742519000463,0.0032020976247978537
Decision Tree,0.806,0.10588858115522706,0.0031604480992342785
Decision Tree,0.807,0.10542768347271739,0.0030971034596058477
Decision Tree,0.808,0.10506429655972238,0.002928154784889724
Decision Tree,0.809,0.10465549510836522,0.0026984641862501766
Decision Tree,0.81,0.10414695813752788,0.0025939017857518542
Decision Tree,0.811,0.10324297649326455,0.003096061465920974
Decision Tree,0.812,0.10242055768117468,0.0034582136542107775
Decision Tree,0.8130000000000001,0.1014712332429554,0.00356431380599063
Decision Tree,0.8140000000000001,0.1006667475469635,0.003481000619939604
Decision Tree,0.8150000000000001,0.10014876230668665,0.003442956340538505
Decision Tree,0.8160000000000001,0.09916063852011783,0.003602077088553303
Decision Tree,0.8170000000000001,0.09844438359238208,0.0034866093564663776
Decision Tree,0.8180000000000001,0.0978128514117661,0.003587545453622506
Decision Tree,0.8190000000000001,0.09746658032588965,0.0036440233313941284
Decision Tree,0.8200000000000001,0.09702444410489652,0.003404983690339326
Decision Tree,0.8210000000000001,0.09639376902598237,0.003121099725718932
Decision Tree,0.8220000000000001,0.09574949961841467,0.002573074652950263
Decision Tree,0.8230000000000001,0.09521759180190752,0.002361251477571727
Decision Tree,0.8240000000000001,0.09461179787568152,0.0026094204340201188
Decision Tree,0.8250000000000001,0.0935840677286158,0.003275913081731099
Decision Tree,0.8260000000000001,0.0926196834334941,0.003640126725824587
Decision Tree,0.8270000000000001,0.09173664191441967,0.00351300784645013
Decision Tree,0.8280000000000001,0.09074707996416177,0.003803231307513527
Decision Tree,0.8290000000000001,0.09029050860947167,0.003756070551197583
Decision Tree,0.8300000000000001,0.08963220530627103,0.003647410468243374
Decision Tree,0.8310000000000001,0.08909994191202443,0.0035763746431468502
Decision Tree,0.8320000000000001,0.0884588578537473,0.003443167675216374
Decision Tree,0.833,0.08798465295602118,0.0032878573677867953
Decision Tree,0.834,0.08738554865814904,0.002948996351433056
Decision Tree,0.835,0.08676031685352029,0.002542259491937495
Decision Tree,0.836,0.08613551977327233,0.0019898840163063538
Decision Tree,0.837,0.0857000591863468,0.0018982945953523438
Decision Tree,0.838,0.08530512884738312,0.0018889680923743451
Decision Tree,0.839,0.08490977468607572,0.0018788158070778803
Decision Tree,0.84,0.08451364848629964,0.0018671461436798786
Decision Tree,0.841,0.08411752228652358,0.0018554764802818805
Decision Tree,0.842,0.0837213960867475,0.0018438068168838797
Decision Tree,0.843,0.08332526988697145,0.0018321371534858783
Decision Tree,0.844,0.08292914368719538,0.0018204674900878816
Decision Tree,0.845,0.08253301748741931,0.00180879782668988
Decision Tree,0.846,0.08213689128764326,0.0017971281632918818
Decision Tree,0.847,0.08174076508786718,0.0017854584998938815
Decision Tree,0.848,0.08134463888809111,0.0017737888364958837
Decision Tree,0.849,0.08094851268831504,0.0017621191730978838
Decision Tree,0.85,0.08055238648853898,0.0017504495096998846
Decision Tree,0.851,0.08015626028876291,0.0017387798463018866
Decision Tree,0.852,0.07976013408898686,0.0017271101829038867
Decision Tree,0.853,0.07936400788921079,0.0017154405195058885
Decision Tree,0.854,0.07896788168943472,0.0017037708561078884
Decision Tree,0.855,0.07857175548965864,0.0016921011927098894
Decision Tree,0.856,0.07817562928988259,0.0016804315293118886
Decision Tree,0.857,0.07777950309010652,0.0016687618659138904
Decision Tree,0.858,0.07738337689033045,0.001657092202515891
Decision Tree,0.859,0.07698725069055438,0.00164542253911789
Decision Tree,0.86,0.07659112449077832,0.0016337528757198916
Decision Tree,0.861,0.07619499829100226,0.001622083212321893
Decision Tree,0.862,0.07579887209122618,0.001610413548923893
Decision Tree,0.863,0.07540274589145013,0.0015987438855258934
Decision Tree,0.864,0.07500661969167406,0.0015870742221278974
Decision Tree,0.865,0.074610493491898,0.0015754045587298975
Decision Tree,0.866,0.07421436729212191,0.0015637348953318956
Decision Tree,0.867,0.07381824109234586,0.001552065231933899
Decision Tree,0.868,0.0734221148925698,0.001540395568535899
Decision Tree,0.869,0.07302598869279373,0.0015287259051378996
Decision Tree,0.87,0.07262986249301766,0.001517056241739899
Decision Tree,0.871,0.07223373629324159,0.0015053865783419007
Decision Tree,0.872,0.07183761009346554,0.0014937169149439012
Decision Tree,0.873,0.07144148389368947,0.0014820472515459009
Decision Tree,0.874,0.07104535769391339,0.0014703775881479042
Decision Tree,0.875,0.07064923149413734,0.0014587079247499045
Decision Tree,0.876,0.07025310529436127,0.0014470382613519027
Decision Tree,0.877,0.0698569790945852,0.0014353685979539073
Decision Tree,0.878,0.06946085289480913,0.0014236989345559072
Decision Tree,0.879,0.06906472669503308,0.0014120292711579086
Decision Tree,0.88,0.06866860049525701,0.001400359607759908
Decision Tree,0.881,0.06827247429548094,0.0013886899443619103
Decision Tree,0.882,0.06787634809570488,0.0013770202809639098
Decision Tree,0.883,0.06748022189592881,0.0013653506175659105
Decision Tree,0.884,0.06708409569615273,0.0013536809541679121
Decision Tree,0.885,0.06668796949637668,0.0013420112907699116
Decision Tree,0.886,0.06629184329660061,0.0013303416273719119
Decision Tree,0.887,0.06589571709682454,0.0013186719639739102
Decision Tree,0.888,0.06549959089704846,0.0013070023005759136
Decision Tree,0.889,0.0651034646972724,0.0012953326371779137
Decision Tree,0.89,0.06470733849749635,0.0012836629737799157
Decision Tree,0.891,0.06431121229772029,0.0012719933103819167
Decision Tree,0.892,0.0639150860979442,0.0012603236469839168
Decision Tree,0.893,0.06351895989816814,0.0012486539835859175
Decision Tree,0.894,0.06312283369839208,0.0012369843201879178
Decision Tree,0.895,0.06272670749861602,0.00122531465678992
Decision Tree,0.896,0.06233058129883995,0.0012136449933919198
Decision Tree,0.897,0.06193445509906388,0.0012019753299939214
Decision Tree,0.898,0.06153832889928782,0.0011903056665959206
Decision Tree,0.899,0.06114220269951175,0.0011786360031979211
Decision Tree,0.9,0.06074607649973569,0.001166966339799923
Decision Tree,0.901,0.06034995029995962,0.0011552966764019246
Decision Tree,0.902,0.05995382410018354,0.0011436270130039256
Decision Tree,0.903,0.05955769790040749,0.0011319573496059246
Decision Tree,0.904,0.059161571700631424,0.0011202876862079257
Decision Tree,0.905,0.05876544550085535,0.0011086180228099267
Decision Tree,0.906,0.05836931930107929,0.0010969483594119266
Decision Tree,0.907,0.05797319310130321,0.0010852786960139286
Decision Tree,0.908,0.05757706690152716,0.0010736090326159294
Decision Tree,0.909,0.057180940701751094,0.001061939369217931
Decision Tree,0.91,0.05678481450197502,0.00105026970581993
Decision Tree,0.911,0.05638868830219895,0.0010386000424219303
Decision Tree,0.912,0.05599256210242289,0.001026930379023932
Decision Tree,0.913,0.055596435902646825,0.0010152607156259312
Decision Tree,0.914,0.05520030970287075,0.0010035910522279328
Decision Tree,0.915,0.0548041835030947,0.000991921388829935
Decision Tree,0.916,0.05440805730331864,0.0009802517254319356
Decision Tree,0.917,0.05401193110354256,0.0009685820620339356
Decision Tree,0.918,0.053615804903766495,0.0009569123986359358
Decision Tree,0.919,0.053219678703990435,0.000945242735237937
Decision Tree,0.92,0.05282355250421437,0.0009335730718399391
Decision Tree,0.921,0.05242742630443831,0.0009219034084419382
Decision Tree,0.922,0.05203130010466224,0.0009102337450439405
Decision Tree,0.923,0.051635173904886165,0.0008985640816459406
Decision Tree,0.924,0.0512390477051101,0.0008868944182479405
Decision Tree,0.925,0.05084292150533404,0.0008752247548499411
Decision Tree,0.926,0.05044679530555798,0.0008635550914519421
Decision Tree,0.927,0.050050669105781896,0.0008518854280539437
Decision Tree,0.928,0.049654542906005836,0.0008402157646559443
Decision Tree,0.929,0.049258416706229775,0.0008285461012579459
Decision Tree,0.93,0.04886229050645371,0.0008168764378599462
Decision Tree,0.931,0.04846616430667765,0.0008052067744619449
Decision Tree,0.932,0.048070038106901566,0.0007935371110639465
Decision Tree,0.933,0.04767391190712551,0.0007818674476659461
Decision Tree,0.934,0.04727778570734944,0.0007701977842679478
Decision Tree,0.935,0.04688165950757338,0.0007585281208699491
Decision Tree,0.936,0.046485533307797304,0.0007468584574719507
Decision Tree,0.937,0.046089407108021244,0.0007351887940739517
Decision Tree,0.9380000000000001,0.045693280908245176,0.000723519130675952
Decision Tree,0.9390000000000001,0.04529715470846911,0.0007118494672779524
Decision Tree,0.9400000000000001,0.04490102850869305,0.0007001798038799529
Decision Tree,0.9410000000000001,0.044504902308916974,0.0006885101404819529
Decision Tree,0.9420000000000001,0.04410877610914092,0.0006768404770839554
Decision Tree,0.9430000000000001,0.04371264990936485,0.0006651708136859563
Decision Tree,0.9440000000000001,0.043316523709588786,0.0006535011502879565
Decision Tree,0.9450000000000001,0.04292039750981272,0.0006418314868899561
Decision Tree,0.9460000000000001,0.04252427131003665,0.000630161823491957
Decision Tree,0.9470000000000001,0.042128145110260584,0.0006184921600939586
Decision Tree,0.9480000000000001,0.04173201891048452,0.0006068224966959584
Decision Tree,0.9490000000000001,0.041335892710708456,0.0005951528332979608
Decision Tree,0.9500000000000001,0.04093976651093239,0.0005834831698999609
Decision Tree,0.9510000000000001,0.04054364031115633,0.0005718135065019609
Decision Tree,0.9520000000000001,0.04014751411138025,0.000560143843103961
Decision Tree,0.9530000000000001,0.03975138791160419,0.000548474179705962
Decision Tree,0.9540000000000001,0.03935526171182812,0.0005368045163079627
Decision Tree,0.9550000000000001,0.03895913551205206,0.000525134852909963
Decision Tree,0.9560000000000001,0.038563009312276,0.0005134651895119653
Decision Tree,0.9570000000000001,0.038166883112499925,0.0005017955261139661
Decision Tree,0.9580000000000001,0.03777075691272387,0.000490125862715968
Decision Tree,0.9590000000000001,0.03737463071294779,0.0004784561993179682
Decision Tree,0.96,0.036978504513171764,0.00046678653591996955
Decision Tree,0.961,0.036582378313395704,0.00045511687252197057
Decision Tree,0.962,0.03618625211361964,0.0004434472091239708
Decision Tree,0.963,0.035790125913843576,0.0004317775457259723
Decision Tree,0.964,0.03539399971406751,0.0004201078823279705
Decision Tree,0.965,0.03499787351429144,0.0004084382189299733
Decision Tree,0.966,0.034601747314515374,0.00039676855553197376
Decision Tree,0.967,0.03420562111473931,0.00038509889213397434
Decision Tree,0.968,0.033809494914963246,0.000373429228735976
Decision Tree,0.969,0.03341336871518718,0.0003617595653379756
Decision Tree,0.97,0.03301724251541112,0.0003500899019399776
Decision Tree,0.971,0.032621116315635044,0.00033842023854197646
Decision Tree,0.972,0.032224990115858984,0.0003267505751439789
Decision Tree,0.973,0.031828863916082924,0.0003150809117459798
Decision Tree,0.974,0.03143273771630685,0.00030341124834798027
Decision Tree,0.975,0.03103661151653079,0.00029174158494998074
Decision Tree,0.976,0.030640485316754718,0.0002800719215519809
Decision Tree,0.977,0.030244359116978647,0.0002684022581539824
Decision Tree,0.978,0.029848232917202584,0.00025673259475598304
Decision Tree,0.979,0.02945210671742652,0.000245062931357984
Decision Tree,0.98,0.02905598051765046,0.00023339326795998464
Decision Tree,0.981,0.02865985431787439,0.00022172360456198555
Decision Tree,0.982,0.028263728118098325,0.00021005394116398583
Decision Tree,0.983,0.027867601918322254,0.00019838427776598604
Decision Tree,0.984,0.02747147571854619,0.0001867146143679878
Decision Tree,0.985,0.027075349518770126,0.0001750449509699884
Decision Tree,0.986,0.026679223318994062,0.00016337528757198874
Decision Tree,0.987,0.02628309711921799,0.00015170562417398973
Decision Tree,0.988,0.025886970919441928,0.00014003596077599045
Decision Tree,0.989,0.025490844719665857,0.0001283662973779915
Decision Tree,0.99,0.025094718519889793,0.00011669663397999226
Decision Tree,0.991,0.02469859232011373,0.00010502697058199292
Decision Tree,0.992,0.02430246612033766,9.335730718399366e-05
Decision Tree,0.993,0.023906339920561598,8.168764378599419e-05
Decision Tree,0.994,0.023510213720785527,7.001798038799526e-05
Decision Tree,0.995,0.023114087521009463,5.834831698999576e-05
Decision Tree,0.996,0.022717961321233403,4.667865359199624e-05
Decision Tree,0.997,0.022321835121457335,3.5008990193997896e-05
Decision Tree,0.998,0.021925708921681268,2.3339326795998067e-05
Decision Tree,0.999,0.0215295827219052,1.1669663397998415e-05
Decision Tree,1.0,0.021133456522129137,3.657118196434064e-18
Random Forest,0.0,1.0,0.0
Random Forest,0.001,0.8483151165845649,0.019920570809683295
Random Forest,0.002,0.6966302331691298,0.03984114161936661
Random Forest,0.003,0.5449453497536946,0.05976171242904989
Random Forest,0.004,0.3932604663382594,0.07968228323873319
Random Forest,0.005,0.2839261726077389,0.05427746434134029
Random Forest,0.006,0.26071338876874445,0.03683198328994296
Random Forest,0.007,0.2578000828017002,0.04610336190568317
Random Forest,0.008,0.2557947084146365,0.04543229248194299
Random Forest,0.009000000000000001,0.26035032984150386,0.03838341540064721
Random Forest,0.01,0.26599633556798363,0.03654655041529772
Random Forest,0.011,0.2583205122115909,0.03278222971524435
Random Forest,0.012,0.2534451724993359,0.02920396329113462
Random Forest,0.013000000000000001,0.24504909742134778,0.020014676829186756
Random Forest,0.014,0.23615438379006753,0.018325444341080563
Random Forest,0.015,0.22940053066705338,0.023937316956141527
Random Forest,0.016,0.2273893920410218,0.021655808608410022
Random Forest,0.017,0.2270114208189254,0.02058632929674417
Random Forest,0.018000000000000002,0.22402184224818078,0.01957256407000704
Random Forest,0.019,0.2271049810906988,0.019308595433450447
Random Forest,0.02,0.22452062853545604,0.01871739938932119
Random Forest,0.021,0.22303674685416816,0.02026518564966284
Random Forest,0.022,0.22055737642282885,0.020631439021392847
Random Forest,0.023,0.21544700284358287,0.017962637207232256
Random Forest,0.024,0.21383634882285266,0.014925083051439192
Random Forest,0.025,0.21301364541654783,0.009667141273999638
Random Forest,0.026000000000000002,0.21358637721427015,0.010791794825824817
Random Forest,0.027,0.20858334615413163,0.009351245233692462
Random Forest,0.028,0.20362224217095853,0.010550453213634944
Random Forest,0.029,0.20227596355625033,0.008667708900996504
Random Forest,0.03,0.20157521850264315,0.008406173679362184
Random Forest,0.031,0.20258881134073586,0.008184068501297912
Random Forest,0.032,0.2050766953421467,0.00882222737123277
Random Forest,0.033,0.20790290737968714,0.009394487013182585
Random Forest,0.034,0.2109668392657104,0.009426068516937707
Random Forest,0.035,0.21259717942112655,0.008943796378327654
Random Forest,0.036000000000000004,0.21524674591027101,0.009006288861526188
Random Forest,0.037,0.2158326880929385,0.007088498213179684
Random Forest,0.038,0.21459690416600793,0.004700636505938595
Random Forest,0.039,0.21382361611242043,0.004312350369449318
Random Forest,0.04,0.2134098370325354,0.0031527190001904674
Random Forest,0.041,0.21064334612613536,0.00528892869254331
Random Forest,0.042,0.2104318914763926,0.005587649643028482
Random Forest,0.043000000000000003,0.2109754602696771,0.00533598301229444
Random Forest,0.044,0.21051906665732872,0.00547380717018765
Random Forest,0.045,0.21123011182262547,0.005219319845949921
Random Forest,0.046,0.21173346698825396,0.005189773481422455
Random Forest,0.047,0.21214581314825942,0.005023795385452736
Random Forest,0.048,0.2135196452713354,0.005062015913427389
Random Forest,0.049,0.214605849855815,0.004581032747818284
Random Forest,0.05,0.21564259917276668,0.004098821402796612
Random Forest,0.051000000000000004,0.21641766030732837,0.0034504053584027247
Random Forest,0.052000000000000005,0.2169086389663586,0.0033977839120893968
Random Forest,0.053,0.21804732318412068,0.0033002718416752287
Random Forest,0.054,0.2192322953179034,0.002904631540863559
Random Forest,0.055,0.2207226268388447,0.002839780241479706
Random Forest,0.056,0.221915515094522,0.0028414218460892653
Random Forest,0.057,0.22308542561784614,0.0030338505230677057
Random Forest,0.058,0.22417726502270668,0.0034887616521845862
Random Forest,0.059000000000000004,0.2251599556673983,0.0033042395670581687
Random Forest,0.06,0.22519924159472873,0.003563534038203834
Random Forest,0.061,0.22464074175795798,0.0047864223429230045
Random Forest,0.062,0.2228276578829087,0.0057666187583136925
Random Forest,0.063,0.2230966696722772,0.0066119266470317925
Random Forest,0.064,0.22292277009883996,0.006878328673119262
Random Forest,0.065,0.22284717917195435,0.006817912870969585
Random Forest,0.066,0.22283096756360704,0.006847935126822161
Random Forest,0.067,0.22193995348860557,0.005687285851730754
Random Forest,0.068,0.22163961901262158,0.0055269016468597046
Random Forest,0.069,0.22153245014502593,0.0059511566574525976
Random Forest,0.07,0.22047401152452237,0.0064755003588317745
Random Forest,0.07100000000000001,0.21931821857460027,0.006271281912781575
Random Forest,0.07200000000000001,0.21891201894253517,0.006815317400202005
Random Forest,0.073,0.21926002669660255,0.007234695012602858
Random Forest,0.074,0.21958638819624646,0.007072093690185268
Random Forest,0.075,0.21898846428474333,0.006647313791798568
Random Forest,0.076,0.2184300984872105,0.007072284001920894
Random Forest,0.077,0.21824110852123885,0.0068015893292072485
Random Forest,0.078,0.21796869588890777,0.006945539293926174
Random Forest,0.079,0.21820480858041164,0.006589389199597993
Random Forest,0.08,0.21754087925236304,0.008361605499603283
Random Forest,0.081,0.21710834348194302,0.00789244782147995
Random Forest,0.082,0.21569784216263405,0.007926277006618384
Random Forest,0.083,0.21577150219405367,0.007871605172188724
Random Forest,0.084,0.21634556439670205,0.00788433963790762
Random Forest,0.085,0.2162361093623137,0.007621052644010005
Random Forest,0.08600000000000001,0.21586499407350024,0.007518722354949158
Random Forest,0.08700000000000001,0.21513362977950812,0.007582790274338353
Random Forest,0.088,0.2140026783738492,0.006554884211414758
Random Forest,0.089,0.21291475508006935,0.006186954495037003
Random Forest,0.09,0.2113668835442744,0.006948493457904557
Random Forest,0.091,0.21133434596956172,0.006793569467536291
Random Forest,0.092,0.21080421292218227,0.006832188328197752
Random Forest,0.093,0.21037455413418527,0.006982637787508449
Random Forest,0.094,0.20985539495336242,0.007415691371218284
Random Forest,0.095,0.20980444865790063,0.007352384293141439
Random Forest,0.096,0.20983387240208703,0.007134514135926156
Random Forest,0.097,0.20935962269016653,0.006945511427596304
Random Forest,0.098,0.2091672085557375,0.006622962826309465
Random Forest,0.099,0.2080691846004643,0.005416813219181008
Random Forest,0.1,0.20752406544412283,0.004640039940376843
Random Forest,0.101,0.20699298684904271,0.004197630228510356
Random Forest,0.10200000000000001,0.20604102486099216,0.004344143556851915
Random Forest,0.10300000000000001,0.20597640391623284,0.004204156682277058
Random Forest,0.10400000000000001,0.20476944090180177,0.004137432055419196
Random Forest,0.105,0.2038411629122711,0.0050922289110574585
Random Forest,0.106,0.2033183610292449,0.005869348381048117
Random Forest,0.107,0.20275587380276283,0.00688136773213271
Random Forest,0.108,0.20243256039326404,0.007097468927290671
Random Forest,0.109,0.20197031375908706,0.008136272289547275
Random Forest,0.11,0.200943551669458,0.007412635663931097
Random Forest,0.111,0.20025976942971097,0.007325585382742287
Random Forest,0.112,0.1994374438901748,0.007930897457628273
Random Forest,0.113,0.19914934720235306,0.0072325911230339745
Random Forest,0.114,0.19860349488017986,0.006927906230414823
Random Forest,0.115,0.1980213798320716,0.006439471201823433
Random Forest,0.116,0.19732608053599957,0.005525018804789873
Random Forest,0.117,0.19619960830589517,0.004958647533309909
Random Forest,0.11800000000000001,0.19601846056373337,0.00482923210168397
Random Forest,0.11900000000000001,0.1953770919153897,0.004493630509633788
Random Forest,0.12,0.19528474678392843,0.004639327741768832
Random Forest,0.121,0.19543376487924966,0.004483145484973204
Random Forest,0.122,0.19506176053689359,0.0047538787348492826
Random Forest,0.123,0.19516008176110225,0.004679989301408142
Random Forest,0.124,0.19489825053616933,0.004370596538506114
Random Forest,0.125,0.19423186987466495,0.003885382076338671
Random Forest,0.126,0.1938412154478282,0.0037978103022728166
Random Forest,0.127,0.19322135680572722,0.003945723793593948
Random Forest,0.128,0.19295604360447202,0.004498949994080064
Random Forest,0.129,0.19313643005181766,0.004532377874324099
Random Forest,0.13,0.19315791098402635,0.0041391294920628124
Random Forest,0.131,0.19295367674644023,0.004209136477983246
Random Forest,0.132,0.19292996289420059,0.004338771957487867
Random Forest,0.133,0.1927491563840435,0.004324108623351062
Random Forest,0.134,0.1926668371874318,0.004246646760762277
Random Forest,0.135,0.1926278376145807,0.003867601963620555
Random Forest,0.136,0.19197050112919983,0.0037279328669695922
Random Forest,0.137,0.1915052919969233,0.003579481794642678
Random Forest,0.138,0.19078891002557236,0.003407819446721813
Random Forest,0.139,0.19051077735537186,0.003669047329581856
Random Forest,0.14,0.1906958464355856,0.0037184784847379745
Random Forest,0.14100000000000001,0.19086915067381788,0.003850522340690174
Random Forest,0.14200000000000002,0.19100163847786494,0.0038245148035037924
Random Forest,0.14300000000000002,0.190876266198044,0.0036984310403735403
Random Forest,0.14400000000000002,0.1906009315723103,0.003327118353817555
Random Forest,0.145,0.18998638148053326,0.0033861470265324854
Random Forest,0.146,0.18953445725633752,0.0034335933645873234
Random Forest,0.147,0.18938311268631708,0.0036578590701430674
Random Forest,0.148,0.18921082952089946,0.003919034448007971
Random Forest,0.149,0.18866744976120203,0.0042288144762142625
Random Forest,0.15,0.18816182067542506,0.0040397692195677905
Random Forest,0.151,0.1878731572059918,0.003940517564169772
Random Forest,0.152,0.18774526150957543,0.0037166288953324415
Random Forest,0.153,0.18751013807140535,0.003651337317002599
Random Forest,0.154,0.18719130790586977,0.0038825020301126193
Random Forest,0.155,0.18719697363180715,0.0040463116082070675
Random Forest,0.156,0.18701268500471085,0.004099377425807175
Random Forest,0.157,0.1863799056360992,0.004847521306155465
Random Forest,0.158,0.18600251965033493,0.005086042922070159
Random Forest,0.159,0.18627250721175864,0.005216309763240675
Random Forest,0.16,0.18655791626200874,0.0053676522233142366
Random Forest,0.161,0.18605847469835063,0.004158804734986131
Random Forest,0.162,0.18604379535852753,0.0037821706513162614
Random Forest,0.163,0.18639253481676182,0.0039643672528899936
Random Forest,0.164,0.18589518815832598,0.004014044217914091
Random Forest,0.165,0.1855191179614548,0.004114676839169411
Random Forest,0.166,0.1850415401707759,0.0040551023146951646
Random Forest,0.167,0.18471944490549977,0.004005844970736704
Random Forest,0.168,0.18435936243252818,0.004145081271141676
Random Forest,0.169,0.18442750544724568,0.004343604265080019
Random Forest,0.17,0.18435181888063257,0.004532037954372743
Random Forest,0.171,0.18429919129935823,0.00469328313434809
Random Forest,0.17200000000000001,0.18396866115858107,0.004573955130482862
Random Forest,0.17300000000000001,0.18385909165562642,0.004526055224286792
Random Forest,0.17400000000000002,0.18353916846511487,0.005014771987880757
Random Forest,0.17500000000000002,0.1833769189075142,0.005025865514103457
Random Forest,0.176,0.18352799911495857,0.005007890541179902
Random Forest,0.177,0.18350403993562475,0.004959312401273311
Random Forest,0.178,0.1833199638154959,0.005030516722758033
Random Forest,0.179,0.1828726793461083,0.004966645498795982
Random Forest,0.18,0.182982813105773,0.00456520142477108
Random Forest,0.181,0.18332522625476344,0.004592151880535731
Random Forest,0.182,0.18349502260487274,0.004524928621681543
Random Forest,0.183,0.18275006770471292,0.004626956453278771
Random Forest,0.184,0.1820866513059622,0.0047435654757155415
Random Forest,0.185,0.1818265247749796,0.004813895269348603
Random Forest,0.186,0.18171862220900456,0.0049257837991223885
Random Forest,0.187,0.18154513871909433,0.004937099112860539
Random Forest,0.188,0.18153909383830474,0.004922130122996535
Random Forest,0.189,0.1815582088707822,0.004597150068765538
Random Forest,0.19,0.1818490237530646,0.004490690278020707
Random Forest,0.191,0.18171695729113693,0.004396084381937927
Random Forest,0.192,0.18206982716791567,0.0044925117312724
Random Forest,0.193,0.18221078943628308,0.00464000861845652
Random Forest,0.194,0.18210289747153277,0.0048126142974419615
Random Forest,0.195,0.1820643903360974,0.004819593479762832
Random Forest,0.196,0.18182677164861602,0.0046257593979909485
Random Forest,0.197,0.18177406513639566,0.004725201166682782
Random Forest,0.198,0.1819326294280371,0.004640672816037654
Random Forest,0.199,0.181974774205816,0.004504984356410948
Random Forest,0.2,0.18209608480150763,0.004525172326842677
Random Forest,0.201,0.18202705311420914,0.004649720573123052
Random Forest,0.202,0.18213804082666,0.004713547739600546
Random Forest,0.203,0.18233598283721267,0.004870103190365206
Random Forest,0.20400000000000001,0.1824025550182442,0.005355649252839398
Random Forest,0.20500000000000002,0.1825369791107294,0.0052775085374494905
Random Forest,0.20600000000000002,0.18267930907409388,0.005159665849780447
Random Forest,0.20700000000000002,0.18230165375759294,0.005014834178482579
Random Forest,0.20800000000000002,0.18247025497655717,0.005068977480526614
Random Forest,0.209,0.18222895514646126,0.0047540037687401
Random Forest,0.21,0.18193582858179852,0.00493018765732861
Random Forest,0.211,0.18184728557039304,0.005092352697676254
Random Forest,0.212,0.18187889927441778,0.00520186496274467
Random Forest,0.213,0.18203308399646506,0.005257290727499998
Random Forest,0.214,0.18197284126894048,0.005376084888350394
Random Forest,0.215,0.18230397644922228,0.0054514033087104535
Random Forest,0.216,0.18255524325585,0.005478413589297422
Random Forest,0.217,0.18287766278900972,0.005452123167483272
Random Forest,0.218,0.1830271999218434,0.0055937205319139165
Random Forest,0.219,0.18340587565739222,0.005702066812726595
Random Forest,0.22,0.18373349206814332,0.005627711627477209
Random Forest,0.221,0.18387966324859545,0.005404174358057222
Random Forest,0.222,0.18395315074116425,0.005240337426454176
Random Forest,0.223,0.18397991858100843,0.005176080726992735
Random Forest,0.224,0.183832762060003,0.005013650881458257
Random Forest,0.225,0.18406651078324948,0.00496066517246727
Random Forest,0.226,0.18425617545364906,0.004968265039372643
Random Forest,0.227,0.18418152117700573,0.005070722354042835
Random Forest,0.228,0.18412409181995143,0.004997619594709231
Random Forest,0.229,0.18412102261908186,0.004903838907497721
Random Forest,0.23,0.18432813392612518,0.004969667947329625
Random Forest,0.231,0.18449713370663998,0.005078623757913582
Random Forest,0.232,0.18471288465448718,0.005196208614813909
Random Forest,0.233,0.1848189503600664,0.005280694094782978
Random Forest,0.234,0.18506102893905463,0.00532682744784963
Random Forest,0.23500000000000001,0.18522787068464755,0.005063357565611025
Random Forest,0.23600000000000002,0.1850610301474121,0.004486065896275713
Random Forest,0.23700000000000002,0.18503650715838252,0.004298582737522363
Random Forest,0.23800000000000002,0.18479278967859725,0.00387726809240261
Random Forest,0.23900000000000002,0.1846740679683523,0.0037351326454337385
Random Forest,0.24,0.18467571283239223,0.0036558986873794297
Random Forest,0.241,0.18459914780680922,0.0036084282800078905
Random Forest,0.242,0.18451470587053947,0.0035571321045028883
Random Forest,0.243,0.18454364742918603,0.003424056245892636
Random Forest,0.244,0.18462611879342397,0.0032878247488110743
Random Forest,0.245,0.18486649542868575,0.003244365968096969
Random Forest,0.246,0.1846787029286378,0.003347709288345907
Random Forest,0.247,0.1847564566946556,0.0033840532919488997
Random Forest,0.248,0.1848594282339447,0.003289866918100459
Random Forest,0.249,0.18502160857767871,0.003416188329629669
Random Forest,0.25,0.185016550445756,0.0035808840031488383
Random Forest,0.251,0.1848782134074983,0.0038599498473032433
Random Forest,0.252,0.1850434472367549,0.003924863267613126
Random Forest,0.253,0.18514183760516573,0.0038255537829050947
Random Forest,0.254,0.18508594297385672,0.0037749153687925727
Random Forest,0.255,0.18505022378494246,0.0039860392649932195
Random Forest,0.256,0.18518068963342435,0.0037209789431701954
Random Forest,0.257,0.1851538573899289,0.0036015739828131705
Random Forest,0.258,0.18485164090201095,0.0033761127742142605
Random Forest,0.259,0.18465071797919885,0.0035017960009962115
Random Forest,0.26,0.18451553881029753,0.0037684542213309766
Random Forest,0.261,0.18429176300911315,0.003891491754717753
Random Forest,0.262,0.18393286503657477,0.003920446434949113
Random Forest,0.263,0.18376621747998861,0.0036318617109153237
Random Forest,0.264,0.18372570014937661,0.0036042534700365695
Random Forest,0.265,0.18363647921891432,0.0034718653534218423
Random Forest,0.266,0.1835663715577411,0.003474580492662342
Random Forest,0.267,0.18344794515451088,0.00321244666162408
Random Forest,0.268,0.18310102883102125,0.002913337488952497
Random Forest,0.269,0.18270522346985196,0.0029749194259136714
Random Forest,0.27,0.18246314247577822,0.0027149565027782237
Random Forest,0.271,0.18235096359773617,0.002924952869258776
Random Forest,0.272,0.1823831716308093,0.002998717855725271
Random Forest,0.273,0.18254615377299982,0.003020754593829801
Random Forest,0.274,0.18259783081946926,0.0030476502507388596
Random Forest,0.275,0.18257558054779915,0.002996990901175275
Random Forest,0.276,0.18276227993963529,0.0028496610687069215
Random Forest,0.277,0.18281832134385773,0.0027584013694775316
Random Forest,0.278,0.1828684630752349,0.0027104782630569557
Random Forest,0.279,0.18293183752180572,0.0027886824318078653
Random Forest,0.28,0.18298285109018764,0.002866109877797433
Random Forest,0.281,0.1829466455076258,0.00296818211449084
Random Forest,0.28200000000000003,0.1827786377857182,0.002971843596609531
Random Forest,0.28300000000000003,0.18286544226852555,0.003069128541061972
Random Forest,0.28400000000000003,0.18294331014935802,0.0030904617143136144
Random Forest,0.28500000000000003,0.18291855806223545,0.003024440814181527
Random Forest,0.28600000000000003,0.1828180946714845,0.0030413582005089073
Random Forest,0.28700000000000003,0.1825119870329501,0.00316059382360142
Random Forest,0.28800000000000003,0.18244288426629152,0.00318678491798602
Random Forest,0.289,0.18241921282391269,0.0031989548394330634
Random Forest,0.29,0.18250882187948048,0.0032166066737215164
Random Forest,0.291,0.18251835756662238,0.0032208962843122413
Random Forest,0.292,0.1824106845813335,0.003113226796054524
Random Forest,0.293,0.1821690952389257,0.0027478269730053777
Random Forest,0.294,0.18224640077557147,0.002731255971381141
Random Forest,0.295,0.18227375122446113,0.002732418721637333
Random Forest,0.296,0.18225917918922835,0.00276704948996322
Random Forest,0.297,0.1822738838874366,0.0028515983644659742
Random Forest,0.298,0.18233703526866435,0.0027994251224775996
Random Forest,0.299,0.18221734320434727,0.0025677078617579196
Random Forest,0.3,0.1821420209818092,0.002753941581290289
Random Forest,0.301,0.18205308095406356,0.0029719959010855723
Random Forest,0.302,0.1818426723041223,0.0033872336839091627
Random Forest,0.303,0.18171821759643755,0.0036092132586138127
Random Forest,0.304,0.18163369885195893,0.003585846015858929
Random Forest,0.305,0.18135983743924702,0.0038880881089416526
Random Forest,0.306,0.18116009856312892,0.004166487517478872
Random Forest,0.307,0.18085346866469645,0.004400265615008791
Random Forest,0.308,0.18066679642946767,0.004412684536944055
Random Forest,0.309,0.18044094187505466,0.004279528532581406
Random Forest,0.31,0.1802993229849496,0.004208701508451243
Random Forest,0.311,0.18026710944624538,0.004217855946612586
Random Forest,0.312,0.1803263684209634,0.004251839473910939
Random Forest,0.313,0.18035515569625854,0.004306471141142577
Random Forest,0.314,0.18037365338633685,0.004295389197174719
Random Forest,0.315,0.18027255841035267,0.004232917183995934
Random Forest,0.316,0.18016903091062886,0.004206905390042186
Random Forest,0.317,0.1801922246770683,0.004113443456581864
Random Forest,0.318,0.18010140297686464,0.004028774518390071
Random Forest,0.319,0.1799751914042806,0.003942075619889688
Random Forest,0.32,0.17983984367413658,0.0038618961346273636
Random Forest,0.321,0.1797387885651382,0.003825123595724122
Random Forest,0.322,0.17967221481598902,0.003775457442004644
Random Forest,0.323,0.17967630332118228,0.0037762640990921126
Random Forest,0.324,0.1797213585750903,0.003783293822228237
Random Forest,0.325,0.17971625467597882,0.0037654257269711983
Random Forest,0.326,0.17973087200022472,0.0037853032014059456
Random Forest,0.327,0.1796260198816098,0.0037176434028624162
Random Forest,0.328,0.1795411893048468,0.0037144972251680754
Random Forest,0.329,0.1794565361231671,0.0037361735636423084
Random Forest,0.33,0.17939660525633183,0.0037772632614321124
Random Forest,0.331,0.17941763617207468,0.003816391189757612
Random Forest,0.332,0.17943248439928958,0.0038771575377753408
Random Forest,0.333,0.17944802299257887,0.003860456138969773
Random Forest,0.334,0.17943050661244975,0.0038465637405069733
Random Forest,0.335,0.17938216202554086,0.003831101146610746
Random Forest,0.336,0.1793943605361082,0.003876338159689557
Random Forest,0.337,0.17940602538110068,0.003965475122095407
Random Forest,0.338,0.17926999683017866,0.003814390882089453
Random Forest,0.339,0.17905549951095961,0.003853987030665575
Random Forest,0.34,0.17891068713872965,0.0038861374965491434
Random Forest,0.341,0.17890544601066058,0.0038890459138359265
Random Forest,0.342,0.17898892383681403,0.003919318036032018
Random Forest,0.343,0.17880376615960178,0.0040711531077602175
Random Forest,0.34400000000000003,0.17885904077183334,0.004074070141636111
Random Forest,0.34500000000000003,0.17892693575873386,0.004108765117220828
Random Forest,0.34600000000000003,0.1789701079036945,0.004112685311257022
Random Forest,0.34700000000000003,0.1790116929737992,0.004107257462396981
Random Forest,0.34800000000000003,0.1789020506666193,0.004064165184221548
Random Forest,0.34900000000000003,0.17874478559448195,0.004091884406485378
Random Forest,0.35000000000000003,0.17868967370246788,0.0041357495044333364
Random Forest,0.35100000000000003,0.17873349691568646,0.004109182626205327
Random Forest,0.352,0.1786857417431237,0.004017624642035657
Random Forest,0.353,0.17863170145181284,0.0038409842522126847
Random Forest,0.354,0.1785574051929381,0.003738436556928304
Random Forest,0.355,0.17836143713571667,0.0038013393323689908
Random Forest,0.356,0.17821432967949652,0.003896021686527458
Random Forest,0.357,0.1781562781446937,0.0038785283009669246
Random Forest,0.358,0.17814887378440253,0.003782334226790892
Random Forest,0.359,0.1778865924012803,0.0036998662185383662
Random Forest,0.36,0.17777898935038383,0.00397367649818298
Random Forest,0.361,0.17788127154113315,0.00394869079069809
Random Forest,0.362,0.17765633492888133,0.003874267269854424
Random Forest,0.363,0.17753638752183837,0.0038502524465557344
Random Forest,0.364,0.17740088603730658,0.0036576336973046983
Random Forest,0.365,0.17733116079559577,0.0035530549483385253
Random Forest,0.366,0.17728629953161631,0.0035555903556346445
Random Forest,0.367,0.17733541367457833,0.0036656310821154637
Random Forest,0.368,0.17732729440018005,0.00363682649527617
Random Forest,0.369,0.17729316830645284,0.0036419507662088135
Random Forest,0.37,0.17717201474344188,0.0037866869066472113
Random Forest,0.371,0.1771780062846537,0.0037969315302092263
Random Forest,0.372,0.1772010764810386,0.0037645951711173554
Random Forest,0.373,0.17720146444959173,0.0035404722054737164
Random Forest,0.374,0.17729391080103393,0.003609447413033234
Random Forest,0.375,0.17732015616134306,0.0037155065519520764
Random Forest,0.376,0.17720871479109748,0.0037397836036684247
Random Forest,0.377,0.17710765422970795,0.003847550520411261
Random Forest,0.378,0.17697289902988567,0.003895388325442574
Random Forest,0.379,0.17700141845371428,0.003880052230267122
Random Forest,0.38,0.1770549698885585,0.003772354055164613
Random Forest,0.381,0.17696616192999307,0.0037585640859458536
Random Forest,0.382,0.17692297879248067,0.0037698677460921443
Random Forest,0.383,0.1769219389270576,0.0038173896453649356
Random Forest,0.384,0.17690911796545877,0.0038920201272647638
Random Forest,0.385,0.17691317741107335,0.003962824103229192
Random Forest,0.386,0.17686889514915655,0.004153413318587888
Random Forest,0.387,0.1766708938660358,0.004282205331908174
Random Forest,0.388,0.17661389415911893,0.004492330967416424
Random Forest,0.389,0.17645428784307748,0.00459526397481533
Random Forest,0.39,0.17643801321535094,0.004554188150990403
Random Forest,0.391,0.17645443825854673,0.004464405555886397
Random Forest,0.392,0.1764609923112171,0.0043756933149368465
Random Forest,0.393,0.17639219241017182,0.0042814175710086805
Random Forest,0.394,0.17646803079970022,0.004357626573031527
Random Forest,0.395,0.17647401413921934,0.004361104045054359
Random Forest,0.396,0.1764544272178619,0.004303073110818057
Random Forest,0.397,0.17646626501907153,0.004271728605136206
Random Forest,0.398,0.17652677231989436,0.004267837597832764
Random Forest,0.399,0.1765899296032083,0.004278068406816301
Random Forest,0.4,0.17651111337086167,0.004304659530117043
Random Forest,0.401,0.17629018532842414,0.00435401551606554
Random Forest,0.402,0.1761125567429065,0.004312241828498734
Random Forest,0.403,0.1761029173572715,0.00428024042812422
Random Forest,0.404,0.17609955690090176,0.004166335228881654
Random Forest,0.405,0.1758582455686492,0.004001455161737301
Random Forest,0.406,0.17570766669993523,0.00398052244888141
Random Forest,0.40700000000000003,0.17558969726841123,0.003934220529169841
Random Forest,0.40800000000000003,0.17559062934886438,0.003912851674362618
Random Forest,0.40900000000000003,0.17558834520338285,0.003994919038942255
Random Forest,0.41000000000000003,0.17556819869843182,0.003989362184598306
Random Forest,0.41100000000000003,0.1754661491079709,0.003701116669063497
Random Forest,0.41200000000000003,0.17537093616424063,0.0036683167784780433
Random Forest,0.41300000000000003,0.17509137407407427,0.0036391330051470925
Random Forest,0.41400000000000003,0.17509323442632593,0.0036179568381591518
Random Forest,0.41500000000000004,0.1752226746896666,0.003656955233850809
Random Forest,0.41600000000000004,0.17536965012629427,0.003654615653901181
Random Forest,0.417,0.1755213306296543,0.0036939966981511976
Random Forest,0.418,0.17550680202240673,0.003778649312260977
Random Forest,0.419,0.17548867332379997,0.0037214062298281518
Random Forest,0.42,0.17548427521436577,0.0036864235883596707
Random Forest,0.421,0.17550265758815145,0.0036270502272790404
Random Forest,0.422,0.1754121399079597,0.0034681123759379186
Random Forest,0.423,0.17537221177649828,0.003387352918918621
Random Forest,0.424,0.1752498916706854,0.003356215684246393
Random Forest,0.425,0.17504076175301214,0.0034244341202160585
Random Forest,0.426,0.1749771245748313,0.0036793240031718936
Random Forest,0.427,0.17502124028795868,0.0036591545923545733
Random Forest,0.428,0.1748656004068027,0.003382846591227777
Random Forest,0.429,0.1748180879534214,0.003418958745738498
Random Forest,0.43,0.1747152377131615,0.0033876468593347637
Random Forest,0.431,0.17476030920311597,0.0033515500061157954
Random Forest,0.432,0.17479815601003384,0.0032308837861611726
Random Forest,0.433,0.17465163456655822,0.003229322368304074
Random Forest,0.434,0.17445477303527995,0.003123989246069672
Random Forest,0.435,0.1744726989532455,0.003057832858936159
Random Forest,0.436,0.17454499061243445,0.0029763818660078598
Random Forest,0.437,0.17463766245554121,0.002925355168892333
Random Forest,0.438,0.1746846767936983,0.0028767664641146606
Random Forest,0.439,0.17482343578420884,0.002790831732463862
Random Forest,0.44,0.17479217066590216,0.002596463607228907
Random Forest,0.441,0.17472866023527514,0.0025319944121489552
Random Forest,0.442,0.1745517823046266,0.0026389514295143686
Random Forest,0.443,0.17447362221536797,0.0026559200312927986
Random Forest,0.444,0.17448512126571997,0.0027357255951522266
Random Forest,0.445,0.1745189629156818,0.0027256506007471595
Random Forest,0.446,0.17442549095876742,0.002759878779489452
Random Forest,0.447,0.17439274836745436,0.0027803489685533176
Random Forest,0.448,0.1742862011400393,0.0025502150095116235
Random Forest,0.449,0.1743168136605912,0.0025369375385619996
Random Forest,0.45,0.17441227185794986,0.0024968512441971495
Random Forest,0.451,0.17451655220386378,0.0024345284621030685
Random Forest,0.452,0.17465590255782595,0.0024312880375569786
Random Forest,0.453,0.1747445462005161,0.002429009238546661
Random Forest,0.454,0.1747561890973927,0.0025064202887068406
Random Forest,0.455,0.17477543285802927,0.002527210686709649
Random Forest,0.456,0.1748547904009269,0.0025745036065482336
Random Forest,0.457,0.1748590413452411,0.0026377000777773546
Random Forest,0.458,0.1747984207637778,0.002688868787258956
Random Forest,0.459,0.17483589289168472,0.0026957054054274642
Random Forest,0.46,0.17470203653663,0.002534160509232585
Random Forest,0.461,0.17466636580837908,0.0024208786690289564
Random Forest,0.462,0.1746240664830403,0.002435286253001401
Random Forest,0.463,0.17454171491111373,0.0023604342650159938
Random Forest,0.464,0.1745517977145104,0.00226308565253516
Random Forest,0.465,0.174368225421191,0.0022366409635236344
Random Forest,0.466,0.17411104300831165,0.002182407399030827
Random Forest,0.467,0.17389779939857783,0.0022344099679098193
Random Forest,0.468,0.17392587297008547,0.0022411671563462255
Random Forest,0.46900000000000003,0.1739556267619355,0.0023067318230146914
Random Forest,0.47000000000000003,0.17398233753427728,0.0023057176155995207
Random Forest,0.47100000000000003,0.17385002277440004,0.002040014203835661
Random Forest,0.47200000000000003,0.173772657514317,0.0019365909563585373
Random Forest,0.47300000000000003,0.1737203292608204,0.0018633919080144098
Random Forest,0.47400000000000003,0.17371902365950195,0.0018061228450919438
Random Forest,0.47500000000000003,0.17370458124147764,0.0017111921886890777
Random Forest,0.47600000000000003,0.17365990983305146,0.0015548075999173912
Random Forest,0.47700000000000004,0.17370764478052977,0.001478994390325853
Random Forest,0.47800000000000004,0.17375981827703282,0.0013910324661928913
Random Forest,0.47900000000000004,0.17369114045543188,0.0015065841737868088
Random Forest,0.48,0.17368090125349162,0.0014799343087913226
Random Forest,0.481,0.17367722286271078,0.0014320738584362946
Random Forest,0.482,0.17358790375492109,0.0014122083430612524
Random Forest,0.483,0.17345996967245741,0.0014085094409718895
Random Forest,0.484,0.17344596392405387,0.0013767469815710695
Random Forest,0.485,0.17350656334172482,0.0013415038005147545
Random Forest,0.486,0.17361706438958507,0.0013684938877184616
Random Forest,0.487,0.17361277081098314,0.001500394952998005
Random Forest,0.488,0.1736228326984886,0.0015602087248923983
Random Forest,0.489,0.17356112289463652,0.001729378300204737
Random Forest,0.49,0.17357535679984198,0.0016237868675722162
Random Forest,0.491,0.1736270133297392,0.0016162231588929346
Random Forest,0.492,0.1736128513449438,0.0015431363621783625
Random Forest,0.493,0.1736424370349287,0.0015130019096257729
Random Forest,0.494,0.17363235226325155,0.0014946248816561333
Random Forest,0.495,0.17365197540697794,0.0015817131094368194
Random Forest,0.496,0.1736222934789177,0.0016098709644998975
Random Forest,0.497,0.1736066348461899,0.0015451897166669413
Random Forest,0.498,0.17359043783974437,0.001427795509354429
Random Forest,0.499,0.17369253285385594,0.0014050974203332896
Random Forest,0.5,0.173741413708881,0.0014067258349955872
Random Forest,0.501,0.17380885056141995,0.0013887252069796489
Random Forest,0.502,0.17377904694380972,0.0014657826845149028
Random Forest,0.503,0.17377543592943262,0.0014984178129048018
Random Forest,0.504,0.1737633975342766,0.0014100225401618566
Random Forest,0.505,0.17378586362089976,0.001473751306634505
Random Forest,0.506,0.17386044109473725,0.0014013002883396634
Random Forest,0.507,0.17382101806325034,0.0014082883022944724
Random Forest,0.508,0.1738642842346732,0.001337241007107727
Random Forest,0.509,0.1738733487255371,0.0012843931899676503
Random Forest,0.51,0.1738295414643789,0.0012333447073896637
Random Forest,0.511,0.1737829285696397,0.0013264711327717756
Random Forest,0.512,0.1737097222038188,0.0013742389890878351
Random Forest,0.513,0.1736891035054508,0.001289299638139823
Random Forest,0.514,0.17363984283830078,0.0011740124317600384
Random Forest,0.515,0.17356242924380577,0.0011962435689485298
Random Forest,0.516,0.1733806569710933,0.0012585773971891172
Random Forest,0.517,0.17334790103520098,0.0012534237019755795
Random Forest,0.518,0.17338552662464055,0.0012176012888156142
Random Forest,0.519,0.17351688381282543,0.001183286652079013
Random Forest,0.52,0.1735785529268985,0.0011710779510820423
Random Forest,0.521,0.17355537010245167,0.0012147467369285723
Random Forest,0.522,0.17353424760095065,0.0011729545809212381
Random Forest,0.523,0.17353789742871312,0.0012303869221491574
Random Forest,0.524,0.1736138333051193,0.001187483433884037
Random Forest,0.525,0.1735687904227743,0.0011282285537786503
Random Forest,0.526,0.17357800282398778,0.0012447999383987756
Random Forest,0.527,0.17363063477291393,0.0012485910905284388
Random Forest,0.528,0.1736900292727277,0.0012018691787850767
Random Forest,0.529,0.17374152420795821,0.0012272830584140744
Random Forest,0.53,0.17377286416126086,0.0012433681153445346
Random Forest,0.531,0.1737525535249961,0.0011818545178882709
Random Forest,0.532,0.17380350857251486,0.0011436718391686592
Random Forest,0.533,0.1738227650601613,0.0011448625506313853
Random Forest,0.534,0.17387785762951657,0.0011886819736630135
Random Forest,0.535,0.1736754910822756,0.0014402634172043397
Random Forest,0.536,0.17369753516157369,0.0014829748351285
Random Forest,0.537,0.17378729706651228,0.001517797465165933
Random Forest,0.538,0.17383734108311014,0.0014795367611455197
Random Forest,0.539,0.17368640774969193,0.001578237873911406
Random Forest,0.54,0.17372719209037799,0.0015719414735920066
Random Forest,0.541,0.1737906973442105,0.0015635515417879225
Random Forest,0.542,0.1738286597395295,0.0015695963424117035
Random Forest,0.543,0.1738303313726238,0.0015616461538649224
Random Forest,0.544,0.1738135883715097,0.0015185625226176336
Random Forest,0.545,0.1738574830569482,0.00146487339482654
Random Forest,0.546,0.1738913100204852,0.001444875367929447
Random Forest,0.547,0.17395255443554952,0.0014289275934357966
Random Forest,0.548,0.17402488168608252,0.0014000108801845276
Random Forest,0.549,0.1740986482227727,0.0013795339774142431
Random Forest,0.55,0.174152293414978,0.0013845899391184999
Random Forest,0.551,0.17417660478538374,0.0014463384674478633
Random Forest,0.552,0.17417579569298405,0.0014216212724812009
Random Forest,0.553,0.17403097966470868,0.0014536143881984827
Random Forest,0.554,0.17391713464474395,0.0013362873224916168
Random Forest,0.555,0.17375799867480382,0.001303264723731659
Random Forest,0.556,0.1738277935305299,0.0012497594001344475
Random Forest,0.557,0.17393570833734132,0.001271296945789749
Random Forest,0.558,0.17399610669308532,0.00124472573264279
Random Forest,0.559,0.17385577748857153,0.0012337962372743856
Random Forest,0.56,0.17379447828558672,0.0013106544959991698
Random Forest,0.561,0.17361433215606828,0.0014741028999462654
Random Forest,0.562,0.1733689119554686,0.001701502184464954
Random Forest,0.5630000000000001,0.17341524587083706,0.0016280461439749441
Random Forest,0.5640000000000001,0.17351533465625774,0.0016950075590912632
Random Forest,0.5650000000000001,0.17346412012289072,0.0017312757330692342
Random Forest,0.5660000000000001,0.173241661018628,0.001768720861910534
Random Forest,0.5670000000000001,0.17326869367883185,0.0018201845143435737
Random Forest,0.5680000000000001,0.17339938193294852,0.0017889098027496098
Random Forest,0.5690000000000001,0.17349200986071128,0.0017889506000421014
Random Forest,0.5700000000000001,0.17336284002203425,0.0016011517475411179
Random Forest,0.5710000000000001,0.17314840406185644,0.0014590676562370268
Random Forest,0.5720000000000001,0.17305200747051677,0.0014580015033618901
Random Forest,0.5730000000000001,0.17293371795555387,0.0015120720600216974
Random Forest,0.5740000000000001,0.17284676774975277,0.00162480972497145
Random Forest,0.5750000000000001,0.17275095902403625,0.0015447092894143686
Random Forest,0.5760000000000001,0.1727235810487558,0.0015988818693350368
Random Forest,0.577,0.17257262236895934,0.0017204104394861733
Random Forest,0.578,0.17240125646103716,0.002003445662899929
Random Forest,0.579,0.17238852450562964,0.0020794589717171995
Random Forest,0.58,0.17228707410801994,0.002110070110787508
Random Forest,0.581,0.17235296342966538,0.0020634400258424646
Random Forest,0.582,0.17227849726770827,0.0020085064249535816
Random Forest,0.583,0.17223913681923322,0.002045446575371187
Random Forest,0.584,0.17215426052742638,0.002012336166192148
Random Forest,0.585,0.17209129129177297,0.0020447776194846045
Random Forest,0.586,0.17199123790079163,0.0021239285771087403
Random Forest,0.587,0.1717443378414327,0.001979532580195941
Random Forest,0.588,0.1714538406843418,0.0017134746646000434
Random Forest,0.589,0.171325088987419,0.0015478925181718485
Random Forest,0.59,0.17128832469129124,0.001558162113252464
Random Forest,0.591,0.1712123838926511,0.0015461481077686198
Random Forest,0.592,0.17122439110646964,0.0014876763988420515
Random Forest,0.593,0.17124093768125462,0.0014267618129413693
Random Forest,0.594,0.17124457560427306,0.0013700067401235547
Random Forest,0.595,0.17120616289209012,0.0012590904848387805
Random Forest,0.596,0.171265486503682,0.0012331621821721186
Random Forest,0.597,0.17123996510323014,0.0012078232961087218
Random Forest,0.598,0.17117442894669493,0.0011040237822852507
Random Forest,0.599,0.17107391252674603,0.0011349643208861933
Random Forest,0.6,0.17100660745126622,0.0012057458870320438
Random Forest,0.601,0.17094818619622626,0.0013435051453813149
Random Forest,0.602,0.17092519850652682,0.001423472842785614
Random Forest,0.603,0.17090150955065506,0.0015370487245895607
Random Forest,0.604,0.17085736281566385,0.0016157670545830249
Random Forest,0.605,0.17072583905766306,0.0017000611036308284
Random Forest,0.606,0.17071812087748658,0.0018085098474616497
Random Forest,0.607,0.17076197565686435,0.001841390077180004
Random Forest,0.608,0.170713988797126,0.0017623647956856957
Random Forest,0.609,0.17074554469395373,0.0017457922461204427
Random Forest,0.61,0.170819995490515,0.0017740376972475661
Random Forest,0.611,0.17075563730624613,0.0018504960159278444
Random Forest,0.612,0.1706365062555907,0.0017918394629568703
Random Forest,0.613,0.17062865346211675,0.001752710654625197
Random Forest,0.614,0.17059615703764147,0.0017420783676321782
Random Forest,0.615,0.17052750398118507,0.0017395807825092992
Random Forest,0.616,0.1705129526853133,0.0017884039360917974
Random Forest,0.617,0.17055446639873328,0.0018366636232774365
Random Forest,0.618,0.17036569158568723,0.0018333926362112112
Random Forest,0.619,0.1702486324263841,0.0018525400844137375
Random Forest,0.62,0.1701323113488094,0.0017947324689371364
Random Forest,0.621,0.17003166406346779,0.0018916341441868815
Random Forest,0.622,0.16978332369488672,0.0019773404394196124
Random Forest,0.623,0.16968746937020712,0.002038059006280231
Random Forest,0.624,0.16964713169975906,0.002090733687392133
Random Forest,0.625,0.1696224588215785,0.002117331856442725
Random Forest,0.626,0.16960839068652586,0.0021434107544076324
Random Forest,0.627,0.16962308718833533,0.002124319426813296
Random Forest,0.628,0.16950085691011857,0.002107957193816973
Random Forest,0.629,0.1694401025524054,0.0022368107830617106
Random Forest,0.63,0.1693155204732329,0.002113030978952136
Random Forest,0.631,0.16916895538930604,0.0021119639449510333
Random Forest,0.632,0.1690216640631493,0.002101424660642628
Random Forest,0.633,0.16906625045492746,0.002079734651785966
Random Forest,0.634,0.16906309713241824,0.002060770498791949
Random Forest,0.635,0.16900836551227444,0.0019593283591464515
Random Forest,0.636,0.169063376620677,0.0019557339014714663
Random Forest,0.637,0.16902816276538057,0.0019957955664038035
Random Forest,0.638,0.168910375279567,0.001996950814074144
Random Forest,0.639,0.16878766004827914,0.0018867964045074675
Random Forest,0.64,0.16877890782833732,0.0018007735281616753
Random Forest,0.641,0.16867681663224568,0.0017777367912210176
Random Forest,0.642,0.16865620147820864,0.001747706032135668
Random Forest,0.643,0.16857221911979467,0.0018301825823084689
Random Forest,0.644,0.16842006160221162,0.0017873342254222737
Random Forest,0.645,0.16825616151904577,0.0018062592808364688
Random Forest,0.646,0.16821545080622927,0.0017301805015588615
Random Forest,0.647,0.1681961148734729,0.0015986792761742354
Random Forest,0.648,0.16811160105538653,0.0015855322829538556
Random Forest,0.649,0.1679948886359494,0.0015646202436584236
Random Forest,0.65,0.1679244710844648,0.0015620225589091092
Random Forest,0.651,0.16791110617363877,0.001620898714399358
Random Forest,0.652,0.16776009075300302,0.0014988006627310686
Random Forest,0.653,0.16772806475816043,0.0014032678564135832
Random Forest,0.654,0.16770510881387599,0.00134132786175725
Random Forest,0.655,0.1676314217580392,0.0013791334481336238
Random Forest,0.656,0.1676198288908884,0.0014407164236673784
Random Forest,0.657,0.16756701062872734,0.001466252102307451
Random Forest,0.658,0.16741531783689945,0.0013813753974646122
Random Forest,0.659,0.1674018522967275,0.0014519783990488058
Random Forest,0.66,0.16736597334749503,0.001459921348531861
Random Forest,0.661,0.16734210166574398,0.0013863090243945895
Random Forest,0.662,0.167155431010986,0.0013368040802443568
Random Forest,0.663,0.16690425033861964,0.0014170061544299434
Random Forest,0.664,0.16687485402630906,0.0014875148470512374
Random Forest,0.665,0.16683155094359065,0.0014884694745384913
Random Forest,0.666,0.1668118150433361,0.0015069042411718562
Random Forest,0.667,0.16680882147108234,0.0015451017287679664
Random Forest,0.668,0.16673942274611409,0.0015597501663958393
Random Forest,0.669,0.16671115126443728,0.0015655608814028462
Random Forest,0.67,0.1665929018843594,0.0015918128909194705
Random Forest,0.671,0.16657146443658705,0.0015811155520735953
Random Forest,0.672,0.1664714537393311,0.001505305809303955
Random Forest,0.673,0.16642616428164198,0.0014701857797413814
Random Forest,0.674,0.1662876360451187,0.001412173840404765
Random Forest,0.675,0.1661382268715205,0.001427428624893802
Random Forest,0.676,0.16611593918365092,0.0013521271056095624
Random Forest,0.677,0.16603574335420884,0.0013063739825119368
Random Forest,0.678,0.16591067392204578,0.0012977196293924315
Random Forest,0.679,0.16575398942572322,0.001436253116219845
Random Forest,0.68,0.1656558433513315,0.0015325996440507961
Random Forest,0.681,0.1656285671886222,0.0016337489806087673
Random Forest,0.682,0.1655851986054136,0.001682765978219886
Random Forest,0.683,0.16548133464971387,0.001725299447718156
Random Forest,0.684,0.16535191031281213,0.0017830487495734623
Random Forest,0.685,0.16530036501186404,0.001760088084451964
Random Forest,0.686,0.16520251943796316,0.0017302114609035542
Random Forest,0.687,0.16511218511647818,0.001809545871009076
Random Forest,0.6880000000000001,0.16507288223939448,0.0017639315149856713
Random Forest,0.6890000000000001,0.16507139714408908,0.0017134195191396788
Random Forest,0.6900000000000001,0.16499350608898766,0.0015689682529733764
Random Forest,0.6910000000000001,0.16496665743711955,0.0015183229557906002
Random Forest,0.6920000000000001,0.1649103559466975,0.001475833203511498
Random Forest,0.6930000000000001,0.16491592337179356,0.001452946397044482
Random Forest,0.6940000000000001,0.16488615484260952,0.0014403317586887455
Random Forest,0.6950000000000001,0.16480735339184255,0.00134474197255652
Random Forest,0.6960000000000001,0.1647026264789156,0.0013131154000187411
Random Forest,0.6970000000000001,0.1645975077481458,0.0013545980796594054
Random Forest,0.6980000000000001,0.16450079166463438,0.0013949853294124165
Random Forest,0.6990000000000001,0.16428697013648924,0.0013883168194333247
Random Forest,0.7000000000000001,0.16410365765616894,0.001389854049230544
Random Forest,0.7010000000000001,0.16402218458877538,0.0013970452694858464
Random Forest,0.7020000000000001,0.16398074090843812,0.0014002730330215237
Random Forest,0.7030000000000001,0.16401043972345514,0.0013896444894085725
Random Forest,0.704,0.16393288341230622,0.0013203443409305583
Random Forest,0.705,0.16378363996077144,0.0012113061550912102
Random Forest,0.706,0.16347044585135628,0.001151235091403766
Random Forest,0.707,0.1632359090670419,0.001286804075433163
Random Forest,0.708,0.1630985060447658,0.001274357764037877
Random Forest,0.709,0.16267756903368955,0.001075147368174067
Random Forest,0.71,0.1623689284933238,0.0011709822303895003
Random Forest,0.711,0.16224552798866834,0.001088753525429952
Random Forest,0.712,0.16214269020467614,0.0010747137074435384
Random Forest,0.713,0.1619002872625893,0.0011006285301930836
Random Forest,0.714,0.16175479658220068,0.0010508390423504415
Random Forest,0.715,0.16163480195572116,0.0010719250922842326
Random Forest,0.716,0.1615648129807956,0.001074525274202046
Random Forest,0.717,0.16150554930324484,0.0010696834611954704
Random Forest,0.718,0.16146175115193184,0.0010309810076670083
Random Forest,0.719,0.16138160601074608,0.001015452690289031
Random Forest,0.72,0.16129007301865908,0.0010433423825252394
Random Forest,0.721,0.16115379766428084,0.0010054434497409528
Random Forest,0.722,0.16099753196516425,0.0009838829931192
Random Forest,0.723,0.1609026658603407,0.000941808492211005
Random Forest,0.724,0.16083423722841345,0.0009047046486935764
Random Forest,0.725,0.16068075986524566,0.0009526996344190003
Random Forest,0.726,0.1604315440555887,0.0010199629049342006
Random Forest,0.727,0.16026173386961773,0.0010016194886924578
Random Forest,0.728,0.16008524422971399,0.0008729509450797957
Random Forest,0.729,0.15994667185121775,0.0008553210695184595
Random Forest,0.73,0.159704282479,0.0010411258026059758
Random Forest,0.731,0.1596029427393964,0.0010804938381661073
Random Forest,0.732,0.15943699179222068,0.0011250116090410472
Random Forest,0.733,0.15933745339097619,0.0011627119572199726
Random Forest,0.734,0.1592549860134494,0.0011429092110152343
Random Forest,0.735,0.1591077138292965,0.0011597830487419059
Random Forest,0.736,0.15888078567600056,0.0010671082186377249
Random Forest,0.737,0.1586973518991989,0.0010650863219459257
Random Forest,0.738,0.15856167911995953,0.0010872300404832396
Random Forest,0.739,0.15841187915135407,0.0010584017691621175
Random Forest,0.74,0.15831992298841388,0.0010775757955501892
Random Forest,0.741,0.15826958384707968,0.0010564458765714257
Random Forest,0.742,0.1581417705655101,0.0011601928997399997
Random Forest,0.743,0.15801235096637017,0.001090067800297349
Random Forest,0.744,0.15790399707947994,0.0011701365688915968
Random Forest,0.745,0.1577831799721268,0.0012061017606192002
Random Forest,0.746,0.1576473837628281,0.0011870478647250985
Random Forest,0.747,0.15745493113330053,0.0011325181517873035
Random Forest,0.748,0.15724180577681315,0.0011620820813814056
Random Forest,0.749,0.15704211019778955,0.0011802543154715215
Random Forest,0.75,0.156823739604741,0.0012005808476044497
Random Forest,0.751,0.15653978615787592,0.0010804593029247957
Random Forest,0.752,0.15634039729829166,0.0009856109249393606
Random Forest,0.753,0.1561778947133999,0.0009798760840071434
Random Forest,0.754,0.1560155973700175,0.0009219659173053994
Random Forest,0.755,0.15582951345691684,0.0008812347628569306
Random Forest,0.756,0.15565335833898325,0.0008542606275590387
Random Forest,0.757,0.15555914992910005,0.0008622792230864527
Random Forest,0.758,0.1554656721023197,0.0008486083063330872
Random Forest,0.759,0.15533760037774802,0.0008106394995727784
Random Forest,0.76,0.1552398065356813,0.0008232253993237178
Random Forest,0.761,0.15508843075215317,0.0008753607768503452
Random Forest,0.762,0.1548902886396416,0.0009128339216774629
Random Forest,0.763,0.1545654509496364,0.0009312677719901174
Random Forest,0.764,0.15446981290227732,0.0008287814572274029
Random Forest,0.765,0.15441111624005843,0.0007383568102416354
Random Forest,0.766,0.15437992690190971,0.0007810211389228013
Random Forest,0.767,0.15435295995259538,0.0008162311282614488
Random Forest,0.768,0.15424496275175414,0.0009478243598413139
Random Forest,0.769,0.15413684852183285,0.0009164203154074991
Random Forest,0.77,0.15406800109016883,0.0008503212493041276
Random Forest,0.771,0.15405724392541267,0.0008499755988190323
Random Forest,0.772,0.15401947055028523,0.0008783797193424492
Random Forest,0.773,0.1539980342890537,0.0009304326227137867
Random Forest,0.774,0.1540113361985354,0.0010032746617846117
Random Forest,0.775,0.15394432674292177,0.0010662457206728378
Random Forest,0.776,0.15385647693823792,0.0010950365966646454
Random Forest,0.777,0.15371747282209003,0.0011212376274231575
Random Forest,0.778,0.1535735897503215,0.0010934234399828761
Random Forest,0.779,0.15341789353713814,0.0011093557945289479
Random Forest,0.78,0.15327479274444453,0.0011636071470765507
Random Forest,0.781,0.1531587586585617,0.0011483579734004373
Random Forest,0.782,0.153081360608845,0.0010922914096470394
Random Forest,0.783,0.153014531882438,0.0010339377343595811
Random Forest,0.784,0.15298203691726453,0.0009561209838257901
Random Forest,0.785,0.1529194140714029,0.0009558624215951873
Random Forest,0.786,0.1529076368949997,0.0009368194069007189
Random Forest,0.787,0.15280923033666083,0.0008985748688583727
Random Forest,0.788,0.15274060922988525,0.000769193213443436
Random Forest,0.789,0.15271159941507903,0.0007463558307546251
Random Forest,0.79,0.1526492164547904,0.0007011489577891751
Random Forest,0.791,0.15255310985662365,0.0007532432884441163
Random Forest,0.792,0.1523548066939207,0.000837304755180453
Random Forest,0.793,0.15222001856148148,0.0008781534528088848
Random Forest,0.794,0.15211095548489967,0.00092779237769343
Random Forest,0.795,0.15198846793830054,0.0009334108514272464
Random Forest,0.796,0.1519084505218508,0.0008443994440146895
Random Forest,0.797,0.15171623373015858,0.0007537384457637377
Random Forest,0.798,0.15160422474993573,0.0007248922732050346
Random Forest,0.799,0.15158506971568303,0.00071621759375232
Random Forest,0.8,0.15150252394741368,0.0008331714107193773
Random Forest,0.801,0.15137302895791055,0.000729552622654299
Random Forest,0.802,0.15124557001683153,0.0007434168461160609
Random Forest,0.803,0.15111535288906772,0.0007800326483958937
Random Forest,0.804,0.15089063695313443,0.000853890336409981
Random Forest,0.805,0.15061652255675617,0.0009417156030711348
Random Forest,0.806,0.15043863058259896,0.000853265605194306
Random Forest,0.807,0.1503232529364484,0.0007989902976811233
Random Forest,0.808,0.15013179958502615,0.0007179345569604148
Random Forest,0.809,0.14993467228652832,0.0007475248012324638
Random Forest,0.81,0.14985549691492514,0.0006727310288137788
Random Forest,0.811,0.14967815848195132,0.0005606938719741178
Random Forest,0.812,0.14958589788117932,0.000583115555281874
Random Forest,0.8130000000000001,0.1495183022369953,0.0006819226301691516
Random Forest,0.8140000000000001,0.14947592030514936,0.0007206813666556711
Random Forest,0.8150000000000001,0.14946740654456206,0.0007604982604820917
Random Forest,0.8160000000000001,0.14931385246010742,0.0007409090420416023
Random Forest,0.8170000000000001,0.14888140167017952,0.0008767377920439256
Random Forest,0.8180000000000001,0.14863588343458267,0.0009746635266843629
Random Forest,0.8190000000000001,0.14846850212515325,0.0009697663134884335
Random Forest,0.8200000000000001,0.14826996125555048,0.0010250048738385878
Random Forest,0.8210000000000001,0.14817279709923767,0.0011950798167471963
Random Forest,0.8220000000000001,0.14811987477377458,0.0012321844632472826
Random Forest,0.8230000000000001,0.1480399239385464,0.0012639712548200347
Random Forest,0.8240000000000001,0.14789826910927822,0.0013217924464366012
Random Forest,0.8250000000000001,0.14774627831716391,0.0013095377079008902
Random Forest,0.8260000000000001,0.14770523648978098,0.0012870012484327263
Random Forest,0.8270000000000001,0.1476695600131686,0.0012472118532903067
Random Forest,0.8280000000000001,0.14742318397711335,0.0010941037198884003
Random Forest,0.8290000000000001,0.14719006090678352,0.00111095000634393
Random Forest,0.8300000000000001,0.14698587931928242,0.0010411798864672238
Random Forest,0.8310000000000001,0.1467529785108526,0.0009814207979729206
Random Forest,0.8320000000000001,0.14670697777435024,0.000946328390323891
Random Forest,0.833,0.14644963933219704,0.0008409624135504056
Random Forest,0.834,0.146056639486618,0.0008753811363528457
Random Forest,0.835,0.14561587639436566,0.0010187630060373854
Random Forest,0.836,0.14516701974186902,0.0011574406942154278
Random Forest,0.837,0.1447904434140715,0.001005120818631389
Random Forest,0.838,0.14467024242697105,0.0010262331343944863
Random Forest,0.839,0.144449858250781,0.001092923041945558
Random Forest,0.84,0.1441407948455847,0.0011675635244842565
Random Forest,0.841,0.14388868946336716,0.0011635640904193412
Random Forest,0.842,0.14370857503783957,0.0011039828410399108
Random Forest,0.843,0.14337319608202698,0.001067636397395076
Random Forest,0.844,0.14307538735123942,0.0010512039771901857
Random Forest,0.845,0.1427993049636773,0.000977107371253807
Random Forest,0.846,0.14260476745901973,0.0008906423085583514
Random Forest,0.847,0.14247722632911822,0.0008373798422804815
Random Forest,0.848,0.14231107587865072,0.0008398698011899527
Random Forest,0.849,0.14210694906109814,0.0008199790318243819
Random Forest,0.85,0.141952473704406,0.000823481118594438
Random Forest,0.851,0.1417814550336929,0.0008680899539385956
Random Forest,0.852,0.14166716689451792,0.0009183608411439262
Random Forest,0.853,0.14157134159681223,0.0008987061134209823
Random Forest,0.854,0.1414372114606914,0.0007795426238995726
Random Forest,0.855,0.1411945130777948,0.0009281026057162663
Random Forest,0.856,0.14095401648498862,0.0009479886648012418
Random Forest,0.857,0.14064825151380803,0.0010546226705037143
Random Forest,0.858,0.1405125916267687,0.0010409676672674623
Random Forest,0.859,0.14016690520196823,0.0011405883249603914
Random Forest,0.86,0.1400046496079712,0.0011445082636495135
Random Forest,0.861,0.13958976287573577,0.0011482690949889747
Random Forest,0.862,0.13928602598390546,0.0011418013123101025
Random Forest,0.863,0.1389477745912415,0.0010902895582930487
Random Forest,0.864,0.13866519509452632,0.0009898881525970964
Random Forest,0.865,0.138246543621024,0.0010224366534858488
Random Forest,0.866,0.13805464309477622,0.0009543424616665871
Random Forest,0.867,0.13788423758582297,0.0008749543026090158
Random Forest,0.868,0.1376070052419267,0.0007735239034929689
Random Forest,0.869,0.1373522358962756,0.0006832716399217277
Random Forest,0.87,0.13707440281316963,0.0007327686126607005
Random Forest,0.871,0.1368237675523853,0.0006625054098036946
Random Forest,0.872,0.1365248431199849,0.0005666307440250379
Random Forest,0.873,0.13638107616928544,0.0005521366764087736
Random Forest,0.874,0.13619519302993327,0.0005655103583545901
Random Forest,0.875,0.13587125734138866,0.0004643443520140307
Random Forest,0.876,0.13560550232444607,0.000519765270316715
Random Forest,0.877,0.13528923901319495,0.0007795544302395564
Random Forest,0.878,0.13496065637996232,0.0009565181648007706
Random Forest,0.879,0.13470825059809502,0.0010129351950598612
Random Forest,0.88,0.13434668100612088,0.0011076562349961057
Random Forest,0.881,0.13394309613363387,0.0011615904787238716
Random Forest,0.882,0.1335383820488832,0.0013962728678574153
Random Forest,0.883,0.13326248612151453,0.0013776986150108939
Random Forest,0.884,0.1329285545335409,0.0014289225673300265
Random Forest,0.885,0.1325801572606775,0.0012618366277099729
Random Forest,0.886,0.13224597553939607,0.0011672158634898914
Random Forest,0.887,0.13182743034370853,0.001174521399799062
Random Forest,0.888,0.13161293697630388,0.0012918610218244054
Random Forest,0.889,0.13138761867125986,0.0013199656657976741
Random Forest,0.89,0.13119371197255875,0.0012540520146232825
Random Forest,0.891,0.13073777473182494,0.0012320012311096578
Random Forest,0.892,0.13038070028719004,0.0012226216299934234
Random Forest,0.893,0.1302036465507407,0.0011432635374413864
Random Forest,0.894,0.1297958703987614,0.0007448561376308077
Random Forest,0.895,0.1295832494220581,0.0007059216609690177
Random Forest,0.896,0.1293228051078076,0.0006957090715675324
Random Forest,0.897,0.12908816601924183,0.0006882549938370643
Random Forest,0.898,0.12888555373328697,0.0006867103781368863
Random Forest,0.899,0.12868335493224872,0.0006941650941316191
Random Forest,0.9,0.12844340747326893,0.0006969455107581921
Random Forest,0.901,0.12824453889726892,0.000689212772699938
Random Forest,0.902,0.12801168602241364,0.0006693011754788742
Random Forest,0.903,0.12776668829602486,0.0006454877075661077
Random Forest,0.904,0.12756655253229238,0.000623170690089382
Random Forest,0.905,0.12737271797287425,0.0006472249407925842
Random Forest,0.906,0.1269115325236054,0.0009268179246701529
Random Forest,0.907,0.12670246805507923,0.001004520906600596
Random Forest,0.908,0.12642817455181274,0.000977491762600651
Random Forest,0.909,0.1261067322782717,0.0009994960358499943
Random Forest,0.91,0.12586609355722517,0.0010450102111035304
Random Forest,0.911,0.1255615331834303,0.0011219106698930662
Random Forest,0.912,0.1253584925404247,0.0011940163695775762
Random Forest,0.913,0.1251957468362143,0.0012044310662387289
Random Forest,0.914,0.1249572243893079,0.0012394745135891247
Random Forest,0.915,0.12470701351761655,0.0012376260841200416
Random Forest,0.916,0.12430347202473735,0.0014701039157169317
Random Forest,0.917,0.12395662013542867,0.0013716503015750174
Random Forest,0.918,0.1237681224769334,0.0013924165401232051
Random Forest,0.919,0.12356086161659954,0.0012824934547034782
Random Forest,0.92,0.12320445058830283,0.0010346525643132396
Random Forest,0.921,0.12300983941326138,0.0011420854960739679
Random Forest,0.922,0.12259699557772434,0.0009064787808976445
Random Forest,0.923,0.1221790105288973,0.0007559876500288102
Random Forest,0.924,0.12192363705955958,0.0006384191754853014
Random Forest,0.925,0.12159622221343366,0.0007034069166851556
Random Forest,0.926,0.12120011558794017,0.0007158537144939012
Random Forest,0.927,0.12087699928665167,0.0007472787485338379
Random Forest,0.928,0.12045301478226747,0.0008167802502593491
Random Forest,0.929,0.11981572804382346,0.000722033714343272
Random Forest,0.93,0.11938383792068466,0.0006987775680685636
Random Forest,0.931,0.11892966975499475,0.0007915954518614301
Random Forest,0.932,0.11842280776299915,0.0011056968464561888
Random Forest,0.933,0.11752588230315449,0.0014459309941507574
Random Forest,0.934,0.11699387073563369,0.0014747324397315859
Random Forest,0.935,0.11655137632084615,0.0013699967334815737
Random Forest,0.936,0.11623429117268362,0.001221893423292883
Random Forest,0.937,0.11569109150824759,0.0012061456328168055
Random Forest,0.9380000000000001,0.11484699801031997,0.0015824968145486773
Random Forest,0.9390000000000001,0.11403293489739988,0.001975200241066586
Random Forest,0.9400000000000001,0.113202487630893,0.0016680684880171603
Random Forest,0.9410000000000001,0.11229431692399687,0.0014942270679151114
Random Forest,0.9420000000000001,0.11118100652592075,0.001210563844028569
Random Forest,0.9430000000000001,0.11028574233889492,0.0010681393741157979
Random Forest,0.9440000000000001,0.10936585193351545,0.0010798279267482812
Random Forest,0.9450000000000001,0.10808840881272422,0.0013352397163164838
Random Forest,0.9460000000000001,0.10742914798309862,0.0013596101441306747
Random Forest,0.9470000000000001,0.10686885053365358,0.001837480709227651
Random Forest,0.9480000000000001,0.10606062125099056,0.002205771531559259
Random Forest,0.9490000000000001,0.10563244961167509,0.002146840608649904
Random Forest,0.9500000000000001,0.10477937316049268,0.0018093197669927963
Random Forest,0.9510000000000001,0.1026713521118439,0.001466202588630582
Random Forest,0.9520000000000001,0.1014197692962479,0.0012634797387620393
Random Forest,0.9530000000000001,0.10011928431075698,0.001233447456959001
Random Forest,0.9540000000000001,0.09901855235568748,0.001365937274743302
Random Forest,0.9550000000000001,0.09825090047272016,0.001404017752855706
Random Forest,0.9560000000000001,0.09729544100146788,0.0019539880434256236
Random Forest,0.9570000000000001,0.09656267662531622,0.0018877707466794505
Random Forest,0.9580000000000001,0.09571689687946539,0.001929314550976764
Random Forest,0.9590000000000001,0.09484447748582579,0.0019106430398269838
Random Forest,0.96,0.09393651590777366,0.0014679679025312972
Random Forest,0.961,0.09316842051114034,0.0011218285367500414
Random Forest,0.962,0.09256117463000803,0.0009827978301708926
Random Forest,0.963,0.09202899641349749,0.001112550231983532
Random Forest,0.964,0.09146587708735229,0.001460833990342826
Random Forest,0.965,0.09068342251920296,0.0016035843979186441
Random Forest,0.966,0.08989326568319145,0.0018606600207564218
Random Forest,0.967,0.08881027436830266,0.002406131683881034
Random Forest,0.968,0.08631391612912763,0.0026853182716887612
Random Forest,0.969,0.083775730251366,0.0023817506051281336
Random Forest,0.97,0.08160675481260124,0.0017808544490311871
Random Forest,0.971,0.07967115542484642,0.0018449033563231233
Random Forest,0.972,0.07784427285153046,0.0025631914527223017
Random Forest,0.973,0.07581367432934592,0.0022804158770525313
Random Forest,0.974,0.07338051322443159,0.002898357158201004
Random Forest,0.975,0.07083537245372469,0.004635176134764862
Random Forest,0.976,0.06666373068498335,0.006405802801662294
Random Forest,0.977,0.06115085833417,0.006624282481329429
Random Forest,0.978,0.056896765254609294,0.0067382324528455426
Random Forest,0.979,0.05175221149837922,0.004741557694593118
Random Forest,0.98,0.04795616627382511,0.0013614546783457214
Random Forest,0.981,0.04727679896287447,0.0015139923429290198
Random Forest,0.982,0.04589458638035181,0.001308747945125742
Random Forest,0.983,0.04468816450199551,0.0014237635838711712
Random Forest,0.984,0.04353708329610717,0.0016951767892043165
Random Forest,0.985,0.04226149243991456,0.0018168309762400547
Random Forest,0.986,0.04088766981396309,0.0017690050314424126
Random Forest,0.987,0.03947665457883211,0.0016426475291965246
Random Forest,0.988,0.03806563934370111,0.0015162900269506366
Random Forest,0.989,0.03665462410857011,0.0013899325247047531
Random Forest,0.99,0.03524360887343911,0.0012635750224588656
Random Forest,0.991,0.033832593638308116,0.0011372175202129782
Random Forest,0.992,0.03242157840317711,0.0010108600179670935
Random Forest,0.993,0.031010563168046113,0.0008845025157212057
Random Forest,0.994,0.02959954793291512,0.0007581450134753183
Random Forest,0.995,0.028188532697784124,0.0006317875112294322
Random Forest,0.996,0.02677751746265313,0.0005054300089835463
Random Forest,0.997,0.025366502227522132,0.00037907250673765953
Random Forest,0.998,0.023955486992391126,0.00025271500449177325
Random Forest,0.999,0.022544471757260133,0.0001263575022458868
Random Forest,1.0,0.021133456522129137,3.657118196434064e-18
